Mwidth,h,snapshot,cell,t,center_index,relative_center_cells,A,A_over_h2,profile_relL2,correlation
628,0.02001014429038085,100,200,4.002028858076169,1385.2539291156559,71.00392911565586,4.1070826304974597e-05,0.1025729863579517,0.008089505166792731,0.9999672794177602
628,0.02001014429038085,101,202,4.0420491466569315,1387.47191676012,73.22191676011994,4.1070845489312864e-05,0.10257303427018148,0.003784318404000259,0.9999928394414721
628,0.02001014429038085,102,204,4.082069435237693,1389.6899075181468,75.43990751814681,4.107085219163229e-05,0.1025730510089954,0.0015278406728539888,0.9999988328507581
628,0.02001014429038085,103,206,4.122089723818455,1391.9078996402498,77.65789964024975,4.107085443320514e-05,0.10257305660724707,0.0014049695555838088,0.9999990130297871
628,0.02001014429038085,104,208,4.162110012399216,1394.1258922471554,79.87589224715543,4.107085569951468e-05,0.1025730597698119,0.0013803417028585643,0.9999990473279382
628,0.02001014429038085,105,210,4.202130300979978,1396.3438849067516,82.09388490675155,4.107085636243289e-05,0.10257306142542749,0.0013756221414793427,0.9999990538314143
628,0.02001014429038085,106,212,4.242150589560739,1398.5618776753306,84.3118776753306,4.107085609769384e-05,0.10257306076425075,0.0013745633140166541,0.9999990552874019
628,0.02001014429038085,107,214,4.2821708781415015,1400.7798705055259,86.52987050552588,4.1070856748437255e-05,0.1025730623894602,0.0013745471611426247,0.9999990553096048
628,0.02001014429038085,108,216,4.322191166722264,1402.9978632905427,88.74786329054268,4.107085592589407e-05,0.10257306033518669,0.0013745540142961487,0.9999990553001844
628,0.02001014429038085,109,218,4.362211455303025,1405.21585606462,90.96585606462008,4.107085609259566e-05,0.10257306075151823,0.0013745417285202014,0.9999990553170718
628,0.02001014429038085,110,220,4.402231743883787,1407.4338489044019,93.18384890440188,4.107085573141088e-05,0.10257305984947157,0.0013745505869580384,0.9999990553048954
628,0.02001014429038085,111,222,4.442252032464548,1409.6518416978756,95.40184169787562,4.107085767655402e-05,0.10257306470740016,0.0013745222635646603,0.9999990553438275
628,0.02001014429038085,112,224,4.48227232104531,1411.8698344990225,97.61983449902255,4.107085727092833e-05,0.10257306369436384,0.0013745310090322552,0.9999990553318062
628,0.02001014429038085,113,226,4.522292609626072,1414.087827301672,99.83782730167195,4.107085641894445e-05,0.10257306156656318,0.0013745341573396872,0.9999990553274785
628,0.02001014429038085,114,228,4.562312898206834,1416.305820089237,102.05582008923693,4.107085631148512e-05,0.10257306129818716,0.0013745390190799509,0.9999990553207964
628,0.02001014429038085,115,230,4.602333186787595,1418.5238128914598,104.27381289145978,4.1070855981208553e-05,0.10257306047333273,0.0013745398242570224,0.9999990553196894
628,0.02001014429038085,116,232,4.642353475368357,1420.7418056413783,106.49180564137828,4.10708572202779e-05,0.10257306356786611,0.0013745339338167811,0.9999990553277863
628,0.02001014429038085,117,234,4.682373763949118,1422.959798459885,108.70979845988495,4.1070857070227565e-05,0.10257306319312053,0.001374525974503622,0.9999990553387267
628,0.02001014429038085,118,236,4.72239405252988,1425.1777913195315,110.92779131953148,4.107085618974604e-05,0.10257306099414798,0.0013745392627745726,0.9999990553204614
628,0.02001014429038085,119,238,4.762414341110642,1427.3957841140984,113.14578411409843,4.107085620825487e-05,0.10257306104037314,0.0013745399284243595,0.9999990553195464
628,0.02001014429038085,120,240,4.802434629691404,1429.6137769291543,115.36377692915426,4.107085595220187e-05,0.10257306040088952,0.0013745469243627657,0.9999990553099297
628,0.02001014429038085,121,242,4.842454918272165,1431.8317696672837,117.58176966728365,4.1070856951243824e-05,0.1025730628959627,0.0013745330276771339,0.9999990553290315
628,0.02001014429038085,122,244,4.882475206852927,1434.0497624604131,119.79976246041315,4.1070856538274435e-05,0.10257306186458574,0.0013745390742035534,0.9999990553207201
628,0.02001014429038085,123,246,4.922495495433688,1436.267755286357,122.01775528635699,4.107085717966596e-05,0.10257306346643917,0.0013745407256369317,0.9999990553184507
628,0.02001014429038085,124,248,4.9625157840144505,1438.4857481156737,124.23574811567369,4.1070855896387514e-05,0.10257306026149508,0.0013745438636505354,0.9999990553141368
628,0.02001014429038085,125,250,5.002536072595212,1440.7037409095296,126.45374090952964,4.1070857497067796e-05,0.10257306425913942,0.0013745219498134396,0.9999990553442588
628,0.02001014429038085,126,252,5.042556361175974,1442.9217336805539,128.67173368055387,4.10708570177772e-05,0.10257306306212752,0.0013745322970769556,0.999999055330036
628,0.02001014429038085,127,254,5.082576649756735,1445.1397264365455,130.88972643654552,4.107085621452919e-05,0.10257306105604305,0.0013745392445058849,0.9999990553204865
628,0.02001014429038085,128,256,5.122596938337497,1447.3577192767184,133.1077192767184,4.107085648739151e-05,0.10257306173750738,0.0013745306836286972,0.9999990553322534
628,0.02001014429038085,129,258,5.162617226918259,1449.5757121554257,135.32571215542566,4.107085638133351e-05,0.10257306147263114,0.0013745296213420262,0.9999990553337138
628,0.02001014429038085,130,260,5.2026375154990205,1451.7937048829601,137.54370488296013,4.1070856822029713e-05,0.10257306257325487,0.0013745283674706534,0.9999990553354371
628,0.02001014429038085,131,262,5.242657804079783,1454.0116977012797,139.76169770127967,4.107085678939507e-05,0.10257306249175097,0.0013745391358082227,0.9999990553206359
628,0.02001014429038085,132,264,5.282678092660544,1456.2296904851837,141.9796904851837,4.107085543864206e-05,0.10257305911829144,0.0013745529104882317,0.9999990553017014
628,0.02001014429038085,133,266,5.322698381241306,1458.4476832857324,144.1976832857324,4.107085632678715e-05,0.10257306133640347,0.0013745315159143098,0.99999905533111
628,0.02001014429038085,134,268,5.362718669822067,1460.6656760973567,146.4156760973567,4.107085771312406e-05,0.10257306479873257,0.0013745251888798657,0.9999990553398063
628,0.02001014429038085,135,270,5.402738958402829,1462.8836688994422,148.63366889944223,4.107085692569621e-05,0.1025730628321584,0.001374541000350352,0.9999990553180732
628,0.02001014429038085,136,272,5.442759246983591,1465.1016616761342,150.8516616761342,4.1070856272115534e-05,0.10257306119986298,0.0013745296234931846,0.9999990553337107
628,0.02001014429038085,137,274,5.482779535564353,1467.3196544803377,153.0696544803377,4.107085632906198e-05,0.10257306134208478,0.0013745363988228387,0.9999990553243978
628,0.02001014429038085,138,276,5.522799824145114,1469.5376473030751,155.28764730307512,4.1070856707834195e-05,0.10257306228805546,0.0013745350655664866,0.9999990553262308
628,0.02001014429038085,139,278,5.562820112725876,1471.7556401158333,157.50564011583333,4.107085703192184e-05,0.10257306309745329,0.001374527005685702,0.9999990553373094
628,0.02001014429038085,140,280,5.602840401306637,1473.9736328909796,159.72363289097962,4.107085725087037e-05,0.10257306364426977,0.0013745279973343871,0.9999990553359461
628,0.02001014429038085,141,282,5.642860689887399,1476.1916257119672,161.94162571196716,4.10708567119668e-05,0.1025730622983765,0.0013745431345706307,0.9999990553151398
628,0.02001014429038085,142,284,5.682880978468161,1478.409618491365,164.1596184913651,4.1070855350522885e-05,0.1025730588982168,0.0013745496815347992,0.9999990553061403
628,0.02001014429038085,143,286,5.722901267048923,1480.6276113160748,166.37761131607476,4.1070856606784743e-05,0.1025730620356879,0.0013745309065085628,0.9999990553319474
628,0.02001014429038085,144,288,5.762921555629684,1482.8456040975177,168.5956040975177,4.1070856049678265e-05,0.1025730606443335,0.00137453770959394,0.9999990553225967
628,0.02001014429038085,145,290,5.802941844210446,1485.063596890267,170.81359689026704,4.1070856335013226e-05,0.10257306135694781,0.0013745440691223451,0.9999990553138546
628,0.02001014429038085,146,292,5.842962132791207,1487.28158973385,173.03158973385007,4.107085650065278e-05,0.10257306177062696,0.0013745268677880455,0.9999990553374987
628,0.02001014429038085,147,294,5.8829824213719695,1489.4995825140227,175.24958251402268,4.107085602470057e-05,0.10257306058195256,0.001374550948917997,0.9999990553043979
628,0.02001014429038085,148,296,5.923002709952731,1491.7175753087513,177.4675753087513,4.1070856805583586e-05,0.10257306253218122,0.0013745334817512863,0.9999990553284075
628,0.02001014429038085,149,298,5.963022998533493,1493.935568130622,179.68556813062196,4.107085682370473e-05,0.10257306257743816,0.001374525545448933,0.9999990553393167
628,0.02001014429038085,150,300,6.003043287114255,1496.15356083972,181.90356083972006,4.107085640804428e-05,0.10257306153934037,0.0013745400722276245,0.9999990553193491
628,0.02001014429038085,151,302,6.043063575695016,1498.3715536951865,184.12155369518655,4.107085747071921e-05,0.10257306419333473,0.0013745323843579048,0.999999055329916
628,0.02001014429038085,152,304,6.083083864275778,1500.589546473072,186.339546473072,4.107085734784177e-05,0.10257306388645253,0.0013745275554781257,0.9999990553365534
628,0.02001014429038085,153,306,6.1231041528565395,1502.8075392965115,188.55753929651155,4.107085647972626e-05,0.10257306171836367,0.0013745308930335903,0.9999990553319655
628,0.02001014429038085,154,308,6.163124441437302,1505.0255321730463,190.77553217304626,4.107085684881898e-05,0.10257306264016014,0.0013745402653538,0.9999990553190837
628,0.02001014429038085,155,310,6.203144730018063,1507.2435248657246,192.99352486572457,4.107085644867615e-05,0.10257306164081709,0.0013745449325299598,0.9999990553126678
628,0.02001014429038085,156,312,6.243165018598825,1509.4615176575994,195.21151765759942,4.1070856620638686e-05,0.10257306207028764,0.0013745802175718423,0.9999990552641671
628,0.02001014429038085,157,314,6.283185307179586,1511.679510542815,197.42951054281502,4.107085646987578e-05,0.10257306169376244,0.001374594486702993,0.9999990552445523
628,0.02001014429038085,158,316,6.323205595760348,1513.8975033595057,199.64750335950566,4.107085611513276e-05,0.10257306080780387,0.0013750268355459568,0.9999990546501535
628,0.02001014429038085,159,318,6.36322588434111,1516.115496211005,201.86549621100494,4.1070855767461016e-05,0.10257305993950555,0.0013783363137564637,0.9999990500940519
838,0.014995668990882068,129,258,3.8688825996475735,1834.082116466738,80.83211646673794,1.67460408517366e-05,0.07446984596584318,0.0054484029191717055,0.9999851573426628
838,0.014995668990882068,130,260,3.8988739376293378,1835.1514841698026,81.90148416980264,1.6746107547949874e-05,0.07447014256470931,0.002136194461400934,0.9999977183340084
838,0.014995668990882068,131,262,3.9288652756111015,1836.2208723796355,82.97087237963547,1.674613419062574e-05,0.07447026104501074,0.001038917994697001,0.9999994603245549
838,0.014995668990882068,132,264,3.958856613592866,1837.2902685097183,84.04026850971832,1.6746144167305357e-05,0.07447030541142552,0.0007753450704318373,0.9999996994199658
838,0.014995668990882068,133,266,3.98884795157463,1838.35966746164,85.1096674616399,1.6746147024767054e-05,0.07447031811859221,0.0007322496908085895,0.9999997319051593
838,0.014995668990882068,134,268,4.018839289556394,1839.4290673309808,86.17906733098084,1.6746148504694553e-05,0.07447032469984767,0.0007262511354989679,0.999999736279609
838,0.014995668990882068,135,270,4.048830627538158,1840.4984673141298,87.24846731412981,1.6746148194753763e-05,0.07447032332153723,0.0007260484583216999,0.9999997364267831
838,0.014995668990882068,136,272,4.078821965519922,1841.5678673571092,88.31786735710921,1.6746148148332467e-05,0.07447032311510117,0.0007253998575066293,0.999999736897489
838,0.014995668990882068,137,274,4.1088133035016865,1842.6372672877449,89.38726728774486,1.674614819852566e-05,0.07447032333831091,0.0007252866794857954,0.9999997369795818
838,0.014995668990882068,138,276,4.138804641483451,1843.7066671863743,90.45666718637426,1.674614810722975e-05,0.0744703229323169,0.0007252584257574822,0.999999737000073
838,0.014995668990882068,139,278,4.168795979465215,1844.7760670227394,91.52606702273943,1.6746147850772914e-05,0.07447032179185024,0.0007252338976930859,0.9999997370178625
838,0.014995668990882068,140,280,4.198787317446979,1845.8454668417426,92.59546684174256,1.6746147903600044e-05,0.07447032202677313,0.0007252225134836858,0.9999997370261189
838,0.014995668990882068,141,282,4.228778655428743,1846.914866612661,93.66486661266094,1.6746147922918115e-05,0.07447032211268083,0.0007252349579501597,0.9999997370170931
838,0.014995668990882068,142,284,4.258769993410507,1847.9842664190442,94.73426641904416,1.6746147996553884e-05,0.07447032244013999,0.0007252328503168203,0.9999997370186215
838,0.014995668990882068,143,286,4.288761331392271,1849.0536662056365,95.80366620563655,1.674614735188209e-05,0.07447031957327674,0.0007252407625318104,0.9999997370128836
838,0.014995668990882068,144,288,4.318752669374035,1850.1230659936818,96.87306599368185,1.6746147800164118e-05,0.07447032156679231,0.0007252231471984549,0.999999737025659
838,0.014995668990882068,145,290,4.3487440073557995,1851.1924657604795,97.94246576047954,1.6746147704724264e-05,0.07447032114237014,0.0007252304535715256,0.9999997370203606
838,0.014995668990882068,146,292,4.378735345337564,1852.2618655345577,99.01186553455773,1.674614800404834e-05,0.07447032247346792,0.0007252223551546181,0.9999997370262331
838,0.014995668990882068,147,294,4.408726683319328,1853.331265305676,100.08126530567597,1.6746147712474517e-05,0.07447032117683561,0.000725225985865998,0.9999997370236002
838,0.014995668990882068,148,296,4.438718021301092,1854.4006651423178,101.15066514231785,1.6746148078416183e-05,0.07447032280418261,0.0007252217959124633,0.9999997370266387
838,0.014995668990882068,149,298,4.468709359282856,1855.4700648792962,102.22006487929616,1.6746147441264285e-05,0.07447031997076042,0.0007252360226734495,0.9999997370163206
838,0.014995668990882068,150,300,4.498700697264621,1856.5394646171635,103.2894646171635,1.674614775698256e-05,0.07447032137476342,0.0007252294881217689,0.99999973702106
838,0.014995668990882068,151,302,4.528692035246384,1857.6088644892734,104.3588644892734,1.6746147499196432e-05,0.07447032022838539,0.0007252352097766562,0.9999997370169108
838,0.014995668990882068,152,304,4.558683373228148,1858.6782642704036,105.42826427040359,1.6746147849485193e-05,0.07447032178612374,0.000725232641854598,0.999999737018773
838,0.014995668990882068,153,306,4.588674711209912,1859.7476639818863,106.49766398188626,1.6746147694088884e-05,0.07447032109507447,0.0007252237611824311,0.9999997370252134
838,0.014995668990882068,154,308,4.618666049191677,1860.81706377822,107.56706377822002,1.674614813486535e-05,0.07447032305521273,0.0007252204397058294,0.9999997370276221
838,0.014995668990882068,155,310,4.648657387173441,1861.8864635882119,108.63646358821188,1.6746147931506466e-05,0.07447032215087333,0.0007252216664912263,0.9999997370267327
838,0.014995668990882068,156,312,4.678648725155205,1862.9558633300308,109.70586333003075,1.674614779988594e-05,0.07447032156555525,0.0007252200540037716,0.9999997370279021
838,0.014995668990882068,157,314,4.708640063136969,1864.0252630949435,110.77526309494351,1.6746147683854592e-05,0.07447032104956246,0.000725231530205177,0.9999997370195793
838,0.014995668990882068,158,316,4.738631401118734,1865.0946628886054,111.8446628886054,1.674614761804362e-05,0.07447032075690027,0.0007252339809259473,0.9999997370178021
838,0.014995668990882068,159,318,4.768622739100498,1866.164062687662,112.91406268766195,1.6746147686491097e-05,0.07447032106128702,0.0007252151942543275,0.9999997370314267
838,0.014995668990882068,160,320,4.798614077082261,1867.233462416343,113.98346241634295,1.6746147428287228e-05,0.0744703199130513,0.000725236299262886,0.9999997370161203
838,0.014995668990882068,161,322,4.828605415064025,1868.3028622474958,115.0528622474958,1.6746147624357364e-05,0.07447032078497756,0.0007252374308569799,0.9999997370153005
838,0.014995668990882068,162,324,4.85859675304579,1869.3722620490373,116.12226204903732,1.6746147769059367e-05,0.07447032142846911,0.0007252213643374394,0.9999997370269519
838,0.014995668990882068,163,326,4.888588091027554,1870.4416618540708,117.19166185407084,1.67461478845577e-05,0.0744703219420916,0.0007252290377827792,0.9999997370213863
838,0.014995668990882068,164,328,4.918579429009318,1871.5110615636459,118.26106156364585,1.6746148036039727e-05,0.074470322615734,0.0007252143614297519,0.9999997370320304
838,0.014995668990882068,165,330,4.948570766991082,1872.5804613341506,119.33046133415064,1.6746147674844103e-05,0.07447032100949269,0.0007252276771599108,0.9999997370223734
838,0.014995668990882068,166,332,4.978562104972847,1873.6498611278328,120.39986112783276,1.6746147845450633e-05,0.074470321768182,0.0007252166824143024,0.9999997370303476
838,0.014995668990882068,167,334,5.008553442954611,1874.7192609328786,121.46926093287857,1.6746147838672906e-05,0.07447032173804136,0.0007252216543646503,0.9999997370267415
838,0.014995668990882068,168,336,5.038544780936375,1875.788660697953,122.53866069795299,1.6746147815073473e-05,0.0744703216330944,0.0007252184362348762,0.9999997370290756
838,0.014995668990882068,169,338,5.068536118918139,1876.85806049962,123.60806049962002,1.6746147915362926e-05,0.07447032207908282,0.0007252152499056197,0.9999997370313863
838,0.014995668990882068,170,340,5.098527456899903,1877.927460265737,124.67746026573695,1.674614796940519e-05,0.07447032231940941,0.0007252286986976343,0.9999997370216327
838,0.014995668990882068,171,342,5.128518794881667,1878.99686004262,125.74686004262003,1.674614778637018e-05,0.0744703215054505,0.0007252173550797435,0.99999973702986
838,0.014995668990882068,172,344,5.158510132863431,1880.0662598468662,126.81625984686616,1.674614786089513e-05,0.07447032183686386,0.0007252213281562933,0.9999997370269782
838,0.014995668990882068,173,346,5.188501470845195,1881.1356596067042,127.88565960670417,1.6746147745218056e-05,0.07447032132244652,0.0007252311439888046,0.9999997370198591
838,0.014995668990882068,174,348,5.2184928088269595,1882.2050593488084,128.9550593488084,1.6746147757463876e-05,0.07447032137690382,0.000725228618758849,0.9999997370216909
838,0.014995668990882068,175,350,5.248484146808724,1883.2744591383125,130.02445913831252,1.674614793957083e-05,0.07447032218673565,0.0007252277513485141,0.9999997370223195
838,0.014995668990882068,176,352,5.278475484790488,1884.343858935086,131.09385893508602,1.674614758528355e-05,0.07447032061121585,0.0007252303886362709,0.9999997370204075
838,0.014995668990882068,177,354,5.308466822772252,1885.41325872763,132.1632587276299,1.6746147783326946e-05,0.07447032149191721,0.0007252248728253729,0.9999997370244071
838,0.014995668990882068,178,356,5.3384581607540165,1886.482658515695,133.232658515695,1.6746147818229444e-05,0.07447032164712904,0.0007252120434449225,0.9999997370337113
838,0.014995668990882068,179,358,5.36844949873578,1887.552058294708,134.3020582947081,1.674614782127903e-05,0.07447032166069059,0.0007252213997094592,0.9999997370269258
838,0.014995668990882068,180,360,5.398440836717544,1888.6214580291562,135.3714580291562,1.674614790390405e-05,0.07447032202812505,0.0007252223208305378,0.9999997370262587
838,0.014995668990882068,181,362,5.428432174699308,1889.690857818926,136.4408578189259,1.674614793137437e-05,0.0744703221502859,0.0007252167836183599,0.9999997370302738
838,0.014995668990882068,182,364,5.4584235126810725,1890.7602576379188,137.5102576379188,1.674614762401643e-05,0.07447032078346143,0.0007252324463042319,0.9999997370189143
838,0.014995668990882068,183,366,5.488414850662837,1891.8296574308022,138.57965743080217,1.6746147674594018e-05,0.07447032100838057,0.0007252373900067924,0.9999997370153297
838,0.014995668990882068,184,368,5.518406188644601,1892.8990571967558,139.64905719675585,1.67461479563582e-05,0.07447032226138929,0.0007252261091642733,0.9999997370235106
838,0.014995668990882068,185,370,5.548397526626365,1893.9684569374729,140.71845693747287,1.6746147869620494e-05,0.07447032187566566,0.0007252215975174378,0.9999997370267827
838,0.014995668990882068,186,372,5.578388864608129,1895.0378567554237,141.78785675542372,1.6746147788541633e-05,0.07447032151510699,0.000725226606908476,0.9999997370231499
838,0.014995668990882068,187,374,5.608380202589894,1896.1072565304353,142.85725653043528,1.674614753436319e-05,0.07447032038477239,0.0007252201408732467,0.9999997370278388
838,0.014995668990882068,188,376,5.638371540571657,1897.1766563047013,143.92665630470128,1.6746148136437347e-05,0.07447032306220343,0.0007252170173469085,0.9999997370301043
1006,0.012491422081867964,652,1304,16.288814394755825,2227.6595716618317,123.4095716618317,1.83281326214888e-05,0.11746120507926416,0.003374331045539827,0.9999943069287921
1006,0.012491422081867964,653,1306,16.313797238919562,2230.482845220021,126.23284522002086,1.8328139745033743e-05,0.11746125073258797,0.0018855574338894985,0.9999982223350021
1006,0.012491422081867964,654,1308,16.338780083083297,2233.306121966347,129.05612196634684,1.8328141531399405e-05,0.11746126218103542,0.0018189976399077517,0.9999983456224247
1006,0.012491422081867964,655,1310,16.363762927247034,2236.1293993818363,131.87939938183627,1.832814195849323e-05,0.11746126491819127,0.0018022631626190937,0.9999983759224275
1006,0.012491422081867964,656,1312,16.38874577141077,2238.952676994448,134.7026769944482,1.832814156759702e-05,0.11746126241301844,0.0018016903747090141,0.9999983769545797
1006,0.012491422081867964,657,1314,16.413728615574506,2241.7759546028065,137.52595460280645,1.8328141848381976e-05,0.11746126421251106,0.0018016528478786108,0.9999983770221904
1006,0.012491422081867964,658,1316,16.43871145973824,2244.5992322059587,140.34923220595874,1.8328141756193814e-05,0.11746126362169622,0.001801651601117494,0.9999983770244371
1006,0.012491422081867964,659,1318,16.463694303901978,2247.422509804675,143.17250980467497,1.832814205052608e-05,0.11746126550801074,0.0018016400733791263,0.9999983770452064
1006,0.012491422081867964,660,1320,16.48867714806571,2250.2457874891807,145.99578748918066,1.832814203846609e-05,0.11746126543072076,0.001801642776068414,0.9999983770403366
1006,0.012491422081867964,661,1322,16.51365999222945,2253.0690650373353,148.81906503733535,1.8328141908490477e-05,0.11746126459773398,0.0018016675261609226,0.9999983769957451
1006,0.012491422081867964,662,1324,16.538642836393183,2255.8923426518436,151.6423426518436,1.8328141826408065e-05,0.1174612640716848,0.0018016473722690769,0.9999983770320559
1006,0.012491422081867964,663,1326,16.56362568055692,2258.7156202924552,154.46562029245524,1.8328141821605835e-05,0.11746126404090831,0.0018016526606856329,0.9999983770225284
1006,0.012491422081867964,664,1328,16.588608524720655,2261.538897993147,157.2888979931472,1.8328141845117545e-05,0.11746126419158999,0.0018016516132040433,0.999998377024415
1006,0.012491422081867964,665,1330,16.613591368884393,2264.362175617911,160.1121756179109,1.8328141628776792e-05,0.11746126280510692,0.0018016618363810417,0.9999983770059967
1006,0.012491422081867964,666,1332,16.638574213048127,2267.185453221977,162.9354532219768,1.8328142012800423e-05,0.11746126526623482,0.0018016441236033667,0.999998377037909
1006,0.012491422081867964,667,1334,16.663557057211865,2270.008730762815,165.75873076281505,1.8328142006217906e-05,0.11746126522404883,0.001801647892233132,0.9999983770311192
1006,0.012491422081867964,668,1336,16.6885399013756,2272.8320084505754,168.58200845057536,1.8328142320339292e-05,0.11746126723718772,0.001801636199217973,0.9999983770521859
1006,0.012491422081867964,669,1338,16.713522745539336,2275.6552860655415,171.40528606554153,1.832814187536946e-05,0.11746126438546824,0.001801651136708039,0.9999983770252737
1006,0.012491422081867964,670,1340,16.73850558970307,2278.4785636828306,174.22856368283055,1.8328141628714346e-05,0.11746126280470671,0.0018016604289065273,0.9999983770085323
1006,0.012491422081867964,671,1342,16.763488433866808,2281.301841320965,177.0518413209652,1.8328142151667747e-05,0.11746126615620674,0.0018016510289130012,0.9999983770254679
1006,0.012491422081867964,672,1344,16.788471278030542,2284.125118936006,179.87511893600595,1.8328141670045224e-05,0.11746126306958775,0.001801647209523646,0.9999983770323496
1006,0.012491422081867964,673,1346,16.81345412219428,2286.948396581963,182.69839658196315,1.832814163293181e-05,0.11746126283173558,0.0018016654830133975,0.9999983769994268
1006,0.012491422081867964,674,1348,16.838436966358017,2289.7716741557592,185.52167415575923,1.8328141804753735e-05,0.11746126393290669,0.001801643061236187,0.9999983770398226
1006,0.012491422081867964,675,1350,16.86341981052175,2292.5949517820595,188.34495178205952,1.832814157113915e-05,0.11746126243571922,0.001801662402170704,0.9999983770049772
1006,0.012491422081867964,676,1352,16.88840265468549,2295.418229479579,191.16822947957917,1.832814193341323e-05,0.11746126475745874,0.0018016470453380172,0.9999983770326448
1006,0.012491422081867964,677,1354,16.913385498849223,2298.2415070904767,193.99150709047672,1.8328141723547355e-05,0.11746126341247183,0.0018016507228071545,0.9999983770260198
1006,0.012491422081867964,678,1356,16.93836834301296,2301.064784681922,196.814784681922,1.8328141843791735e-05,0.11746126418309315,0.0018016515414339984,0.9999983770245447
1006,0.012491422081867964,679,1358,16.963351187176695,2303.8880623155774,199.63806231557737,1.8328142115420846e-05,0.11746126592390785,0.0018016385197828376,0.9999983770480051
1006,0.012491422081867964,680,1360,16.988334031340433,2306.7113399708423,202.46133997084235,1.8328141658292814e-05,0.117461262994269,0.0018016639817530786,0.9999983770021316
1006,0.012491422081867964,681,1362,17.013316875504167,2309.5346175402133,205.28461754021328,1.8328141884447457e-05,0.11746126444364725,0.0018016558382276233,0.9999983770168034
1006,0.012491422081867964,682,1364,17.038299719667904,2312.3578951446643,208.10789514466433,1.83281415486399e-05,0.11746126229152619,0.0018016720182809564,0.999998376987652
1006,0.012491422081867964,683,1366,17.06328256383164,2315.1811728170624,210.93117281706236,1.8328141584045003e-05,0.11746126251843016,0.001801663114172926,0.9999983770036941
1006,0.012491422081867964,684,1368,17.088265407995376,2318.0044504078724,213.75445040787235,1.8328141632537632e-05,0.11746126282920936,0.001801660117880332,0.9999983770090926
1006,0.012491422081867964,685,1370,17.11324825215911,2320.8277280730463,216.57772807304627,1.832814169752027e-05,0.11746126324566962,0.0018016614903391545,0.99999837700662
1006,0.012491422081867964,686,1372,17.138231096322848,2323.6510056715115,219.40100567151148,1.8328141866192762e-05,0.1174612643266567,0.0018016544305502406,0.9999983770193392
1006,0.012491422081867964,687,1374,17.163213940486582,2326.474283320623,222.22428332062282,1.8328141581408094e-05,0.11746126250153076,0.0018016681106199557,0.9999983769946926
1006,0.012491422081867964,688,1376,17.18819678465032,2329.29756094496,225.04756094495997,1.832814204717764e-05,0.1174612654865513,0.0018016532965525766,0.9999983770213828
1006,0.012491422081867964,689,1378,17.213179628814054,2332.1208385343816,227.87083853438162,1.8328141622527536e-05,0.11746126276505674,0.001801664672832506,0.9999983770008863
1006,0.012491422081867964,690,1380,17.23816247297779,2334.944116194027,230.69411619402717,1.8328141901755088e-05,0.11746126455456828,0.00180163514222425,0.9999983770540904
1006,0.012491422081867964,691,1382,17.263145317141525,2337.7673937954783,233.51739379547826,1.8328141814047516e-05,0.11746126399246862,0.001801657755709011,0.9999983770133489
1006,0.012491422081867964,692,1384,17.288128161305263,2340.5906714419602,236.34067144196024,1.8328141700847417e-05,0.11746126326699263,0.0018016547181156765,0.9999983770188217
1006,0.012491422081867964,693,1386,17.313111005468997,2343.4139490751118,239.16394907511176,1.8328141975223653e-05,0.11746126502541308,0.001801651712922889,0.9999983770242354
1006,0.012491422081867964,694,1388,17.338093849632735,2346.237226722892,241.98722672289205,1.8328141889794823e-05,0.11746126447791741,0.0018016417907537536,0.9999983770421114
1006,0.012491422081867964,695,1390,17.36307669379647,2349.0605043539435,244.81050435394354,1.832814180748712e-05,0.1174612639504244,0.0018016451525266967,0.999998377036055
1006,0.012491422081867964,696,1392,17.388059537960206,2351.883781936395,247.63378193639483,1.832814207292005e-05,0.11746126565152905,0.0018016455967066777,0.9999983770352548
1006,0.012491422081867964,697,1394,17.41304238212394,2354.7070595324044,250.4570595324044,1.832814176294781e-05,0.11746126366498119,0.0018016570623478083,0.9999983770145976
1006,0.012491422081867964,698,1396,17.438025226287678,2357.5303372331414,253.28033723314138,1.8328141955149988e-05,0.11746126489676513,0.0018016457160606465,0.9999983770350401
1006,0.012491422081867964,699,1398,17.463008070451412,2360.353614807693,256.1036148076928,1.832814172106425e-05,0.11746126339655813,0.0018016452168814411,0.9999983770359394
1006,0.012491422081867964,700,1400,17.48799091461515,2363.176892426747,258.92689242674714,1.832814182892936e-05,0.11746126408784327,0.0018016497731788493,0.9999983770277306
1006,0.012491422081867964,701,1402,17.512973758778887,2366.0001700299586,261.75017002995855,1.8328141832296716e-05,0.11746126410942395,0.001801655288782658,0.9999983770177928
1006,0.012491422081867964,702,1404,17.53795660294262,2368.8234476481257,264.5734476481257,1.8328141721930423e-05,0.11746126340210924,0.0018016519417806182,0.9999983770238234
1006,0.012491422081867964,703,1406,17.56293944710636,2371.6467252817893,267.39672528178926,1.8328142145925637e-05,0.11746126611940673,0.0018016461644533564,0.9999983770342321
1006,0.012491422081867964,704,1408,17.587922291270093,2374.470002942689,270.220002942689,1.832814217248007e-05,0.11746126628958858,0.0018016421222674858,0.9999983770415148
1006,0.012491422081867964,705,1410,17.61290513543383,2377.293280567275,273.0432805672749,1.8328142043684182e-05,0.11746126546416244,0.0018016501201221927,0.9999983770271056
1006,0.012491422081867964,706,1412,17.637887979597565,2380.1165582494978,275.86655824949776,1.8328141675174706e-05,0.11746126310246155,0.0018016643453498845,0.9999983770014761
1006,0.012491422081867964,707,1414,17.662870823761303,2382.9398357956184,278.68983579561836,1.8328141530679915e-05,0.11746126217642436,0.001801672023116508,0.9999983769876432
1006,0.012491422081867964,708,1416,17.687853667925037,2385.763113423731,281.51311342373083,1.8328141916112144e-05,0.11746126464657967,0.0018016527867694913,0.9999983770223009
1006,0.012491422081867964,709,1418,17.712836512088774,2388.5863910873,284.33639108729994,1.8328141749081112e-05,0.11746126357611239,0.0018016579320043967,0.9999983770130311
1006,0.012491422081867964,710,1420,17.73781935625251,2391.40966867572,287.1596686757198,1.8328141456737492e-05,0.11746126170254269,0.001801660047951198,0.999998377009219
1006,0.012491422081867964,711,1422,17.762802200416246,2394.2329463049427,289.98294630494274,1.832814198429782e-05,0.11746126508356755,0.0018016469469658083,0.999998377032822
1256,0.010005072145190424,227,454,4.542302753916452,2663.357686172149,36.10768617214899,6.6018229423894315e-06,0.06595130953333689,0.005265372753837104,0.9999861378288017
1256,0.010005072145190424,228,456,4.562312898206834,2664.0775130247403,36.827513024740256,6.601828158160499e-06,0.0659513616381775,0.005356241810512491,0.9999856552339474
1256,0.010005072145190424,229,458,4.582323042497214,2664.7973420990443,37.54734209904427,6.601832385926071e-06,0.06595140387297815,0.005448648846387355,0.9999851560027022
1256,0.010005072145190424,230,460,4.602333186787595,2665.517172920406,38.26717292040621,6.601835735469597e-06,0.0659514373344605,0.005542628412275772,0.9999846395171696
1256,0.010005072145190424,231,462,4.622343331077976,2666.237005488346,38.98700548834586,6.601838670121189e-06,0.0659514666512291,0.0024954019969083735,0.99999688647959
1256,0.010005072145190424,232,464,4.642353475368357,2666.9568388029033,39.70683880290335,6.601840942186513e-06,0.06595148934885137,0.002537082326799448,0.9999967816014543
1256,0.010005072145190424,233,466,4.662363619658738,2667.67667307635,40.4266730763502,6.601842711687441e-06,0.06595150702592396,0.0025794776873131952,0.9999966731418962
1256,0.010005072145190424,234,468,4.682373763949118,2668.39650820106,41.14650820105999,6.601844272565185e-06,0.06595152261887945,0.0012424114337490795,0.9999992282066168
1256,0.010005072145190424,235,470,4.7023839082395,2669.1163437858413,41.86634378584131,6.601845349819771e-06,0.06595153338050563,0.001259931827557198,0.9999992062855803
1256,0.010005072145190424,236,472,4.72239405252988,2669.8361798356464,42.58617983564636,6.601846397474416e-06,0.06595154384643245,0.0012777749917110618,0.9999991836452022
1256,0.010005072145190424,237,474,4.742404196820261,2670.55601624333,43.30601624332985,6.601847129855282e-06,0.06595155116281727,0.0012959595105053513,0.9999991602441208
1256,0.010005072145190424,238,476,4.762414341110642,2671.27585312142,44.025853121419914,6.60184759222063e-06,0.06595155578178395,0.0007640122599621133,0.9999997081425909
1256,0.010005072145190424,239,478,4.782424485401023,2671.99569019888,44.745690198879856,6.601848283188843e-06,0.06595156268446203,0.0007701998814607409,0.9999997033960276
1256,0.010005072145190424,240,480,4.802434629691404,2672.7155273583408,45.46552735834075,6.601848783097726e-06,0.0659515676784835,0.0007765198276655579,0.9999996985084328
1256,0.010005072145190424,241,482,4.822444773981784,2673.435364799017,46.18536479901695,6.601849032226251e-06,0.06595157016724343,0.0006138999465251184,0.9999998115634101
1256,0.010005072145190424,242,484,4.842454918272165,2674.15520228086,46.90520228086007,6.601849280356313e-06,0.06595157264602887,0.0006155544857315417,0.9999998105463197
1256,0.010005072145190424,243,486,4.8624650625625465,2674.875039958093,47.62503995809311,6.601849503772545e-06,0.06595157487792651,0.0006172426451370346,0.9999998095057409
1256,0.010005072145190424,244,488,4.882475206852927,2675.5948777215476,48.34487772154762,6.601849591094978e-06,0.06595157575026568,0.000618964112029338,0.9999998084416954
1256,0.010005072145190424,245,490,4.902485351143308,2676.314715494071,49.06471549407115,6.601849740054757e-06,0.06595157723835353,0.0005787035156111309,0.9999998325511066
1256,0.010005072145190424,246,492,4.922495495433688,2677.03455336794,49.784553367940134,6.6018499250862125e-06,0.0659515790867925,0.0005790886511531764,0.9999998323281533
1256,0.010005072145190424,247,494,4.94250563972407,2677.754391338299,50.504391338298774,6.601849935961699e-06,0.06595157919543712,0.0005795010925595933,0.9999998320892277
1256,0.010005072145190424,248,496,4.9625157840144505,2678.4742292578285,51.22422925782848,6.601849993505769e-06,0.06595157977029453,0.000570878874320231,0.9999998370486427
1256,0.010005072145190424,249,498,4.982525928304831,2679.194067183834,51.944067183833795,6.601850075761438e-06,0.06595158059201743,0.0005710003209696891,0.9999998369793033
1256,0.010005072145190424,250,500,5.002536072595212,2679.9139052302608,52.66390523026075,6.601850122996577e-06,0.06595158106389001,0.0005710717844042662,0.999999836938495
1256,0.010005072145190424,251,502,5.022546216885593,2680.6337432822047,53.383743282204705,6.601850252258394e-06,0.06595158235519791,0.0005711819006311716,0.9999998368756046
1256,0.010005072145190424,252,504,5.042556361175974,2681.3535813071676,54.10358130716759,6.601850233863113e-06,0.06595158217143156,0.0005693327380824709,0.9999998379301036
1256,0.010005072145190424,253,506,5.0625665054663544,2682.073419303238,54.8234193032381,6.6018503387363794e-06,0.06595158321910118,0.0005693525948998996,0.999999837918798
1256,0.010005072145190424,254,508,5.082576649756735,2682.793257406167,55.54325740616696,6.601850218496416e-06,0.06595158201792037,0.0005693773507647316,0.9999998379047031
1256,0.010005072145190424,255,510,5.102586794047117,2683.513095516472,56.26309551647182,6.601850316433124e-06,0.06595158299629471,0.0005694014463348737,0.9999998378909831
1256,0.010005072145190424,256,512,5.122596938337497,2684.2329335014115,56.98293350141148,6.601850329024151e-06,0.06595158312207734,0.0005690096972589511,0.999999838113969
1256,0.010005072145190424,257,514,5.142607082627878,2684.9527716218727,57.70277162187267,6.601850247466681e-06,0.06595158230732935,0.0005690267439029413,0.9999998381042691
1256,0.010005072145190424,258,516,5.162617226918259,2685.6726096934885,58.42260969348854,6.6018502653491815e-06,0.06595158248597309,0.0005690294309149972,0.9999998381027407
1256,0.010005072145190424,259,518,5.18262737120864,2686.392447843159,59.14244784315906,6.6018503058132e-06,0.06595158289020311,0.000568948371443826,0.9999998381488621
1256,0.010005072145190424,260,520,5.2026375154990205,2687.1122858517306,59.862285851730576,6.6018502083641785e-06,0.0659515819167007,0.0005689650954701423,0.9999998381393469
1256,0.010005072145190424,261,522,5.222647659789401,2687.8321239765028,60.58212397650277,6.601850301823076e-06,0.06595158285034232,0.0005689578018302987,0.9999998381434965
1256,0.010005072145190424,262,524,5.242657804079783,2688.551962084533,61.30196208453299,6.601850278582124e-06,0.06595158261816837,0.0005689614170838875,0.9999998381414396
1256,0.010005072145190424,263,526,5.262667948370163,2689.271800192487,62.02180019248681,6.601850387614933e-06,0.06595158370739125,0.0005689410933432779,0.9999998381530032
1256,0.010005072145190424,264,528,5.282678092660544,2689.991638254592,62.74163825459209,6.601850282426928e-06,0.06595158265657744,0.0005689428138572636,0.9999998381520242
1256,0.010005072145190424,265,530,5.3026882369509245,2690.7114764209573,63.4614764209573,6.601850347413012e-06,0.06595158330577955,0.0005689386224051779,0.9999998381544093
1256,0.010005072145190424,266,532,5.322698381241306,2691.4313144587377,64.18131445873769,6.601850335605773e-06,0.06595158318782685,0.0005689479617503016,0.9999998381490958
1256,0.010005072145190424,267,534,5.342708525531687,2692.1511525606998,64.90115256069976,6.6018502567124625e-06,0.06595158239969345,0.0005689464651500913,0.9999998381499464
1256,0.010005072145190424,268,536,5.362718669822067,2692.8709906651966,65.62099066519659,6.601850253593232e-06,0.06595158236853277,0.0005689482657408143,0.9999998381489221
1256,0.010005072145190424,269,538,5.382728814112448,2693.5908288055307,66.34082880553069,6.601850344320371e-06,0.0659515832748845,0.0005689473706529163,0.9999998381494314
1256,0.010005072145190424,270,540,5.402738958402829,2694.3106669133263,67.06066691332626,6.601850295134053e-06,0.0659515827835199,0.0005689414261273576,0.999999838152814
1256,0.010005072145190424,271,542,5.42274910269321,2695.030504968698,67.7805049686981,6.6018502643978e-06,0.06595158247646891,0.0005689494898870354,0.9999998381482258
1256,0.010005072145190424,272,544,5.442759246983591,2695.7503430879838,68.50034308798377,6.601850194107601e-06,0.06595158177427943,0.0005689447418219817,0.9999998381509274
1256,0.010005072145190424,273,546,5.462769391273971,2696.4701811833334,69.22018118333335,6.601850263668029e-06,0.06595158246917861,0.0005689421184675217,0.9999998381524199
1256,0.010005072145190424,274,548,5.482779535564353,2697.190019270407,69.94001927040699,6.601850448350333e-06,0.0659515843141296,0.0005689420568993065,0.9999998381524551
1256,0.010005072145190424,275,550,5.502789679854733,2697.9098573708643,70.6598573708643,6.60185025685609e-06,0.06595158240112826,0.0005689375682696621,0.9999998381550085
1256,0.010005072145190424,276,552,5.522799824145114,2698.6296955312637,71.37969553126368,6.6018503150182685e-06,0.06595158298216049,0.0005689469576470803,0.9999998381496663
1256,0.010005072145190424,277,554,5.542809968435495,2699.3495336163032,72.09953361630323,6.601850310062709e-06,0.06595158293265513,0.0005689384059957453,0.9999998381545315
1256,0.010005072145190424,278,556,5.562820112725876,2700.069371769345,72.8193717693448,6.601850296566428e-06,0.06595158279782912,0.0005689504273249018,0.9999998381476926
1256,0.010005072145190424,279,558,5.582830257016257,2700.789209794884,73.53920979488385,6.601850326166466e-06,0.06595158309352946,0.000568938523217064,0.9999998381544648
1256,0.010005072145190424,280,560,5.602840401306637,2701.5090478717384,74.2590478717384,6.601850290950806e-06,0.06595158274172983,0.0005689468121766013,0.9999998381497491
1256,0.010005072145190424,281,562,5.622850545597019,2702.2288860153167,74.97888601531668,6.60185036587492e-06,0.06595158349021149,0.0005689396536410459,0.9999998381538222
1256,0.010005072145190424,282,564,5.642860689887399,2702.9487241044158,75.69872410441576,6.601850329375217e-06,0.06595158312558444,0.0005689374746703502,0.9999998381550621
1256,0.010005072145190424,283,566,5.66287083417778,2703.668562260538,76.41856226053778,6.601850352402446e-06,0.06595158335562332,0.0005689523403952364,0.9999998381466043
1256,0.010005072145190424,284,568,5.682880978468161,2704.388400362752,77.13840036275178,6.601850272487995e-06,0.06595158255728886,0.0005689338209829151,0.9999998381571403
1256,0.010005072145190424,285,570,5.702891122758542,2705.1082384316255,77.85823843162552,6.60185026084307e-06,0.06595158244095765,0.0005689491265253181,0.9999998381484325
1256,0.010005072145190424,286,572,5.722901267048923,2705.828076583544,78.57807658354386,6.601850284576646e-06,0.06595158267805284,0.0005689406575555646,0.999999838153251
1676,0.007497834495441034,74,148,1.109679505325273,3539.8691352900205,33.619135290020495,4.906496705303874e-06,0.08727700048289448,0.006902715388212791,0.9999761759763427
1676,0.007497834495441034,75,150,1.1246751743161552,3541.463067833561,35.21306783356113,4.906498346006155e-06,0.08727702966778593,0.005516135270519252,0.9999847860101059
1676,0.007497834495441034,76,152,1.139670843307037,3543.0570020885452,36.80700208854523,4.906499437723417e-06,0.08727704908730535,0.0021403833402788928,0.9999977093769549
1676,0.007497834495441034,77,154,1.1546665122979192,3544.6509375085216,38.400937508521565,4.9064998462088496e-06,0.08727705635346397,0.0012014561872777411,0.9999992782512547
1676,0.007497834495441034,78,156,1.1696621812888013,3546.2448735515795,39.99487355157953,4.906500030497069e-06,0.08727705963159173,0.0011453260783272174,0.9999993441138715
1676,0.007497834495441034,79,158,1.1846578502796834,3547.83880973779,41.58880973779014,4.906500066265845e-06,0.08727706026784844,0.0010171805825584046,0.9999994826716974
1676,0.007497834495441034,80,160,1.1996535192705653,3549.4327460452437,43.182746045243675,4.906500165410123e-06,0.08727706203143165,0.0010116654740191728,0.9999994882663538
1676,0.007497834495441034,81,162,1.2146491882614474,3551.0266824719574,44.77668247195743,4.90650020917156e-06,0.08727706280986221,0.0009979683943307468,0.999999502029418
1676,0.007497834495441034,82,164,1.2296448572523295,3552.6206187893254,46.37061878932536,4.90650020859362e-06,0.08727706279958176,0.0009960818951321036,0.9999995039103065
1676,0.007497834495441034,83,166,1.2446405262432116,3554.214555197127,47.96455519712708,4.906500206341257e-06,0.08727706275951663,0.000996036124505468,0.9999995039558965
1676,0.007497834495441034,84,168,1.2596361952340938,3555.808491636064,49.55849163606399,4.90650023520336e-06,0.08727706327291712,0.000995833956958988,0.9999995041572428
1676,0.007497834495441034,85,170,1.2746318642249757,3557.4024279633104,51.1524279633104,4.906500233874104e-06,0.08727706324927224,0.00099583247171457,0.9999995041587211
1676,0.007497834495441034,86,172,1.2896275332158578,3558.996364448348,52.74636444834778,4.906500253846769e-06,0.08727706360454697,0.0009958129655925029,0.9999995041781461
1676,0.007497834495441034,87,174,1.3046232022067399,3560.590300874425,54.340300874424884,4.906500299084223e-06,0.087277064409233,0.0009958128024716293,0.9999995041783084
1676,0.007497834495441034,88,176,1.319618871197622,3562.184237299021,55.93423729902088,4.9065001876235334e-06,0.08727706242656486,0.0009958286417324162,0.9999995041625351
1676,0.007497834495441034,89,178,1.3346145401885041,3563.7781736639154,57.52817366391537,4.906500211199779e-06,0.08727706284594025,0.0009958213602335164,0.9999995041697867
1676,0.007497834495441034,90,180,1.349610209179386,3565.3721100741527,59.122110074152715,4.906500350974029e-06,0.08727706533225137,0.000995805499821112,0.9999995041855801
1676,0.007497834495441034,91,182,1.3646058781702681,3566.966046559515,60.71604655951478,4.9065002283453615e-06,0.0872770631509267,0.0009958075525511056,0.9999995041835359
1676,0.007497834495441034,92,184,1.3796015471611502,3568.559982977561,62.30998297756105,4.906500395255591e-06,0.08727706611993392,0.000995801528588816,0.9999995041895354
1676,0.007497834495441034,93,186,1.3945972161520324,3570.1539193397925,63.90391933979254,4.90650023355589e-06,0.08727706324361183,0.0009958244076362002,0.9999995041667517
1676,0.007497834495441034,94,188,1.4095928851429143,3571.7478557672725,65.49785576727254,4.9065002573947046e-06,0.08727706366765782,0.000995807970722205,0.9999995041831199
1676,0.007497834495441034,95,190,1.4245885541337964,3573.3417922018853,67.09179220188526,4.906500233175815e-06,0.08727706323685104,0.0009958133253805115,0.9999995041777875
1676,0.007497834495441034,96,192,1.4395842231246785,3574.93572861339,68.68572861338998,4.906500359210148e-06,0.08727706547875584,0.0009957980463808844,0.9999995041930027
1676,0.007497834495441034,97,194,1.4545798921155606,3576.529665003429,70.27966500342882,4.906500278023696e-06,0.08727706403460732,0.0009958224143879078,0.9999995041687363
1676,0.007497834495441034,98,196,1.4695755611064427,3578.123601430415,71.87360143041496,4.906500251838521e-06,0.08727706356882416,0.0009958120149775108,0.9999995041790926
1676,0.007497834495441034,99,198,1.4845712300973246,3579.7175378343995,73.46753783439954,4.90650018777556e-06,0.08727706242926911,0.000995817719603161,0.9999995041734114
1676,0.007497834495441034,100,200,1.4995668990882067,3581.3114742928,75.06147429280009,4.906500299186551e-06,0.0872770644110532,0.0009958111029978727,0.9999995041800004
1676,0.007497834495441034,101,202,1.5145625680790888,3582.905410714863,76.65541071486314,4.906500241734765e-06,0.08727706338909806,0.0009958163735718996,0.999999504174752
1676,0.007497834495441034,102,204,1.529558237069971,3584.499347106267,78.24934710626712,4.90650031625563e-06,0.0872770647146788,0.0009958117499329609,0.9999995041793563
1676,0.007497834495441034,103,206,1.5445539060608529,3586.0932835653,79.84328356530023,4.906500311550057e-06,0.08727706463097584,0.0009958167286359752,0.9999995041743986
1676,0.007497834495441034,104,208,1.559549575051735,3587.687219949588,81.43721994958787,4.906500290371048e-06,0.08727706425424261,0.0009958215651725384,0.9999995041695823
1676,0.007497834495441034,105,210,1.574545244042617,3589.281156357811,83.03115635781114,4.90650017125053e-06,0.08727706213532108,0.0009958342617237426,0.9999995041569387
1676,0.007497834495441034,106,212,1.5895409130334992,3590.875092840618,84.62509284061798,4.906500279230675e-06,0.08727706405607713,0.000995812593513731,0.9999995041785161
1676,0.007497834495441034,107,214,1.6045365820243813,3592.469029187549,86.21902918754904,4.906500327569361e-06,0.087277064915928,0.0009958144764435736,0.9999995041766416
1676,0.007497834495441034,108,216,1.6195322510152632,3594.0629656391407,87.81296563914066,4.906500239908011e-06,0.08727706335660367,0.0009958173855815463,0.9999995041737448
1676,0.007497834495441034,109,218,1.6345279200061453,3595.6569020382976,89.40690203829763,4.906500380365139e-06,0.08727706585506184,0.0009958091612481549,0.9999995041819342
1676,0.007497834495441034,110,220,1.6495235889970274,3597.250838457091,91.00083845709105,4.90650033101618e-06,0.08727706497724018,0.0009958046332419308,0.9999995041864438
1676,0.007497834495441034,111,222,1.6645192579879096,3598.8447748607327,92.59477486073274,4.9065003108636145e-06,0.08727706461876537,0.0009958092834078376,0.9999995041818132
1676,0.007497834495441034,112,224,1.6795149269787917,3600.438711260045,94.18871126004478,4.906500194942476e-06,0.08727706255675456,0.0009958094850319736,0.9999995041816118
1676,0.007497834495441034,113,226,1.6945105959696736,3602.0326477302697,95.78264773026967,4.906500226434724e-06,0.08727706311694018,0.000995824915221472,0.9999995041662463
1676,0.007497834495441034,114,228,1.7095062649605557,3603.6265841097816,97.37658410978156,4.906500160210578e-06,0.08727706193894187,0.0009958255861629828,0.999999504165578
1676,0.007497834495441034,115,230,1.7245019339514378,3605.2205205259056,98.97052052590561,4.906500332429116e-06,0.08727706500237356,0.000995799043455929,0.9999995041920096
1676,0.007497834495441034,116,232,1.73949760294232,3606.8144569642823,100.56445696428227,4.9065004099541145e-06,0.08727706638139197,0.000995803780978781,0.9999995041872921
1676,0.007497834495441034,117,234,1.7544932719332018,3608.4083933787783,102.15839337877833,4.906500247493079e-06,0.08727706349152724,0.00099582459628504,0.9999995041665638
1676,0.007497834495441034,118,236,1.769488940924084,3610.002329729128,103.75232972912818,4.906500267783121e-06,0.08727706385244748,0.0009958047901944217,0.9999995041862872
1676,0.007497834495441034,119,238,1.784484609914966,3611.596266231954,105.3462662319539,4.906500295711441e-06,0.08727706434923778,0.0009958062020509974,0.9999995041848814
1676,0.007497834495441034,120,240,1.7994802789058482,3613.190202564285,106.94020256428485,4.906500240426454e-06,0.08727706336582577,0.0009958154491018357,0.9999995041756728
1676,0.007497834495441034,121,242,1.8144759478967303,3614.7841389988243,108.53413899882435,4.906500169393427e-06,0.08727706210228685,0.0009958180239420958,0.9999995041731091
1676,0.007497834495441034,122,244,1.8294716168876122,3616.378075490919,110.12807549091895,4.9065002628462374e-06,0.08727706376462996,0.0009958211210353918,0.9999995041700249
1676,0.007497834495441034,123,246,1.8444672858784943,3617.972011904531,111.72201190453097,4.906500297837654e-06,0.08727706438705896,0.000995818153471181,0.9999995041729796
1676,0.007497834495441034,124,248,1.8594629548693764,3619.5659483039944,113.31594830399445,4.906500169623163e-06,0.0872770621063734,0.0009958317518242265,0.9999995041594374
1676,0.007497834495441034,125,250,1.8744586238602585,3621.159884730319,114.90988473031894,4.906500130136205e-06,0.0872770614039775,0.0009958198120695962,0.9999995041713281
1676,0.007497834495441034,126,252,1.8894542928511404,3622.75382110978,116.50382110977989,4.906500133723167e-06,0.08727706146778254,0.000995833626037089,0.9999995041575718
1676,0.007497834495441034,127,254,1.9044499618420225,3624.347757529958,118.09775752995802,4.9065001974040814e-06,0.08727706260054172,0.00099582728500116,0.999999504163886
1676,0.007497834495441034,128,256,1.9194456308329046,3625.941693968917,119.6916939689172,4.9065002682404075e-06,0.0872770638605817,0.000995811483409872,0.9999995041796217
1676,0.007497834495441034,129,258,1.9344412998237868,3627.5356304034467,121.2856304034467,4.906500308980712e-06,0.08727706458527222,0.0009958039141014145,0.9999995041871595
1676,0.007497834495441034,130,260,1.9494369688146689,3629.1295667717322,122.87956677173224,4.906500151534547e-06,0.08727706178461223,0.0009958238378624605,0.9999995041673188
1676,0.007497834495441034,131,262,1.9644326378055508,3630.7235032335648,124.47350323356477,4.906500184973037e-06,0.0872770623794177,0.0009958225159529184,0.9999995041686354
1676,0.007497834495441034,132,264,1.979428306796433,3632.3174396389036,126.06743963890358,4.906500204083766e-06,0.08727706271936028,0.0009958298292647274,0.9999995041613527
1676,0.007497834495441034,133,266,1.994423975787315,3633.911376067028,127.66137606702796,4.906500290131897e-06,0.08727706424998859,0.000995827065464914,0.999999504164105
2094,0.006001132098547838,174,348,2.0883939702946477,3734.467779478394,21.217779478394277,2.7528518806465244e-06,0.07643925948284633,0.004899781934479625,0.9999879959964493
2094,0.006001132098547838,175,350,2.1003962344917433,3735.6180013045646,22.36800130456504,2.752850744439829e-06,0.07643922793345602,0.0010036545944096034,0.9999994963386007
2094,0.006001132098547838,176,352,2.112398498688839,3736.7682199306214,23.518219930621854,2.7528504136301285e-06,0.07643921874776437,0.0007823418502345308,0.9999996939705675
2094,0.006001132098547838,177,354,2.1244007628859345,3737.9184377504275,24.668437750427984,2.752850334190081e-06,0.07643921654192887,0.0007641422231469952,0.9999997080432889
2094,0.006001132098547838,178,356,2.13640302708303,3739.068655277757,25.818655277757443,2.7528503426796127e-06,0.07643921677766023,0.0007655141693919914,0.9999997069939852
2094,0.006001132098547838,179,358,2.1484052912801257,3740.2188727372036,26.968872737204038,2.7528503176619614e-06,0.07643921608298765,0.0007660562542666548,0.9999997065788644
2094,0.006001132098547838,180,360,2.1604075554772217,3741.369090140714,28.119090140714434,2.7528503354563986e-06,0.07643921657709109,0.0007646682613789841,0.9999997076411825
2094,0.006001132098547838,181,362,2.1724098196743173,3742.519307586999,29.269307586999275,2.752850240058027e-06,0.07643921392813605,0.0007641142650111203,0.9999997080646525
2094,0.006001132098547838,182,364,2.184412083871413,3743.669525018826,30.419525018826334,2.7528503056136834e-06,0.07643921574843951,0.0007641034163365212,0.9999997080729419
2094,0.006001132098547838,183,366,2.1964143480685085,3744.8197424291266,31.569742429127018,2.7528503315668686e-06,0.07643921646908935,0.0007641001198332044,0.999999708075461
2094,0.006001132098547838,184,368,2.208416612265604,3745.9699599222795,32.71995992227994,2.752850332583189e-06,0.07643921649730982,0.0007640911697275801,0.9999997080822994
2094,0.006001132098547838,185,370,2.2204188764626998,3747.1201773888033,33.87017738880377,2.7528503023429152e-06,0.07643921565761912,0.0007641060444459326,0.9999997080709341
2094,0.006001132098547838,186,372,2.232421140659796,3748.270394814217,35.020394814217525,2.7528503075805367e-06,0.07643921580305371,0.0007640982246602248,0.9999997080769092
2094,0.006001132098547838,187,374,2.2444234048568914,3749.42061226223,36.17061226223041,2.7528502963562765e-06,0.07643921549138634,0.0007641092325661702,0.9999997080684982
2094,0.006001132098547838,188,376,2.256425669053987,3750.5708297640226,37.320829764023074,2.752850269872854e-06,0.07643921475601324,0.0007641138200321249,0.9999997080649922
2094,0.006001132098547838,189,378,2.2684279332510826,3751.7210471706335,38.47104717063394,2.752850326034812e-06,0.07643921631547909,0.0007640991644015101,0.999999708076191
2094,0.006001132098547838,190,380,2.280430197448178,3752.8712646177987,39.62126461779917,2.7528503563181196e-06,0.07643921715636472,0.0007640985948967382,0.9999997080766264
2094,0.006001132098547838,191,382,2.292432461645274,3754.02148199825,40.77148199825024,2.7528503086808134e-06,0.07643921583360543,0.0007641030593209337,0.9999997080732148
2094,0.006001132098547838,192,384,2.30443472584237,3755.171699461399,41.921699461399385,2.752850255297382e-06,0.07643921435129175,0.000764099004508396,0.9999997080763133
2094,0.006001132098547838,193,386,2.3164369900394655,3756.321916959248,43.07191695924848,2.7528502692367015e-06,0.076439214738349,0.0007641035287434414,0.9999997080728557
2094,0.006001132098547838,194,388,2.328439254236561,3757.472134385274,44.22213438527433,2.7528502802986096e-06,0.07643921504550831,0.000764105616552719,0.9999997080712608
2094,0.006001132098547838,195,390,2.3404415184336567,3758.6223517904077,45.372351790408175,2.752850308031362e-06,0.07643921581557192,0.0007640952129615266,0.99999970807921
2094,0.006001132098547838,196,392,2.3524437826307523,3759.7725692762256,46.52256927622602,2.7528503035248286e-06,0.07643921569043766,0.0007641038700343442,0.9999997080725951
2094,0.006001132098547838,197,394,2.364446046827848,3760.92278676143,47.672786761430416,2.752850281077579e-06,0.07643921506713817,0.0007641009653000144,0.999999708074815
2094,0.006001132098547838,198,396,2.3764483110249435,3762.0730041366573,48.8230041366578,2.7528502512397184e-06,0.0764392142386214,0.0007641036713711154,0.9999997080727474
2094,0.006001132098547838,199,398,2.3884505752220395,3763.2232216035945,49.97322160359499,2.7528502611089054e-06,0.07643921451266207,0.0007641038523900969,0.9999997080726085
2094,0.006001132098547838,200,400,2.400452839419135,3764.373439073363,51.12343907336344,2.7528502733909056e-06,0.07643921485370003,0.0007641073154337664,0.9999997080699627
2094,0.006001132098547838,201,402,2.4124551036162307,3765.5236564996467,52.27365649964713,2.7528503580831452e-06,0.07643921720537472,0.0007640939101894435,0.9999997080802058
2094,0.006001132098547838,202,404,2.4244573678133263,3766.6738739676484,53.42387396764889,2.7528503648264643e-06,0.07643921739261847,0.0007640901996495327,0.9999997080830407
2094,0.006001132098547838,203,406,2.436459632010422,3767.8240914169883,54.57409141698872,2.752850312597417e-06,0.07643921594235893,0.0007640889425608494,0.9999997080840014
2094,0.006001132098547838,204,408,2.4484618962075175,3768.9743088682762,55.724308868276694,2.752850297132549e-06,0.07643921551294133,0.0007641069263610168,0.9999997080702598
2094,0.006001132098547838,205,410,2.4604641604046136,3770.1245262973407,56.87452629734116,2.752850343536399e-06,0.07643921680145088,0.0007641032869522108,0.9999997080730407
2094,0.006001132098547838,206,412,2.472466424601709,3771.2747437547137,58.02474375471411,2.752850368913596e-06,0.07643921750610708,0.0007640880533895967,0.999999708084681
2094,0.006001132098547838,207,414,2.484468688798805,3772.424961153152,59.17496115315225,2.7528503023616986e-06,0.07643921565814069,0.0007640933950356513,0.9999997080805998
2094,0.006001132098547838,208,416,2.4964709529959004,3773.5751786530077,60.32517865300815,2.7528503423400672e-06,0.07643921676823197,0.0007640997481769644,0.9999997080757447
2094,0.006001132098547838,209,418,2.508473217192996,3774.725396106344,61.475396106344306,2.7528503830772855e-06,0.07643921789939447,0.00076409775060007,0.9999997080772719
2094,0.006001132098547838,210,420,2.5204754813900916,3775.875613527904,62.625613527904534,2.752850278289469e-06,0.0764392149897199,0.0007641055625683724,0.999999708071302
2094,0.006001132098547838,211,422,2.5324777455871876,3777.025830966399,63.77583096639955,2.7528503184374954e-06,0.07643921610452213,0.0007641036136334672,0.9999997080727911
2094,0.006001132098547838,212,424,2.5444800097842832,3778.176048438727,64.92604843872732,2.75285028596392e-06,0.07643921520281867,0.0007640938875372225,0.9999997080802231
2094,0.006001132098547838,213,426,2.556482273981379,3779.3262658369963,66.07626583699675,2.752850289953122e-06,0.07643921531358804,0.0007641081785500788,0.999999708069303
2094,0.006001132098547838,214,428,2.5684845381784744,3780.4764833885256,67.22648338852605,2.752850333889817e-06,0.07643921653359136,0.0007641001608823945,0.9999997080754296
2094,0.006001132098547838,215,430,2.58048680237557,3781.626700770653,68.37670077065331,2.752850251211231e-06,0.07643921423783039,0.0007641037996952941,0.9999997080726488
2094,0.006001132098547838,216,432,2.5924890665726656,3782.7769182100346,69.52691821003509,2.752850320263103e-06,0.07643921615521432,0.0007640944379268128,0.9999997080798022
2094,0.006001132098547838,217,434,2.6044913307697617,3783.9271356850454,70.67713568504587,2.7528502986933404e-06,0.07643921555628029,0.0007641003708663743,0.9999997080752692
2094,0.006001132098547838,218,436,2.6164935949668573,3785.0773531314817,71.82735313148214,2.7528503103120722e-06,0.07643921587890108,0.0007641046204982533,0.9999997080720218
2094,0.006001132098547838,219,438,2.628495859163953,3786.2275705687766,72.97757056877708,2.7528503390395623e-06,0.07643921667658586,0.0007640940110868592,0.9999997080801284
2094,0.006001132098547838,220,440,2.6404981233610485,3787.377788000875,74.12778800087563,2.752850325569203e-06,0.07643921630255038,0.0007641053694878671,0.9999997080714497
2094,0.006001132098547838,221,442,2.652500387558144,3788.5280054711243,75.27800547112474,2.7528503516862453e-06,0.07643921702775008,0.0007640944686757861,0.9999997080797788
2094,0.006001132098547838,222,444,2.6645026517552397,3789.6782228937986,76.4282228937991,2.75285028582162e-06,0.07643921519886739,0.0007641062401455072,0.9999997080707842
2094,0.006001132098547838,223,446,2.6765049159523358,3790.8284403175185,77.57844031751893,2.752850295929003e-06,0.07643921547952211,0.0007641098931328827,0.9999997080679927
2094,0.006001132098547838,224,448,2.6885071801494314,3791.9786578061467,78.72865780614711,2.7528503061426716e-06,0.07643921576312808,0.0007640986596701238,0.9999997080765762
2094,0.006001132098547838,225,450,2.700509444346527,3793.1288751963834,79.87887519638389,2.7528503061861913e-06,0.07643921576433652,0.0007640944009953268,0.9999997080798304
2094,0.006001132098547838,226,452,2.7125117085436226,3794.279092660294,81.02909266029428,2.7528503127646443e-06,0.07643921594700238,0.000764108360469718,0.9999997080691637
2094,0.006001132098547838,227,454,2.724513972740718,3795.429310122503,82.17931012250347,2.7528502760792924e-06,0.07643921492834926,0.0007641042669217306,0.9999997080722921
2094,0.006001132098547838,228,456,2.7365162369378138,3796.57952762509,83.32952762509058,2.752850299603448e-06,0.07643921558155152,0.0007641011320702662,0.9999997080746871
2094,0.006001132098547838,229,458,2.74851850113491,3797.72974507237,84.4797450723704,2.7528502510543456e-06,0.0764392142334741,0.0007641090084740978,0.9999997080686689
2094,0.006001132098547838,230,460,2.7605207653320054,3798.879962413057,85.62996241305746,2.752850320782119e-06,0.07643921616962598,0.0007641022145465076,0.9999997080738605
2094,0.006001132098547838,231,462,2.772523029529101,3800.030179882575,86.78017988257534,2.7528503209189203e-06,0.0764392161734246,0.000764100954752121,0.9999997080748227
2094,0.006001132098547838,232,464,2.7845252937261966,3801.18039739275,87.93039739275036,2.7528503235286716e-06,0.07643921624589034,0.0007641027971367957,0.9999997080734151
2094,0.006001132098547838,233,466,2.796527557923292,3802.3306148319443,89.08061483194479,2.752850274225598e-06,0.07643921487687719,0.0007641196934696384,0.9999997080605044
2514,0.0049985563302940225,551,1102,5.508409075984013,4512.573387090597,54.32338709059695,1.8747666134954645e-06,0.07503398800259764,0.006839242951511837,0.9999766121044285
2514,0.0049985563302940225,552,1104,5.518406188644601,4513.666000767174,55.41600076717441,1.8747666245732534e-06,0.07503398844596519,0.005364690657532333,0.9999856099435381
2514,0.0049985563302940225,553,1106,5.528403301305189,4514.7586142106475,56.508614210647465,1.8747666413801018e-06,0.07503398911862752,0.0042144950917184345,0.9999911189761247
2514,0.0049985563302940225,554,1108,5.5384004139657765,4515.851227499131,57.6012274991308,1.874766685089993e-06,0.07503399086803325,0.003321139734100832,0.9999944850002251
2514,0.0049985563302940225,555,1110,5.548397526626365,4516.943840641087,58.69384064108726,1.8747666963561375e-06,0.07503399131893937,0.002631249183437861,0.9999965382578759
2514,0.0049985563302940225,556,1112,5.558394639286953,4518.036453656771,59.7864536567713,1.874766693929283e-06,0.07503399122180911,0.002102806115713827,0.9999977891007757
2514,0.0049985563302940225,557,1114,5.568391751947541,4519.129066549494,60.87906654949438,1.8747667024563436e-06,0.07503399156308858,0.0017027546918846846,0.9999985503121791
2514,0.0049985563302940225,558,1116,5.578388864608129,4520.221679490015,61.97167949001505,1.8747666914991536e-06,0.07503399112454778,0.001404862851608369,0.9999990131796971
2514,0.0049985563302940225,559,1118,5.588385977268717,4521.3142924093945,63.06429240939451,1.8747667006695462e-06,0.0750339914915754,0.0011878993560922148,0.9999992944473106
2514,0.0049985563302940225,560,1120,5.598383089929305,4522.406905223679,64.15690522367913,1.8747667030323103e-06,0.07503399158614056,0.0010341404718956998,0.9999994652765992
2514,0.0049985563302940225,561,1122,5.608380202589894,4523.499518040722,65.24951804072225,1.8747667228226609e-06,0.07503399237821191,0.0007753464618682628,0.9999996994188864
2514,0.0049985563302940225,562,1124,5.6183773152504815,4524.592130935143,66.34213093514336,1.8747667228995355e-06,0.07503399238128867,0.0007601854675804303,0.9999997110589859
2514,0.0049985563302940225,563,1126,5.628374427911069,4525.684743723702,67.43474372370201,1.87476670212082e-06,0.0750339915496599,0.0007508458646427053,0.9999997181152039
2514,0.0049985563302940225,564,1128,5.638371540571657,4526.777356561867,68.52735656186724,1.8747667257603534e-06,0.0750339924957875,0.0007451536874504358,0.9999997223729525
2514,0.0049985563302940225,565,1130,5.648368653232246,4527.869969333061,69.61996933306091,1.8747667449113061e-06,0.07503399326226816,0.0007416505783903123,0.9999997249771723
2514,0.0049985563302940225,566,1132,5.6583657658928335,4528.962582186411,70.71258218641105,1.8747666990440311e-06,0.07503399142651723,0.0007395487599539534,0.9999997265337786
2514,0.0049985563302940225,567,1134,5.668362878553421,4530.055195043315,71.8051950433146,1.8747667251020608e-06,0.07503399246944059,0.0007382712279185152,0.9999997274777601
2514,0.0049985563302940225,568,1136,5.67835999121401,4531.147807804464,72.89780780446381,1.8747667570942054e-06,0.07503399374986566,0.0007374839806375032,0.9999997280586521
2514,0.0049985563302940225,569,1138,5.688357103874598,4532.240420633856,73.99042063385605,1.8747667242046845e-06,0.0750339924335248,0.000737016155034406,0.999999728403557
2514,0.0049985563302940225,570,1140,5.6983542165351855,4533.333033481854,75.08303348185382,1.874766721098932e-06,0.07503399230922293,0.0007367283508689025,0.9999997286156318
2514,0.0049985563302940225,571,1142,5.708351329195774,4534.425646255793,76.17564625579325,1.874766719865313e-06,0.07503399225984966,0.0007365690369569559,0.9999997287329901
2514,0.0049985563302940225,572,1144,5.718348441856362,4535.518259056206,77.26825905620626,1.8747667562811228e-06,0.07503399371732357,0.0007363265884198712,0.9999997289115407
2514,0.0049985563302940225,573,1146,5.72834555451695,4536.610871886935,78.36087188693455,1.8747667441684193e-06,0.07503399323253553,0.0007363148384381502,0.9999997289201924
2514,0.0049985563302940225,574,1148,5.7383426671775375,4537.703484722086,79.4534847220857,1.8747667222386706e-06,0.0750339923548388,0.0007363149164050748,0.9999997289201353
2514,0.0049985563302940225,575,1150,5.748339779838126,4538.7960975287815,80.5460975287815,1.8747667469262855e-06,0.0750339933429139,0.0007363062663830445,0.9999997289265043
2514,0.0049985563302940225,576,1152,5.758336892498714,4539.888710296102,81.63871029610164,1.8747667338606642e-06,0.07503399281998713,0.0007363096441250619,0.9999997289240173
2514,0.0049985563302940225,577,1154,5.768334005159302,4540.981323130345,82.73132313034512,1.8747667756471663e-06,0.07503399449241284,0.0007363062023304954,0.9999997289265513
2514,0.0049985563302940225,578,1156,5.77833111781989,4542.073935909472,83.82393590947231,1.8747667229143378e-06,0.0750339923818811,0.0007363092197571891,0.9999997289243296
2514,0.0049985563302940225,579,1158,5.788328230480478,4543.166548754268,84.91654875426775,1.8747667458447868e-06,0.07503399329962897,0.0007363144077008481,0.9999997289205091
2514,0.0049985563302940225,580,1160,5.798325343141066,4544.259161570174,86.009161570174,1.8747667457036722e-06,0.07503399329398112,0.0007363145856888584,0.9999997289203788
2514,0.0049985563302940225,581,1162,5.808322455801654,4545.351774388087,87.1017743880866,1.8747667556409185e-06,0.0750339936917006,0.0007363031357033337,0.9999997289288097
2514,0.0049985563302940225,582,1164,5.818319568462242,4546.44438718935,88.19438718934998,1.8747667225028174e-06,0.07503399236541078,0.0007363080168368906,0.9999997289252157
2514,0.0049985563302940225,583,1166,5.82831668112283,4547.5369999974355,89.28699999743549,1.8747667335092567e-06,0.0750339928059227,0.0007363055885729424,0.9999997289270033
2514,0.0049985563302940225,584,1168,5.838313793783418,4548.62961283255,90.37961283255027,1.8747667179842348e-06,0.07503399218456307,0.0007363087486693705,0.9999997289246769
2514,0.0049985563302940225,585,1170,5.848310906444007,4549.7222256192235,91.47222561922354,1.8747667412576356e-06,0.07503399311603691,0.0007363068008267577,0.999999728926111
2514,0.0049985563302940225,586,1172,5.858308019104594,4550.814838395164,92.56483839516386,1.8747667286148162e-06,0.07503399261003198,0.0007363143778914292,0.9999997289205312
2514,0.0049985563302940225,587,1174,5.868305131765182,4551.907451198587,93.6574511985873,1.874766745185679e-06,0.07503399327324942,0.0007363011062758591,0.9999997289303035
2514,0.0049985563302940225,588,1176,5.878302244425771,4553.000064013986,94.75006401398605,1.8747667277012215e-06,0.07503399257346707,0.000736311059934613,0.9999997289229748
2514,0.0049985563302940225,589,1178,5.888299357086359,4554.092676831575,95.84267683157486,1.8747666981955064e-06,0.07503399139255663,0.0007363067977842902,0.9999997289261131
2514,0.0049985563302940225,590,1180,5.898296469746946,4555.185289613675,96.9352896136752,1.8747667301961326e-06,0.07503399267332117,0.0007363073439796351,0.9999997289257107
2514,0.0049985563302940225,591,1182,5.908293582407534,4556.277902500981,98.02790250098133,1.8747667280912102e-06,0.07503399258907564,0.0007363090494318892,0.9999997289244551
2514,0.0049985563302940225,592,1184,5.918290695068123,4557.3705152716575,99.1205152716575,1.8747667288959208e-06,0.07503399262128266,0.0007363064740969111,0.9999997289263511
2514,0.0049985563302940225,593,1186,5.928287807728711,4558.463128107115,100.21312810711515,1.8747667560004328e-06,0.07503399370608949,0.000736307884984687,0.9999997289253124
2514,0.0049985563302940225,594,1188,5.9382849203892984,4559.555740902124,101.30574090212394,1.8747667273034374e-06,0.07503399255754652,0.0007363106431170299,0.9999997289232818
2514,0.0049985563302940225,595,1190,5.948282033049887,4560.648353727517,102.39835372751713,1.8747667288282892e-06,0.07503399261857584,0.0007363126854238693,0.9999997289217778
2514,0.0049985563302940225,596,1192,5.958279145710475,4561.740966517928,103.49096651792843,1.8747667323428392e-06,0.07503399275923904,0.0007363147901119271,0.9999997289202283
2514,0.0049985563302940225,597,1194,5.968276258371063,4562.833579305853,104.58357930585316,1.8747667632868607e-06,0.07503399399771499,0.0007363058473794852,0.9999997289268128
2514,0.0049985563302940225,598,1196,5.978273371031651,4563.926192127854,105.67619212785394,1.8747667390794383e-06,0.07503399302885869,0.0007363111452553771,0.9999997289229121
2514,0.0049985563302940225,599,1198,5.988270483692239,4565.01880492602,106.76880492601958,1.8747667188293664e-06,0.07503399221838786,0.0007363155430885094,0.9999997289196735
2514,0.0049985563302940225,600,1200,5.998267596352827,4566.111417793765,107.86141779376521,1.8747667298032218e-06,0.07503399265759567,0.0007363059552369741,0.9999997289267336
2514,0.0049985563302940225,601,1202,6.008264709013415,4567.204030542852,108.9540305428518,1.8747667566700803e-06,0.07503399373289087,0.0007363064992244962,0.9999997289263328
2514,0.0049985563302940225,602,1204,6.018261821674003,4568.296643348553,110.0466433485526,1.8747667432844402e-06,0.07503399319715594,0.0007363062474298696,0.9999997289265183
2514,0.0049985563302940225,603,1206,6.028258934334591,4569.389256127715,111.13925612771527,1.8747667237631607e-06,0.07503399241585364,0.0007363074558319734,0.9999997289256284
2514,0.0049985563302940225,604,1208,6.038256046995179,4570.481869032657,112.23186903265741,1.8747667186359676e-06,0.07503399221064744,0.0007363051945882336,0.9999997289272935
2514,0.0049985563302940225,605,1210,6.048253159655768,4571.574481785747,113.32448178574668,1.8747667348970537e-06,0.07503399286146666,0.0007363020544777388,0.9999997289296054
2514,0.0049985563302940225,606,1212,6.058250272316355,4572.6670945869155,114.41709458691548,1.8747667374448183e-06,0.07503399296343612,0.000736321546284435,0.9999997289152529
2514,0.0049985563302940225,607,1214,6.068247384976943,4573.759707432011,115.50970743201106,1.8747667131248436e-06,0.07503399199007513,0.0007363171803781944,0.9999997289184684
2514,0.0049985563302940225,608,1216,6.078244497637531,4574.852320237697,116.60232023769731,1.8747667337539563e-06,0.07503399281571634,0.0007363099076365362,0.9999997289238232
2514,0.0049985563302940225,609,1218,6.08824161029812,4575.944933036932,117.69493303693162,1.8747667294451162e-06,0.07503399264326316,0.0007363124375971143,0.9999997289219603
2514,0.0049985563302940225,610,1220,6.098238722958707,4577.037545884361,118.78754588436095,1.8747667226747202e-06,0.07503399237229087,0.0007363096049050877,0.9999997289240462
