h,kappa,dt_variable_phase,N_variable_phase,Ldom_variable_phase,fixed_point_residual_variable_phase,lambda1_real_variable_phase,lambda1_imag_variable_phase,rho_F_variable_phase,lambda1_residual_variable_phase,lambda2_real_variable_phase,lambda2_imag_variable_phase,lambda2_abs_variable_phase,lambda2_residual_variable_phase,lambda3_real_variable_phase,lambda3_imag_variable_phase,lambda3_abs_variable_phase,lambda3_residual_variable_phase,edge_energy_frac,right_edge_energy_frac,left_edge_energy_frac,ritz_iterations_variable_phase,excess_percent_variable_phase,log_growth_per_cell_variable_phase,mode_type_variable_phase,dt_fixed_phase,phi_right,phi_left,x0,N_fixed_phase,Ldom_fixed_phase,fixed_point_residual_fixed_phase,lambda1_real_fixed_phase,lambda1_imag_fixed_phase,rho_F_fixed_phase,arg_lambda,mode_type_fixed_phase,lambda1_residual_fixed_phase,right_edge_energy_fraction,left_edge_energy_fraction,two_edge_energy_fraction,ritz_iterations_fixed_phase,runtime_s,lambda2_real_fixed_phase,lambda2_imag_fixed_phase,lambda2_abs_fixed_phase,lambda2_residual_fixed_phase,lambda3_real_fixed_phase,lambda3_imag_fixed_phase,lambda3_abs_fixed_phase,lambda3_residual_fixed_phase,lambda4_real,lambda4_imag,lambda4_abs,lambda4_residual,lambda5_real,lambda5_imag,lambda5_abs,lambda5_residual,excess_percent_fixed_phase,log_growth_per_cell_fixed_phase,delta_rho,abs_delta_rho,relative_delta_rho,same_mode_type,old_phi_right
0.005,5.0,0.001,3200,16.0,4.421457674947749e-11,-1.0725261440895748,-0.125433472330853,1.079836045766498,3.14387392411242e-09,-1.0725261440895748,0.125433472330853,1.079836045766498,3.14387392411242e-09,-0.9159054504749632,0.422960794406947,1.0088501513183714,0.1017566115272418,0.9984793289025812,0.7039719156538724,0.2945074132487089,300,7.983604576649794,0.0768092201364386,complex pair,0.001,0.25,0.9758771281656776,8.003064692820415,3200,16.0,5.5077574540539874e-11,-1.0725662768122564,0.1254393918252715,1.0798765944201216,3.025168963357827,complex pair,8.74779310037026e-10,0.7041904897162218,0.2949672949535676,0.9991577846697894,300,2.8584423065185547,-1.0725662768122564,-0.1254393918252715,1.0798765944201216,8.74779310037026e-10,-0.9218701977776728,-0.4286370132191603,1.0166485875916458,0.0206039643359998,-0.9218701977776728,0.4286370132191603,1.0166485875916458,0.0206039643359998,-0.3142567004110701,-0.722042953625328,0.7874663806368121,0.599973411499172,7.987659442012163,0.0768467701816381,4.0548653623684316e-05,4.0548653623684316e-05,3.755075021125243e-05,True,0.6370614359170759
0.005,10.0,0.0005,3200,16.0,4.610063049583958e-11,-1.0594901067269196,0.0,1.0594901067269196,9.871420847921413e-14,-0.9990488228527584,-0.2217739520247621,1.0233680844350013,0.0418769279520672,-0.9990488228527584,0.2217739520247621,1.0233680844350013,0.0418769279520672,0.996942905223264,0.8241903905529737,0.1727525146702904,300,5.949010672691957,0.0577877610015627,real flip,0.0005,0.25,0.9758771281656776,8.003064692820415,3200,16.0,5.340876459509003e-11,-1.0594720984310426,0.0,1.0594720984310426,3.141592653589793,real flip,7.713491758956176e-10,0.8245336363087494,0.1735928161370166,0.998126452445766,420,3.9556047916412354,-1.0000366409355237,-0.2256531682174707,1.0251793187243816,0.0004706344320741,-1.0000366409355237,0.2256531682174707,1.0251793187243816,0.0004706344320741,-0.8632590147909676,-0.540362862381235,1.0184341655986966,0.0043089462119624,-0.8632590147909676,0.540362862381235,1.0184341655986966,0.0043089462119624,5.947209843104262,0.0577707637225801,-1.8008295876947855e-05,1.8008295876947855e-05,-1.6997134529722835e-05,True,0.6370614359170759
0.005,15.0,0.0003333333333333,3200,16.0,4.372633702725168e-11,-1.0781590490577877,0.0,1.0781590490577877,3.058209825843614e-09,-1.009187534917121,-0.2438229358360441,1.0382240146865238,0.0001718771502287,-1.009187534917121,0.2438229358360441,1.0382240146865238,0.0001718771502287,0.9986763927691772,0.8424107260363535,0.1562656667328238,300,7.81590490577877,0.0752550024736546,real flip,0.0003333333333333,0.25,0.9758771281656776,8.003064692820415,3200,16.0,2.0573961745332398e-11,-1.078150565797919,0.0,1.078150565797919,3.141592653589793,real flip,1.0545327087530624e-09,0.8431563480937588,0.1560808075027061,0.999237155596465,320,4.769121408462524,-1.009181831565673,-0.2438101256850699,1.0382154624878288,0.000115815466415,-1.009181831565673,0.2438101256850699,1.0382154624878288,0.000115815466415,-0.858134896783832,-0.5557575569648031,1.0223805373742618,0.0076130249181281,-0.858134896783832,0.5557575569648031,1.0223805373742618,0.0076130249181281,7.81505657979189,0.0752471341603007,-8.483259868796722e-06,8.483259868796722e-06,-7.868282398789227e-06,True,0.6370614359170759
0.005,20.0,0.00025,3200,16.0,4.060782851742447e-11,-1.0831431410306704,0.0,1.0831431410306704,8.381366264457064e-10,-1.0117519882390806,-0.248915149700101,1.0419217040910302,8.891255938082614e-05,-1.0117519882390806,0.248915149700101,1.0419217040910302,8.891255938082614e-05,0.9989108862318418,0.8442033886246338,0.1547074976072079,300,8.314314103067044,0.0798671301351675,real flip,0.00025,0.25,0.9758771281656776,8.003064692820415,3200,16.0,6.152806917760357e-12,-1.0831366690499171,0.0,1.0831366690499171,3.141592653589793,real flip,2.440798640394493e-10,0.8446051097191631,0.1547665734967218,0.999371683215885,320,6.068536281585693,-1.011752884851238,-0.2489147749440036,1.0419224852119406,3.792270932799075e-05,-1.011752884851238,0.2489147749440036,1.0419224852119406,3.792270932799075e-05,-0.8561641590961879,-0.5607940055118278,1.023477886394661,0.005771525565208,-0.8561641590961879,0.5607940055118278,1.023477886394661,0.005771525565208,8.313666904991713,0.0798611549322198,-6.471980753319784e-06,6.471980753319784e-06,-5.975185096183444e-06,True,0.6370614359170759
0.005,30.0,0.0001666666666666,3200,16.0,4.365629092680692e-11,-1.0863548225893342,0.0,1.0863548225893342,5.572807480908057e-10,-1.01339736389527,-0.2522850415313462,1.0443284729099152,7.139583281957852e-05,-1.01339736389527,0.2522850415313462,1.0443284729099152,7.139583281957852e-05,0.9990323763999344,0.8447938979984764,0.154238478401458,300,8.635482258933425,0.0828278924485538,real flip,0.0001666666666666,0.25,0.9758771281656776,8.003064692820415,3200,16.0,3.289008444548864e-12,-1.0863507493993358,0.0,1.0863507493993358,3.141592653589793,real flip,4.4490483647197934e-10,0.8450785843372521,0.1543609874898356,0.9994395718270878,300,8.670590877532959,-1.013399408688513,-0.2522818600684968,1.044329688580119,3.858141965580175e-05,-1.013399408688513,0.2522818600684968,1.044329688580119,3.858141965580175e-05,-0.8544293140492176,-0.5643524484256327,1.0239839543423632,0.0066456828146892,-0.8544293140492176,0.5643524484256327,1.0239839543423632,0.0066456828146892,8.635074939933585,0.0828241430311905,-4.073189998399229e-06,4.073189998399229e-06,-3.749410334176777e-06,True,0.6370614359170759
0.01,5.0,0.002,1600,16.0,2.807923893399788e-10,-1.057427281435909,0.0,1.057427281435909,2.4637677098334542e-09,-0.6532672006841378,-0.7650081813936437,1.00597989696062,0.0916494862651472,-0.6532672006841378,0.7650081813936437,1.00597989696062,0.0916494862651472,0.9988863253897148,0.7937641157170676,0.2051222096726473,360,5.742728143590892,0.0558388649742891,real flip,0.002,0.25,0.6129385640828104,7.999314692820414,1600,16.0,2.7960656012737667e-10,-1.0566092152284294,0.0,1.0566092152284294,3.141592653589793,real flip,1.5817816863454327e-09,0.7919016528641677,0.2073065072866707,0.9992081601508384,380,7.138378858566284,-0.6471838029412534,-0.7658225210791554,1.002661961271862,0.0747587609175427,-0.6471838029412534,0.7658225210791554,1.002661961271862,0.0747587609175427,-0.3133633106701465,-0.7553381245534464,0.8177605070422956,0.5237687171123335,-0.3133633106701465,0.7553381245534464,0.8177605070422956,0.5237687171123335,5.660921522842943,0.0550649272966719,-0.0008180662074794842,0.0008180662074794842,-0.0007736382650999983,True,0.31853071795853793
0.01,10.0,0.001,1600,16.0,7.230616105857735e-11,-1.0738889176042627,-0.1389734322888059,1.0828439510083558,5.467492394096977e-10,-1.0738889176042627,0.1389734322888059,1.0828439510083558,5.467492394096977e-10,-0.8974666430564182,-0.510036375001335,1.0322710299255031,0.0004836932581979,0.9981224828509,0.6607643890339807,0.3373580938169194,300,8.284395100835585,0.079590868078651,complex pair,0.001,0.25,0.6129385640828104,7.999314692820414,1600,16.0,1.6427670364270878e-10,-1.0738910060982114,0.1389647896146807,1.0828449130560116,3.0129047069439125,complex pair,9.90750140305858e-10,0.6607035205772195,0.3383037652846807,0.9990072858619002,300,3.5115108489990234,-1.0738910060982114,-0.1389647896146807,1.0828449130560116,9.90750140305858e-10,-0.8975222394372078,-0.5100335804030642,1.0323179856144855,0.0007659762248354,-0.8975222394372078,0.5100335804030642,1.0323179856144855,0.0007659762248354,-0.496583832209693,-0.7623078211820118,0.9097849837446926,0.4054674397794211,8.284491305601161,0.0795917565235903,9.620476557614666e-07,9.620476557614666e-07,8.884453340350634e-07,True,0.31853071795853793
0.01,15.0,0.0006666666666666,1600,16.0,3.3334779381277706e-11,-1.080950191968877,-0.146457354869752,1.0908267847431128,4.326487747160824e-10,-1.080950191968877,0.146457354869752,1.0908267847431128,4.326487747160824e-10,-0.8929550606277754,-0.5227174144403993,1.0346991039234597,0.0004732032997493,0.9987494926044558,0.6619568452040531,0.3367926474004028,280,9.08267847431128,0.0869359268245243,complex pair,0.0006666666666666,0.25,0.6129385640828104,7.999314692820414,1600,16.0,1.9175152905275296e-10,-1.080949078443204,0.1464565696822797,1.09082557587834,3.0069238365062443,complex pair,9.410355708867124e-11,0.6619391266358989,0.3373926133948242,0.9993317400307232,300,4.826521158218384,-1.080949078443204,-0.1464565696822797,1.09082557587834,9.410355708867124e-11,-0.8929484712459537,-0.5227050260351547,1.034687158779357,0.0002806295960382,-0.8929484712459537,0.5227050260351547,1.034687158779357,0.0002806295960382,-0.316264022105242,0.5366765386402262,0.622932290706654,0.7096097089955673,9.082557587834009,0.0869348186142571,-1.208864772728191e-06,1.208864772728191e-06,-1.1082096531145189e-06,True,0.31853071795853793
0.01,20.0,0.0005,1600,16.0,2.0186297078339518e-11,-1.0830041890281747,-0.1487810311673107,1.0931760465212284,2.982979663830296e-09,-1.0830041890281747,0.1487810311673107,1.0931760465212284,2.982979663830296e-09,-0.8910706267751656,-0.5268981715370735,1.035194930952909,0.000872537979844,0.998883233117205,0.6618109352711803,0.3370722978460246,240,9.317604652122837,0.0890872634899958,complex pair,0.0005,0.25,0.6129385640828104,7.999314692820414,1600,16.0,1.6103932467051438e-10,-1.0830096983287123,0.1487810230711936,1.093181503456841,3.0050698485155127,complex pair,2.2967174576368839e-10,0.6617644119237823,0.3376341933938846,0.9993986053176668,280,6.789982318878174,-1.0830096983287123,-0.1487810230711936,1.093181503456841,2.2967174576368839e-10,-0.8910605640240654,-0.5268848741063763,1.0351795010146685,0.0003703880811975,-0.8910605640240654,0.5268848741063763,1.0351795010146685,0.0003703880811975,-0.2023791750530693,0.5046159627577088,0.5436861230204889,0.8604364093703047,9.318150345684106,0.0890922552953049,5.45693561271321e-06,5.45693561271321e-06,4.991817768124909e-06,True,0.31853071795853793
0.01,30.0,0.0003333333333333,1600,16.0,1.4710160550259913e-11,-1.084365363777702,-0.1503660309460735,1.0947411499634163,6.918437157075649e-10,-1.084365363777702,0.1503660309460735,1.0947411499634163,6.918437157075649e-10,-0.8896206330855196,-0.5298001579764918,1.0354289344051557,0.0004665777185737,0.9989627004647732,0.6616405421749911,0.3373221582897822,260,9.474114996341656,0.0905179425958257,complex pair,0.0003333333333333,0.25,0.6129385640828104,7.999314692820414,1600,16.0,1.5120295297432214e-10,-1.0843642760987633,0.1503648305783878,1.0947399077196658,3.0038049689971067,complex pair,7.9504658713414e-10,0.6615655368079318,0.337872138585285,0.9994376753932168,260,8.89500617980957,-1.0843642760987633,-0.1503648305783878,1.0947399077196658,7.9504658713414e-10,-0.8896503927229953,-0.5298311806935524,1.0354703768371665,0.0006065419185604,-0.8896503927229953,0.5298311806935524,1.0354703768371665,0.0006065419185604,-0.2477571197867403,-0.5613861286765354,0.6136269028289493,0.6945693470450245,9.473990771966578,0.0905168078577595,-1.2422437505321682e-06,1.2422437505321682e-06,-1.1347374222424004e-06,True,0.31853071795853793
0.015,5.0,0.003,1067,16.0,9.564665726102815e-10,-1.0466774400510714,-0.1850353854113179,1.0629072195474916,4.993841934759554e-09,-1.0466774400510714,0.1850353854113179,1.0629072195474916,4.993841934759554e-09,-0.2788105354918041,-0.8770850445536579,0.9203333581267816,0.3884770719517291,0.9957792804880938,0.5364976411038678,0.459281639384226,320,6.290721954749157,0.0610078138454533,complex pair,0.003,0.25,0.4919590427218026,8.000564692820413,1067,16.0,9.744726137128623e-10,-1.0469914666815836,0.1850492766072929,1.0632188702599932,2.966655482290326,complex pair,6.181730147546312e-10,0.5376739947006903,0.4599688971975294,0.9976428918982198,360,5.454641103744507,-1.0469914666815836,-0.1850492766072929,1.0632188702599932,6.181730147546312e-10,-0.3088689256692563,-0.910987263094259,0.9619240129885775,0.2618978544745774,-0.3088689256692563,0.910987263094259,0.9619240129885775,0.2618978544745774,-0.1571000063835006,-0.5425083088846906,0.5647970230220967,0.7958393729380384,6.321887025999318,0.0613009768109309,0.0003116507125016099,0.0003116507125016099,0.0002932059419393991,True,0.21235381197243441
0.015,10.0,0.0015,1067,16.0,2.390757591896886e-10,-1.057866045324571,0.0,1.057866045324571,3.1486762625929015e-14,-0.9723737878777248,-0.3081198387362501,1.020023832258113,0.005597465648847,-0.9723737878777248,0.3081198387362501,1.020023832258113,0.005597465648847,0.9964116303062348,0.7485086134080174,0.2479030168982175,360,5.786604532457096,0.0562537141958168,real flip,0.0015,0.25,0.4919590427218026,8.000564692820413,1067,16.0,2.371689511448949e-10,-1.057871897510832,0.0,1.057871897510832,3.141592653589793,real flip,1.1476942679753146e-09,0.748545505022582,0.2492822334338685,0.9978277384564505,420,10.810187816619871,-0.9720888992063336,-0.3081177435285631,1.0197516226205845,0.0030092340434555,-0.9720888992063336,0.3081177435285631,1.0197516226205845,0.0030092340434555,-0.689993387759616,-0.7466191230261191,1.016627262087872,0.0041511022134955,-0.689993387759616,0.7466191230261191,1.016627262087872,0.0041511022134955,5.78718975108321,0.0562592462479133,5.852186261146031e-06,5.852186261146031e-06,5.532067398335375e-06,True,0.21235381197243441
0.015,15.0,0.001,1067,16.0,1.1472389704891839e-10,-1.0775265429437857,0.0,1.0775265429437857,3.046799176660362e-09,-0.9753837814932108,-0.3278203489722273,1.028999369484874,0.0016061905801423,-0.9753837814932108,0.3278203489722273,1.028999369484874,0.0016061905801423,0.9985233794420608,0.7826862685147211,0.2158371109273398,300,7.752654294378547,0.0746681765148968,real flip,0.001,0.25,0.4919590427218026,8.000564692820413,1067,16.0,1.3100726059533938e-10,-1.077483043347976,0.0,1.077483043347976,3.141592653589793,real flip,8.975931343842633e-10,0.782666914189081,0.2164685001267674,0.9991354143158484,320,5.259875297546387,-0.9753276817437548,-0.3276477683741964,1.0288912220911588,0.0010006379814338,-0.9753276817437548,0.3276477683741964,1.0288912220911588,0.0010006379814338,-0.67566283572368,-0.7598104931142036,1.016775419168173,0.0125596215990081,-0.67566283572368,0.7598104931142036,1.016775419168173,0.0125596215990081,7.748304334797607,0.0746278058398966,-4.349959580962626e-05,4.349959580962626e-05,-4.036986011572953e-05,True,0.21235381197243441
0.015,20.0,0.00075,1067,16.0,7.442819819659939e-11,-1.0832476655873966,0.0,1.0832476655873966,9.807520574645684e-11,-0.9765946622185386,-0.3338921464719111,1.0320954896468455,0.0003025900659492,-0.9765946622185386,0.3338921464719111,1.0320954896468455,0.0003025900659492,0.9988261731448764,0.7886575446725805,0.2101686284722958,320,8.324766558739661,0.0799636266273867,real flip,0.00075,0.25,0.4919590427218026,8.000564692820413,1067,16.0,1.1099541910044274e-10,-1.0832307242680137,0.0,1.0832307242680137,3.141592653589793,real flip,8.151087121023235e-10,0.7887039572312488,0.2105983843136963,0.9993023415449452,300,6.314192533493042,-0.9765946095608856,-0.3339056215176679,1.0320997991979646,0.0007112629776517,-0.9765946095608856,0.3339056215176679,1.0320997991979646,0.0007112629776517,-0.6721949055084073,-0.7649475787198581,1.0183274469348405,0.0152596918713118,-0.6721949055084073,0.7649475787198581,1.0183274469348405,0.0152596918713118,8.323072426801371,0.079947987127392,-1.6941319382901554e-05,1.6941319382901554e-05,-1.563937769828014e-05,True,0.21235381197243441
0.015,30.0,0.0005,1067,16.0,7.456225428532629e-11,-1.087058442747546,0.0,1.087058442747546,6.879530629870161e-10,-0.9774037556222877,-0.3381360481910871,1.034240827172684,0.0005241554427531,-0.9774037556222877,0.3381360481910871,1.034240827172684,0.0005241554427531,0.998982664900697,0.7919744485257859,0.207008216374911,280,8.705844274754604,0.0834753718709123,real flip,0.0005,0.25,0.4919590427218026,8.000564692820413,1067,16.0,9.312642540795779e-11,-1.0870361972883953,0.0,1.0870361972883953,3.141592653589793,real flip,2.890754628451164e-10,0.792041063059622,0.2073444953850294,0.9993855584446514,300,9.393569469451904,-0.9774223171314872,-0.3380999677279283,1.0342465732137147,0.0003882490725888,-0.9774223171314872,0.3380999677279283,1.0342465732137147,0.0003882490725888,-0.6697541099949226,-0.7684494361122393,1.019355239215608,0.0149584404173359,-0.6697541099949226,0.7684494361122393,1.019355239215608,0.0149584404173359,8.703619728839529,0.0834549077579506,-2.224545915074927e-05,2.224545915074927e-05,-2.0463903573136096e-05,True,0.21235381197243441
0.02,5.0,0.004,800,16.0,2.269018972711478e-09,-1.039311248486768,0.0,1.039311248486768,3.5046752880710875e-14,-0.6345524832682932,-0.7557173322731361,0.9867955919642036,0.179249950698622,-0.6345524832682932,0.7557173322731361,0.9867955919642036,0.179249950698622,0.99109515824566,0.6831448760767924,0.3079502821688675,360,3.931124848676815,0.0385582326911349,real flip,0.004,0.25,0.9314692820413768,8.001814692820414,800,16.0,2.246835273389536e-09,-1.0392158733797932,0.0,1.0392158733797932,3.141592653589793,real flip,2.627259344993695e-09,0.6834282777688547,0.3103727151697629,0.9938009929386176,560,4.811860322952271,-0.6597186568654057,-0.7650622898275838,1.0102222594719048,0.0040130757352774,-0.6597186568654057,0.7650622898275838,1.0102222594719048,0.0040130757352774,-0.9295401699777924,-0.3092439558987195,0.9796309263504458,0.1736199432740328,-0.9295401699777924,0.3092439558987195,0.9796309263504458,0.1736199432740328,3.9215873379793154,0.0384664608724864,-9.537510697477103e-05,9.537510697477103e-05,-9.176760774372135e-05,True,0.15926535897926897
0.02,10.0,0.002,800,16.0,6.004136077208955e-10,-1.1188468231141782,0.0,1.1188468231141782,1.8202799568416067e-10,-0.9725908609346332,-0.394004050655813,1.049367511745413,0.0001261579419505,-0.9725908609346332,0.394004050655813,1.049367511745413,0.0001261579419505,0.999522723387586,0.794255387815265,0.2052673355723209,220,11.884682311417816,0.112298532662439,real flip,0.002,0.25,0.9314692820413768,8.001814692820414,800,16.0,3.2689217899402323e-09,-1.1187529833220369,0.0,1.1187529833220369,3.141592653589793,real flip,2.1840264001235067e-11,0.7941724534447202,0.2054639115484114,0.9996363649931316,240,7.390649080276489,-0.9725064047724316,-0.3939522746515256,1.0492697946793816,4.927576915395674e-05,-0.9725064047724316,0.3939522746515256,1.0492697946793816,4.927576915395674e-05,-0.5805069987290915,-0.8304099388282644,1.013197434895203,0.034419526166132,-0.5805069987290915,0.8304099388282644,1.013197434895203,0.034419526166132,11.875298332203688,0.1122146572599418,-9.383979214128146e-05,9.383979214128146e-05,-8.387188505401434e-05,True,0.15926535897926897
0.02,15.0,0.0013333333333333,800,16.0,2.6443414125054687e-10,-1.1282183418999705,0.0,1.1282183418999705,8.309809613197604e-11,-0.9727941093903838,-0.4064844409120966,1.0543045005918592,0.0001606767110446,-0.9727941093903838,0.4064844409120966,1.0543045005918592,0.0001606767110446,0.999594397199108,0.7953339990918824,0.2042603981072258,220,12.821834189997029,0.1206396998586381,real flip,0.0013333333333333,0.25,0.9314692820413768,8.001814692820414,800,16.0,2.6630220251178116e-10,-1.1282301582610623,0.0,1.1282301582610623,3.141592653589793,real flip,3.289998632385112e-11,0.7954179535897321,0.2042575928440548,0.999675546433787,220,11.799489259719849,-0.9728045077891112,-0.4064931210439222,1.0543174416800871,4.5799778045055e-05,-0.9728045077891112,0.4064931210439222,1.0543174416800871,4.5799778045055e-05,-0.5623261821907688,-0.8360976562858573,1.00760608673427,0.078426156035306,-0.5623261821907688,0.8360976562858573,1.00760608673427,0.078426156035306,12.823015826106232,0.1206501732739111,1.1816361091820937e-05,1.1816361091820937e-05,1.0473470119198429e-05,True,0.15926535897926897
0.02,20.0,0.001,800,16.0,1.5895307292623784e-10,-1.130942228782,0.0,1.130942228782,1.123186944702927e-09,-0.9725506982087184,-0.4104727224708075,1.055624325448624,0.0001938135856948,-0.9725506982087184,0.4104727224708075,1.055624325448624,0.0001938135856948,0.9996113887633122,0.7950310050103114,0.2045803837530007,180,13.094222878200013,0.1230511160610211,real flip,0.001,0.25,0.9314692820413768,8.001814692820414,800,16.0,1.9240415488299631e-10,-1.130952135501076,0.0,1.130952135501076,3.141592653589793,real flip,1.8525638470174512e-11,0.794998888227791,0.2046873621457107,0.9996862503735018,220,6.324505567550659,-0.9725534983485212,-0.4104868565150852,1.0556324012276164,3.457316803066831e-05,-0.9725534983485212,0.4104868565150852,1.0556324012276164,3.457316803066831e-05,-0.5495437369870566,-0.8393475906770843,1.0032460799012002,0.1116075373193914,-0.5495437369870566,0.8393475906770843,1.0032460799012002,0.1116075373193914,13.095213550107609,0.1230598757265762,9.90671907619145e-06,9.90671907619145e-06,8.75970392126994e-06,True,0.15926535897926897
0.02,30.0,0.0006666666666666,800,16.0,8.276801466422512e-11,-1.1327890421812117,0.0,1.1327890421812117,1.9875397951745624e-10,-0.9723028716352804,-0.4132564105028941,1.0564817722099842,8.660382384400376e-05,-0.9723028716352804,0.4132564105028941,1.0564817722099842,8.660382384400376e-05,0.9996213382546054,0.7947362074816814,0.204885130772924,200,13.278904218121143,0.1246827706947939,real flip,0.0006666666666666,0.25,0.9314692820413768,8.001814692820414,800,16.0,1.4770672828190183e-10,-1.1327947230332227,0.0,1.1327947230332227,3.141592653589793,real flip,1.072945734850584e-10,0.7946979184490751,0.2049948196357532,0.9996927380848284,200,10.77235460281372,-0.9723060598147838,-0.4132660100818668,1.056488461385895,6.129421692255671e-05,-0.9723060598147838,0.4132660100818668,1.056488461385895,6.129421692255671e-05,-0.5365674922513719,-0.8335892519570351,0.991350450002024,0.1263551223776579,-0.5365674922513719,0.8335892519570351,0.991350450002024,0.1263551223776579,13.27947230332227,0.124687785607152,5.680852011025195e-06,5.680852011025195e-06,5.014924932612856e-06,True,0.15926535897926897
0.03,5.0,0.006,533,16.0,7.729121898059077e-09,-1.0591665762886415,-0.1599996308369636,1.071183326137486,2.009263319562828e-09,-1.0591665762886415,0.1599996308369636,1.071183326137486,2.009263319562828e-09,-0.7734375877690978,-0.6600205101800032,1.0167756763575495,0.0086097875571077,0.9961123987914292,0.5772509314688102,0.4188614673226191,320,7.1183326137486125,0.0687639496813413,complex pair,0.006,0.25,0.3709795213609084,8.004314692820413,533,16.0,7.85108167367099e-09,-1.059263700882084,0.1601547157711842,1.071302534763247,2.9915348158728587,complex pair,7.582870418158051e-10,0.5777726534823352,0.4201733414891763,0.9979459949715116,340,2.764612913131714,-1.059263700882084,-0.1601547157711842,1.071302534763247,7.582870418158051e-10,-0.7735790493791825,-0.6600240949273875,1.0168856137851083,0.0077331367399108,-0.7735790493791825,0.6600240949273875,1.0168856137851083,0.0077331367399108,-0.1495966177246222,-0.8662934711760564,0.8791151950893055,0.3989152855146479,7.130253476324699,0.0688752303465343,0.00011920862576109137,0.00011920862576109137,0.0001112868571161749,True,0.10617690598621721
0.03,10.0,0.003,533,16.0,2.246591912502538e-09,-1.0904139502348964,-0.2071616725882142,1.109918258907573,3.777105439954447e-10,-1.0904139502348964,0.2071616725882142,1.109918258907573,3.777105439954447e-10,-0.7269339577958345,-0.7275448817213189,1.028471941238848,0.0047094084128151,0.9993413005559848,0.5811935140977144,0.4181477864582705,220,10.991825890757267,0.1042863719888305,complex pair,0.003,0.25,0.3709795213609084,8.004314692820413,533,16.0,1.9174571930236084e-09,-1.0903788841359423,0.2071298426786821,1.1098778683700468,2.9538680126045422,complex pair,1.2876076436427877e-10,0.5817194172747604,0.4178799537914684,0.9995993710662288,240,4.96648097038269,-1.0903788841359423,-0.2071298426786821,1.1098778683700468,1.2876076436427877e-10,-0.7265347359843055,-0.7278814381961107,1.0284279802991667,0.0034957134110876,-0.7265347359843055,0.7278814381961107,1.0284279802991667,0.0034957134110876,-0.2674417499218832,-0.397010863983688,0.478688537279047,0.8052196508169349,10.987786837004675,0.1042499807752104,-4.039053752613597e-05,4.039053752613597e-05,-3.639055146807838e-05,True,0.10617690598621721
0.03,15.0,0.002,533,16.0,1.1081991990735671e-09,-1.094074585502386,-0.2137877619107643,1.1147665252352312,2.9227245588868634e-10,-1.094074585502386,0.2137877619107643,1.1147665252352312,2.9227245588868634e-10,-0.7115710112035831,-0.7372456549356932,1.0246289375704989,0.0065650964030423,0.9994371289136196,0.5793874663562159,0.4200496625574036,220,11.476652523523123,0.1086449885781478,complex pair,0.002,0.25,0.3709795213609084,8.004314692820413,533,16.0,8.840427279110941e-10,-1.0940881042759316,0.2137992132231185,1.1147819892216264,2.948611382431273,complex pair,3.848963574375679e-10,0.5800783016736771,0.4195634893430787,0.999641791016756,220,7.483981370925903,-1.0940881042759316,-0.2137992132231185,1.1147819892216264,3.848963574375679e-10,-0.7125493236538488,-0.7378508291616577,1.0257438202271087,0.0092904211241969,-0.7125493236538488,0.7378508291616577,1.0257438202271087,0.0092904211241969,-0.2636499286612576,-0.3715982780530287,0.4556276606342752,0.7072970135685059,11.47819892216264,0.1086588604327364,1.5463986395181095e-05,1.5463986395181095e-05,1.3871950803257192e-05,True,0.10617690598621721
0.03,20.0,0.0015,533,16.0,6.593371959517923e-10,-1.0951986023818283,-0.21600291999837,1.116296215216612,2.544303231960664e-10,-1.0951986023818283,0.21600291999837,1.116296215216612,2.544303231960664e-10,-0.7063351936584846,-0.7427608497311675,1.0249893100388583,0.0085920844457964,0.999462565653938,0.5785700062281565,0.4208925594257815,220,11.629621521661203,0.1100162545612547,complex pair,0.0015,0.25,0.3709795213609084,8.004314692820413,533,16.0,5.577023287628433e-10,-1.0952170484703068,0.2160221456485662,1.1163180329416078,2.9468509939094285,complex pair,3.245023740010536e-11,0.5793977583319708,0.4202552670328104,0.9996530253647812,240,9.46454691886902,-1.0952170484703068,-0.2160221456485662,1.1163180329416078,3.245023740010536e-11,-0.7061854484698314,-0.7426430955945493,1.024800787989935,0.0058422533012458,-0.7061854484698314,0.7426430955945493,1.024800787989935,0.0058422533012458,-0.391545459561325,-0.4889696235569573,0.6264177038243106,0.8426708982547971,11.63180329416078,0.1100357991153705,2.1817724995765175e-05,2.1817724995765175e-05,1.9544745111880136e-05,True,0.10617690598621721
0.03,30.0,0.001,533,16.0,4.3908201380338236e-10,-1.095955615266741,-0.2175578185765841,1.1173406441450622,1.950916952396348e-10,-1.095955615266741,0.2175578185765841,1.1173406441450622,1.950916952396348e-10,-0.7037008595964482,-0.7467269519450977,1.0260584976296412,0.0112882156843024,0.9994786272938544,0.5779667340353349,0.4215118932585195,220,11.734064414506218,0.1109514370195771,complex pair,0.001,0.25,0.3709795213609084,8.004314692820413,533,16.0,2.9075464258454526e-10,-1.0959698810855354,0.2175777263409911,1.1173585133010613,2.9456154960773566,complex pair,2.438501440487022e-10,0.5788676045545192,0.420792582246135,0.9996601868006544,220,14.074847221374512,-1.0959698810855354,-0.2175777263409911,1.1173585133010613,2.438501440487022e-10,-0.7045840179733038,-0.7465150806694868,1.026510303918268,0.0096834663006254,-0.7045840179733038,0.7465150806694868,1.026510303918268,0.0096834663006254,-0.2267759495072426,0.4039434297862184,0.4632468302561444,0.8159262333777645,11.73585133010613,0.1109674294684398,1.7869155999106212e-05,1.7869155999106212e-05,1.5992576742591218e-05,True,0.10617690598621721
