case,cell,time,q,q_gauge,hp_edge
h0.01_k5_min,0,0.0,-0.0002289411587844196,0.0002289411587844196,0.00022894118795089227
h0.01_k5_min,1,0.01,0.00024211390000864386,0.00024211390000864386,0.00024205978777855458
h0.01_k5_min,2,0.02,-0.0002559794612250934,0.0002559794612250934,0.0002559240634866567
h0.01_k5_min,3,0.03,0.00027067994697992873,0.00027067994697992873,0.0002705930705585739
h0.01_k5_min,4,0.04,-0.00028617539021271246,0.00028617539021271246,0.00028609857094524517
h0.01_k5_min,5,0.05,0.0003026025906327707,0.0003026025906327707,0.0003024998180026481
h0.01_k5_min,6,0.06,-0.00031976400976568235,0.00031976400976568235,0.00031977241958491235
h0.01_k5_min,7,0.07,0.000338146666749977,0.000338146666749977,0.0003381122772535694
h0.01_k5_min,8,0.08,-0.0003572956791894093,0.0003572956791894093,0.0003574468334596659
h0.01_k5_min,9,0.09,0.00037796131601362153,0.00037796131601362153,0.0003781113105334741
h0.01_k5_min,10,0.1,-0.00039935760212947766,0.00039935760212947766,0.0003995915277230248
h0.01_k5_min,11,0.11,0.00042247510922985255,0.00042247510922985255,0.0004226774760974484
h0.01_k5_min,12,0.12,-0.00044642988910022403,0.00044642988910022403,0.00044664143678301656
h0.01_k5_min,13,0.13,0.00047235255989094946,0.00047235255989094946,0.00047222905181210995
h0.01_k5_min,14,0.14,-0.0004990995451063845,0.0004990995451063845,0.0004991323511101362
h0.01_k5_min,15,0.15,0.0005279820663072292,0.0005279820663072292,0.0005279639043769324
h0.01_k5_min,16,0.16,-0.0005578015825760513,0.0005578015825760513,0.0005580585579529158
h0.01_k5_min,17,0.17,0.000590183022814899,0.000590183022814899,0.0005901957693425037
h0.01_k5_min,18,0.18,-0.0006234657882827975,0.0006234657882827975,0.0006237136609663148
h0.01_k5_min,19,0.19,0.0006598320557118802,0.0006598320557118802,0.0006596092644341884
h0.01_k5_min,20,0.2,-0.0006969913076386579,0.0006969913076386579,0.000697270611681578
h0.01_k5_min,21,0.21,0.0007377477772735655,0.0007377477772735655,0.0007371478611439969
h0.01_k5_min,22,0.22,-0.0007791076020263147,0.0007791076020263147,0.0007795160526028282
h0.01_k5_min,23,0.23,0.0008247413243253909,0.0008247413243253909,0.0008242634081827402
h0.01_k5_min,24,0.24,-0.000870791567251938,0.000870791567251938,0.000871296180970875
h0.01_k5_min,25,0.25,0.0009219037185867964,0.0009219037185867964,0.0009212525153355019
h0.01_k5_min,26,0.26,-0.000973224040899532,0.000973224040899532,0.0009740080873570799
h0.01_k5_min,27,0.27,0.001030517631022933,0.001030517631022933,0.0010297929183012348
h0.01_k5_min,28,0.28,-0.0010876216065052848,0.0010876216065052848,0.0010886506528507102
h0.01_k5_min,29,0.29,0.0011517174074279918,0.0011517174074279918,0.001151065429590851
h0.01_k5_min,30,0.3,-0.0012151795344443957,0.0012151795344443957,0.001216911340190434
h0.01_k5_min,31,0.31,0.0012870431741119712,0.0012870431741119712,0.001286620212828438
h0.01_k5_min,32,0.32,-0.0013576773456214076,0.0013576773456214076,0.0013598484977978657
h0.01_k5_min,33,0.33,0.00143812376402822,0.00143812376402822,0.0014380614138847485
h0.01_k5_min,34,0.34,-0.0015166988862423876,0.0015166988862423876,0.0015196302152991185
h0.01_k5_min,35,0.35000000000000003,0.0016069098233669177,0.0016069098233669177,0.001606781988889569
h0.01_k5_min,36,0.36,-0.0016941467172696867,0.0016941467172696867,0.0016982679544940706
h0.01_k5_min,37,0.37,0.0017951507871387263,0.0017951507871387263,0.0017956805502363394
h0.01_k5_min,38,0.38,-0.0018919812759205727,0.0018919812759205727,0.001897388869964193
h0.01_k5_min,39,0.39,0.00200519541298537,0.00200519541298537,0.002006301543303235
h0.01_k5_min,40,0.4,-0.0021125360807885546,0.0021125360807885546,0.0021198520349012405
h0.01_k5_min,41,0.41000000000000003,0.002239404307777406,0.002239404307777406,0.0022414986177656236
h0.01_k5_min,42,0.42,-0.0023583433503210306,0.0023583433503210306,0.002367962441957057
h0.01_k5_min,43,0.43,0.0025005939039774725,0.0025005939039774725,0.0025038370080923016
h0.01_k5_min,44,0.44,-0.002632100891155526,0.002632100891155526,0.0026453791122186708
h0.01_k5_min,45,0.45,0.0027914164982540523,0.0027914164982540523,0.0027964500436098
h0.01_k5_min,46,0.46,-0.002936569218224905,0.002936569218224905,0.002954266480915107
h0.01_k5_min,47,0.47000000000000003,0.003114911746897962,0.003114911746897962,0.0031227974497063642
h0.01_k5_min,48,0.48,-0.003274869409456837,0.003274869409456837,0.0032983851676001708
h0.01_k5_min,49,0.49,0.003474475503052638,0.003474475503052638,0.003485800834755974
h0.01_k5_min,50,0.5,-0.0036504908185431037,0.0036504908185431037,0.0036818758307466423
h0.01_k5_min,51,0.51,0.0038737102169346138,0.0038737102169346138,0.003890003406914275
h0.01_k5_min,52,0.52,-0.0040667969055628375,0.0040667969055628375,0.0041087643915058885
h0.01_k5_min,53,0.53,0.004316078900878277,0.004316078900878277,0.004339332916627032
h0.01_k5_min,54,0.54,-0.004527217757555614,0.004527217757555614,0.004583338740951556
h0.01_k5_min,55,0.55,0.004804990368959217,0.004804990368959217,0.004838006764499833
h0.01_k5_min,56,0.56,-0.005035233311271303,0.005035233311271303,0.005110041633119571
h0.01_k5_min,57,0.5700000000000001,0.005344234685636924,0.005344234685636924,0.005391133320587314
h0.01_k5_min,58,0.58,-0.005594231663246851,0.005594231663246851,0.005695279568360177
h0.01_k5_min,59,0.59,0.005937148369587144,0.005937148369587144,0.006003977899048313
h0.01_k5_min,60,0.6,-0.006207251088166583,0.006207251088166583,0.006343873248352163
h0.01_k5_min,61,0.61,0.0065868680470666605,0.0065868680470666605,0.006681539220684951
h0.01_k5_min,62,0.62,-0.006877026768443117,0.006877026768443117,0.007060807363231884
h0.01_k5_min,63,0.63,0.007295633673187776,0.007295633673187776,0.00742898859496619
h0.01_k5_min,64,0.64,-0.007605073827174584,0.007605073827174584,0.007851910882492858
h0.01_k5_min,65,0.65,0.008064385845884342,0.008064385845884342,0.008251337269126906
h0.01_k5_min,66,0.66,-0.008391372612005543,0.008391372612005543,0.008722699956735544
h0.01_k5_min,67,0.67,0.008892088695518614,0.008892088695518614,0.00915363341730285
h0.01_k5_min,68,0.68,-0.00923378341380282,0.00923378341380282,0.009677398105735084
h0.01_k5_min,69,0.6900000000000001,0.00977603989784604,0.00977603989784604,0.010138093942824195
h0.01_k5_min,70,0.7000000000000001,-0.010127968538619386,0.010127968538619386,0.010718272245477993
h0.01_k5_min,71,0.71,0.010710645470774483,0.010710645470774483,0.011207767728009639
h0.01_k5_min,72,0.72,-0.01106646643656026,0.01106646643656026,0.011848505180566994
h0.01_k5_min,73,0.73,0.011686678269836657,0.011686678269836657,0.012363084928410867
h0.01_k5_min,74,0.74,-0.012037479514869751,0.012037479514869751,0.013067713400474237
h0.01_k5_min,75,0.75,0.012690619456946835,0.012690619456946835,0.013601853164948725
h0.01_k5_min,76,0.76,-0.013024436744101205,0.013024436744101205,0.014372602549101327
h0.01_k5_min,77,0.77,0.013703567726582272,0.013703567726582272,0.014919438834026246
h0.01_k5_min,78,0.78,-0.014005696437064404,0.014005696437064404,0.01575619914332685
h0.01_k5_min,79,0.79,0.014701266026975296,0.014701266026975296,0.016305855744380707
h0.01_k5_min,80,0.8,-0.014953944995063324,0.014953944995063324,0.01720722576182513
h0.01_k5_min,81,0.81,0.01565247911656707,0.01565247911656707,0.01774725484328762
h0.01_k5_min,82,0.8200000000000001,-0.015834989477487908,0.015834989477487908,0.01870841254897538
h0.01_k5_min,83,0.8300000000000001,0.016518352549522733,0.016518352549522733,0.0192218700505919
h0.01_k5_min,84,0.84,-0.016607147739730852,0.016607147739730852,0.02023572467967541
h0.01_k5_min,85,0.85,0.017253810715526525,0.017253810715526525,0.020704538254813044
h0.01_k5_min,86,0.86,-0.01722293986829833,0.01722293986829833,0.021760647170544208
h0.01_k5_min,87,0.87,0.017808766810116367,0.017808766810116367,0.022163075905124244
h0.01_k5_min,88,0.88,-0.01763139027370172,0.01763139027370172,0.023247538529018983
h0.01_k5_min,89,0.89,0.01813075748523868,0.01813075748523868,0.023558834355250746
h0.01_k5_min,90,0.9,-0.0177806440084185,0.0177806440084185,0.024654762723545907
h0.01_k5_min,91,0.91,0.018167649072410995,0.018167649072410995,0.024848443522464233
h0.01_k5_min,92,0.92,-0.01762032738921879,0.01762032738921879,0.025933358430437686
h0.01_k5_min,93,0.93,0.017871370385718285,0.017871370385718285,0.02598341794185743
h0.01_k5_min,94,0.9400000000000001,-0.017104985268699094,0.017104985268699094,0.027026504637932415
h0.01_k5_min,95,0.9500000000000001,0.01720070999720808,0.01720070999720808,0.02691022191543964
h0.01_k5_min,96,0.96,-0.01620092598372374,0.01620092598372374,0.027873036083273742
h0.01_k5_min,97,0.97,0.016129491954927713,0.016129491954927713,0.02756699276590946
h0.01_k5_min,98,0.98,-0.014894273618775686,0.014894273618775686,0.02840897524106068
h0.01_k5_min,99,0.99,0.014653640362449587,0.014653640362449587,0.027894892646125796
h0.01_k5_min,100,1.0,-0.013195237578135581,0.013195237578135581,0.028574691053488414
h0.01_k5_min,101,1.01,0.012794331029206171,0.012794331029206171,0.027839806310721707
h0.01_k5_min,102,1.02,-0.011140975634445903,0.011140975634445903,0.028315508184223473
h0.01_k5_min,103,1.03,0.010599443979504524,0.010599443979504524,0.027351626083863944
h0.01_k5_min,104,1.04,-0.008793320167822829,0.008793320167822829,0.027584772618925054
h0.01_k5_min,105,1.05,0.008138927021144039,0.008138927021144039,0.026385987171824072
h0.01_k5_min,106,1.06,-0.006234316521420425,0.006234316521420425,0.02634387152817405
h0.01_k5_min,107,1.07,0.005498948829153399,0.005498948829153399,0.024903581793291087
h0.01_k5_min,108,1.08,-0.0035566024671320794,0.0035566024671320794,0.024558604058413345
h0.01_k5_min,109,1.09,0.002770816800830904,0.002770816800830904,0.02305112226486488
h0.01_k5_min,110,1.1,-0.0008520852686209036,0.0008520852686209036,0.02340822522429136
h0.01_k5_min,111,1.11,3.8530404698843175e-05,3.8530404698843175e-05,0.023335996325362034
h0.01_k5_min,112,1.12,0.0018036882922231883,-0.0018036882922231883,0.02353697079447324
h0.01_k5_min,113,1.1300000000000001,-0.002637518947715028,-0.002637518947715028,0.023400132019921943
h0.01_k5_min,114,1.1400000000000001,0.004368244351398502,-0.004368244351398502,0.02343370248042697
h0.01_k5_min,115,1.1500000000000001,-0.0052337316829863265,-0.0052337316829863265,0.023240826216868404
h0.01_k5_min,116,1.16,0.006843623185316374,-0.006843623185316374,0.023097025983518777
h0.01_k5_min,117,1.17,-0.007760911528547905,-0.007760911528547905,0.022861211062656428
h0.01_k5_min,118,1.18,0.009269123703635685,-0.009269123703635685,0.02252581601554216
h0.01_k5_min,119,1.19,-0.010272697073740808,-0.010272697073740808,0.022260857801364636
h0.01_k5_min,120,1.2,0.011726218652944848,-0.011726218652944848,0.021713466732876965
h0.01_k5_min,121,1.21,-0.012840972086795554,-0.012840972086795554,0.02142098758931067
h0.01_k5_min,122,1.22,0.014306931470729431,-0.014306931470729431,0.02063689570407257
h0.01_k5_min,123,1.23,-0.015499358508500621,-0.015499358508500621,0.0203014546886197
h0.01_k5_min,124,1.24,0.017025481774136174,-0.017025481774136174,0.019247472991868582
h0.01_k5_min,125,1.25,-0.018229053488060976,-0.018229053488060976,0.01882995954212253
h0.01_k5_min,126,1.26,0.019793444870505612,-0.019793444870505612,0.017469833911713892
h0.01_k5_min,127,1.27,-0.02093977378693158,-0.02093977378693158,0.016904290544947076
h0.01_k5_min,128,1.28,0.02249837187968072,-0.02249837187968072,0.015689159828348336
h0.01_k5_min,129,1.29,-0.023517320859844752,-0.023517320859844752,0.017727575044349526
h0.01_k5_min,130,1.3,0.025035129600841977,-0.025035129600841977,0.019660403851492113
h0.01_k5_min,131,1.31,-0.025855870381798454,-0.025855870381798454,0.021488026466921044
h0.01_k5_min,132,1.32,0.027293959942376038,-0.027293959942376038,0.023443785519710703
h0.01_k5_min,133,1.33,-0.027846569411364805,-0.027846569411364805,0.025154772230022267
h0.01_k5_min,134,1.34,0.02918556569610993,-0.02918556569610993,0.027181885405507707
h0.01_k5_min,135,1.35,-0.029405796919545854,-0.029405796919545854,0.028974320263499477
h0.01_k5_min,136,1.36,0.030617027491860033,-0.030617027491860033,0.031055341089195658
h0.01_k5_min,137,1.37,-0.030418371212527273,-0.030418371212527273,0.033082633456185354
h0.01_k5_min,138,1.3800000000000001,0.03135680732317589,-0.03135680732317589,0.035026170813878696
h0.01_k5_min,139,1.3900000000000001,-0.03057900975836383,-0.03057900975836383,0.037286238016013766
h0.01_k5_min,140,1.4000000000000001,0.030981096052232888,-0.030981096052232888,0.03873761594389266
h0.01_k5_min,141,1.41,-0.02939677707408786,-0.02939677707408786,0.04102240525300891
h0.01_k5_min,142,1.42,0.029042406343374967,-0.029042406343374967,0.04165359534942089
h0.01_k5_min,143,1.43,-0.026503007142857263,-0.026503007142857263,0.04377508388514201
h0.01_k5_min,144,1.44,0.025299645019583483,-0.025299645019583483,0.04344538401171715
h0.01_k5_min,145,1.45,-0.02177642313963793,-0.02177642313963793,0.04525366070239993
h0.01_k5_min,146,1.46,0.019763227179303337,-0.019763227179303337,0.04403986137903568
h0.01_k5_min,147,1.47,-0.015340199742189989,-0.015340199742189989,0.045460939182650734
h0.01_k5_min,148,1.48,0.012632161782552161,-0.012632161782552161,0.04363097153430252
h0.01_k5_min,149,1.49,-0.007436713266855213,-0.007436713266855213,0.04467399105162377
h0.01_k5_min,150,1.5,0.00416349503646889,-0.00416349503646889,0.04251306232948381
h0.01_k5_max,0,0.0,0.0024561447937374485,0.0024561447937374485,0.002456144706445348
h0.01_k5_max,1,0.01,-0.0026070346537137427,0.0026070346537137427,0.0025989710784600837
h0.01_k5_max,2,0.02,0.002740605327859899,0.002740605327859899,0.002739928443158964
h0.01_k5_max,3,0.03,-0.0029102369226900416,0.0029102369226900416,0.0029001238927856368
h0.01_k5_max,4,0.04,0.003057149099364534,0.003057149099364534,0.003056707195820548
h0.01_k5_max,5,0.05,-0.0032478870477513637,0.0032478870477513637,0.003236505539905834
h0.01_k5_max,6,0.06,0.003409000283755745,0.003409000283755745,0.0034099192218211387
h0.01_k5_max,7,0.07,-0.003623470734517069,0.003623470734517069,0.003611314023071368
h0.01_k5_max,8,0.08,0.003799615200154296,0.003799615200154296,0.0038033176080678214
h0.01_k5_max,9,0.09,-0.0040406289725131595,0.0040406289725131595,0.004028741438055774
h0.01_k5_max,10,0.1,0.004232377584598135,0.004232377584598135,0.0042409169547883265
h0.01_k5_max,11,0.11,-0.00450321607773058,0.00450321607773058,0.004492815894213392
h0.01_k5_max,12,0.12,0.004711148508475898,0.004711148508475898,0.004728909943187643
h0.01_k5_max,13,0.13,-0.005015253541438019,0.005015253541438019,0.0050000142899481155
h0.01_k5_max,14,0.14,0.005239330413926385,0.005239330413926385,0.005281053249313709
h0.01_k5_max,15,0.15,-0.0055803567062567335,0.0055803567062567335,0.005580215165106794
h0.01_k5_max,16,0.16,0.005820287980785035,0.005820287980785035,0.005885256545928577
h0.01_k5_max,17,0.17,-0.006202415388072551,0.006202415388072551,0.006212526944256472
h0.01_k5_max,18,0.18,0.006457525344173078,0.006457525344173078,0.006550372617666223
h0.01_k5_max,19,0.19,-0.006884478958673484,0.006884478958673484,0.006910384831704774
h0.01_k5_max,20,0.2,0.007153369532777922,0.007153369532777922,0.007283762892827485
h0.01_k5_max,21,0.21,-0.007629641101536987,0.007629641101536987,0.00767726158792538
h0.01_k5_max,22,0.22,0.007909767400494885,0.007909767400494885,0.008088996516859596
h0.01_k5_max,23,0.23,-0.008439971906199158,0.008439971906199158,0.008520256826993203
h0.01_k5_max,24,0.24,0.008727523558350882,0.008727523558350882,0.008971927404983843
h0.01_k5_max,25,0.25,-0.009315840543482841,0.009315840543482841,0.009451244615012573
h0.01_k5_max,26,0.26,0.009604651136775938,0.009604651136775938,0.00993016890277722
h0.01_k5_max,27,0.27,-0.010254976416747427,0.010254976416747427,0.010455481411623576
h0.01_k5_max,28,0.28,0.01053557829069882,0.01053557829069882,0.010987834633613447
h0.01_k5_max,29,0.29,-0.011251630436965705,0.011251630436965705,0.01155704519812307
h0.01_k5_max,30,0.3,0.011511447606276239,0.011511447606276239,0.012127554084990375
h0.01_k5_max,31,0.31,-0.012295823356461358,0.012295823356461358,0.012735182855006239
h0.01_k5_max,32,0.32,0.012519863452574335,0.012519863452574335,0.013343619767317669
h0.01_k5_max,33,0.33,-0.013374595553546406,0.013374595553546406,0.013991673314206813
h0.01_k5_max,34,0.34,0.013543657758833195,0.013543657758833195,0.0146357678985122
h0.01_k5_max,35,0.35000000000000003,-0.014468598543928003,0.014468598543928003,0.015318765799438961
h0.01_k5_max,36,0.36,0.014559611035895129,0.014559611035895129,0.015996718451946487
h0.01_k5_max,37,0.37,-0.015553589691484175,0.015553589691484175,0.01670220139319377
h0.01_k5_max,38,0.38,0.015538842002911111,0.015538842002911111,0.017418987455843728
h0.01_k5_max,39,0.39,-0.016598350435599568,0.016598350435599568,0.018143513223824303
h0.01_k5_max,40,0.4,0.016447203335239916,0.016447203335239916,0.018867947464342602
h0.01_k5_max,41,0.41000000000000003,-0.017566260726245595,0.017566260726245595,0.01960766485074051
h0.01_k5_max,42,0.42,0.01724233123777323,0.01724233123777323,0.02034583015046994
h0.01_k5_max,43,0.43,-0.01841129901142493,0.01841129901142493,0.02108505200805085
h0.01_k5_max,44,0.44,0.017875960241016058,0.017875960241016058,0.021811018717109068
h0.01_k5_max,45,0.45,-0.019080198187576322,0.019080198187576322,0.02252413812147103
h0.01_k5_max,46,0.46,0.018295806946258226,0.018295806946258226,0.023220780206613625
h0.01_k5_max,47,0.47000000000000003,-0.01951716599083013,0.01951716599083013,0.023891083963662595
h0.01_k5_max,48,0.48,0.018446717256722582,0.018446717256722582,0.02453615907526151
h0.01_k5_max,49,0.49,-0.019662267740716763,0.019662267740716763,0.02514631299669342
h0.01_k5_max,50,0.5,0.018274052407822615,0.018274052407822615,0.025708657130541088
h0.01_k5_max,51,0.51,-0.019460971990728305,0.019460971990728305,0.026230424213034863
h0.01_k5_max,52,0.52,0.01772925415853674,0.01772925415853674,0.02670570022966348
h0.01_k5_max,53,0.53,-0.01886596861317113,0.01886596861317113,0.027106578518806917
h0.01_k5_max,54,0.54,0.016779203701777882,0.016779203701777882,0.02745631453700858
h0.01_k5_max,55,0.55,-0.017848093070710683,0.017848093070710683,0.027718639448223167
h0.01_k5_max,56,0.56,0.01540654675823272,0.01540654675823272,0.02793463171227341
h0.01_k5_max,57,0.5700000000000001,-0.016395007988704555,0.016395007988704555,0.028036327343330017
h0.01_k5_max,58,0.58,0.013616570422276326,0.013616570422276326,0.028084994997971967
h0.01_k5_max,59,0.59,-0.014519717878924494,0.014519717878924494,0.027993303927141954
h0.01_k5_max,60,0.6,0.011446817531562884,0.011446817531562884,0.027857495997231814
h0.01_k5_max,61,0.61,-0.012267476400792284,0.012267476400792284,0.02754654600707239
h0.01_k5_max,62,0.62,0.008961792595041351,0.008961792595041351,0.027215899245588992
h0.01_k5_max,63,0.63,-0.009709236425052862,0.009709236425052862,0.026666581551247195
h0.01_k5_max,64,0.64,0.006251148038706593,0.006251148038706593,0.026109776495411005
h0.01_k5_max,65,0.65,-0.006937818033538696,0.006937818033538696,0.02530776256112361
h0.01_k5_max,66,0.66,0.0034139184830358172,0.0034139184830358172,0.02452207273275981
h0.01_k5_max,67,0.67,-0.004049854709573989,0.004049854709573989,0.02379327023030266
h0.01_k5_max,68,0.68,0.0005527571351918053,0.0005527571351918053,0.023695324120354296
h0.01_k5_max,69,0.6900000000000001,-0.0011399052746350832,0.0011399052746350832,0.023951825541560952
h0.01_k5_max,70,0.7000000000000001,-0.0022519387711366344,-0.0022519387711366344,0.023739608246425018
h0.01_k5_max,71,0.71,0.0017256583316203865,-0.0017256583316203865,0.023897639083701103
h0.01_k5_max,72,0.72,-0.004955982600801868,-0.004955982600801868,0.02355592163197522
h0.01_k5_max,73,0.73,0.004513759875813982,-0.004513759875813982,0.02362019805960746
h0.01_k5_max,74,0.74,-0.0075557463938732096,-0.0075557463938732096,0.023149937461092708
h0.01_k5_max,75,0.75,0.007225957919678736,-0.007225957919678736,0.023128228486663818
h0.01_k5_max,76,0.76,-0.010094820887501712,-0.010094820887501712,0.022544161840963778
h0.01_k5_max,77,0.77,0.009913875935292032,-0.009913875935292032,0.02242750688758102
h0.01_k5_max,78,0.78,-0.012650025870016453,-0.012650025870016453,0.02172808561236344
h0.01_k5_max,79,0.79,0.012657446041131358,-0.012657446041131358,0.021524364464829002
h0.01_k5_max,80,0.8,-0.015315767660192773,-0.015315767660192773,0.02070502348175007
h0.01_k5_max,81,0.81,0.01551379960259571,-0.01551379960259571,0.02037543822753165
h0.01_k5_max,82,0.8200000000000001,-0.01812309972853061,-0.01812309972853061,0.019418391352805448
h0.01_k5_max,83,0.8300000000000001,0.0184572399014863,-0.0184572399014863,0.018913665424488725
h0.01_k5_max,84,0.84,-0.02099634989435692,-0.02099634989435692,0.017812769194683917
h0.01_k5_max,85,0.85,0.021400368237503305,-0.021400368237503305,0.01704402380822747
h0.01_k5_max,86,0.86,-0.02381562634193641,-0.02381562634193641,0.01581964372935134
h0.01_k5_max,87,0.87,0.02422607186567967,-0.02422607186567967,0.01750943145779671
h0.01_k5_max,88,0.88,-0.026455790232366546,-0.026455790232366546,0.019812462258039246
h0.01_k5_max,89,0.89,0.026820320244341538,-0.026820320244341538,0.021296355122519615
h0.01_k5_max,90,0.9,-0.028817927104334375,-0.028817927104334375,0.023491648618269224
h0.01_k5_max,91,0.91,0.029060678634552767,-0.029060678634552767,0.024900608221393603
h0.01_k5_max,92,0.92,-0.03080930304235893,-0.03080930304235893,0.027029278613606413
h0.01_k5_max,93,0.93,0.03081296156332341,-0.03081296156332341,0.028522518266523824
h0.01_k5_max,94,0.9400000000000001,-0.03236067120831961,-0.03236067120831961,0.03060133171415643
h0.01_k5_max,95,0.9500000000000001,0.03192492816709487,-0.03192492816709487,0.03230068506043556
h0.01_k5_max,96,0.96,-0.03332251445516442,-0.03332251445516442,0.03425260948676893
h0.01_k5_max,97,0.97,0.03211252923455181,-0.03211252923455181,0.036020447620220546
h0.01_k5_max,98,0.98,-0.033277890188941193,-0.033277890188941193,0.03759435097343953
h0.01_k5_max,99,0.99,0.030940499543958812,-0.030940499543958812,0.039123138730168455
h0.01_k5_max,100,1.0,-0.03169913924257247,-0.03169913924257247,0.04010270555931348
h0.01_k5_max,101,1.01,0.02801945025705495,-0.02801945025705495,0.04149496440066944
h0.01_k5_max,102,1.02,-0.028206608725349542,-0.028206608725349542,0.04144260453284587
h0.01_k5_max,103,1.03,0.023189610156929386,-0.023189610156929386,0.04402645244715737
h0.01_k5_max,104,1.04,-0.0227433718504998,-0.0227433718504998,0.04273925379212329
h0.01_k5_max,105,1.05,0.01654363273445938,-0.01654363273445938,0.045290353248229095
h0.01_k5_max,106,1.06,-0.015501249372070326,-0.015501249372070326,0.04355301942912339
h0.01_k5_max,107,1.07,0.008310557150685122,-0.008310557150685122,0.04538411915370623
h0.01_k5_max,108,1.08,-0.00676169998021953,-0.00676169998021953,0.04334295188292433
h0.01_k5_max,109,1.09,-0.0012405918976337426,0.0012405918976337426,0.044474076667422154
h0.01_k5_max,110,1.1,0.0031816721219247203,0.0031816721219247203,0.0421805861927688
h0.01_k5_max,111,1.11,-0.011745430540320245,0.011745430540320245,0.04248715597199107
h0.01_k5_max,112,1.12,0.013900926763749197,0.013900926763749197,0.03982077713461628
h0.01_k5_max,113,1.1300000000000001,-0.02256689530998738,0.02256689530998738,0.03909197942375157
h0.01_k5_max,114,1.1400000000000001,0.024702889824502187,0.024702889824502187,0.035889651490764514
h0.01_k5_max,115,1.1500000000000001,-0.03287219409111171,0.03287219409111171,0.03399556843826562
h0.01_k5_max,116,1.16,0.03478903947692555,0.03478903947692555,0.030081031697716185
h0.01_k5_max,117,1.17,-0.04194063136608941,0.04194063136608941,0.02696457295504266
h0.01_k5_max,118,1.18,0.04359246773637017,0.04359246773637017,0.02519086411359438
h0.01_k5_max,119,1.19,-0.0495009307829405,0.0495009307829405,0.023652128860350716
h0.01_k5_max,120,1.2,0.05106227633187762,0.05106227633187762,0.021873230584832818
h0.02_k20_min,0,0.0,7.493227276202008e-05,7.493227276202008e-05,7.493227665318694e-05
h0.02_k20_min,1,0.02,-8.474570617406973e-05,8.474570617406973e-05,8.474982897847786e-05
h0.02_k20_min,2,0.04,9.584316645555179e-05,9.584316645555179e-05,9.583807331369555e-05
h0.02_k20_min,3,0.06,-0.00010839628276277635,0.00010839628276277635,0.0001084000359573849
h0.02_k20_min,4,0.08,0.0001225887507277819,0.0001225887507277819,0.000122581669054442
h0.02_k20_min,5,0.1,-0.00013864517890455923,0.00013864517890455923,0.00013864803191604468
h0.02_k20_min,6,0.12,0.00015679648953344685,0.00015679648953344685,0.00015677920271266527
h0.02_k20_min,7,0.14,-0.00017733454296838612,0.00017733454296838612,0.00017734174128992142
h0.02_k20_min,8,0.16,0.00020054933359082806,0.00020054933359082806,0.00020052960651837506
h0.02_k20_min,9,0.18,-0.0002268227149003664,0.0002268227149003664,0.00022685020751102663
h0.02_k20_min,10,0.2,0.00025651267978577696,0.00025651267978577696,0.0002564689163437123
h0.02_k20_min,11,0.22,-0.0002901200875904653,0.0002901200875904653,0.0002901630340744154
h0.02_k20_min,12,0.24,0.0003280898233136416,0.0003280898233136416,0.0003280246474926056
h0.02_k20_min,13,0.26,-0.00037108139060205547,0.00037108139060205547,0.0003711615062446487
h0.02_k20_min,14,0.28,0.0004196376558395754,0.0004196376558395754,0.000419543571925094
h0.02_k20_min,15,0.3,-0.0004746356766381733,0.0004746356766381733,0.00047477019282108046
h0.02_k20_min,16,0.32,0.0005367268427885377,0.0005367268427885377,0.0005365727850992525
h0.02_k20_min,17,0.34,-0.0006070859252198273,0.0006070859252198273,0.000607289939897455
h0.02_k20_min,18,0.36,0.0006864798406090282,0.0006864798406090282,0.0006862029738142162
h0.02_k20_min,19,0.38,-0.0007764934728135171,0.0007764934728135171,0.0007768199768811941
h0.02_k20_min,20,0.4,0.0008780026750186213,0.0008780026750186213,0.000877547779680836
h0.02_k20_min,21,0.42,-0.0009931677295214616,0.0009931677295214616,0.0009936772991311917
h0.02_k20_min,22,0.44,0.0011229351420730153,0.0011229351420730153,0.001122178839828206
h0.02_k20_min,23,0.46,-0.001270283390455596,0.001270283390455596,0.0012710739437475488
h0.02_k20_min,24,0.48,0.0014361485035976457,0.0014361485035976457,0.0014348923005913015
h0.02_k20_min,25,0.5,-0.001624677991707579,0.001624677991707579,0.0016258902393771956
h0.02_k20_min,26,0.52,0.0018366331442698498,0.0018366331442698498,0.0018345627630811687
h0.02_k20_min,27,0.54,-0.0020778469964532866,0.0020778469964532866,0.0020797061250963666
h0.02_k20_min,28,0.56,0.002348614187711885,0.002348614187711885,0.0023451753533611443
h0.02_k20_min,29,0.58,-0.002657206612742684,0.002657206612742684,0.002659896878561011
h0.02_k20_min,30,0.6,0.0030029580030845036,0.0030029580030845036,0.002997183959982295
h0.02_k20_min,31,0.62,-0.0033976559253257395,0.0033976559253257395,0.0034012008488012507
h0.02_k20_min,32,0.64,0.0038388927123127097,0.0038388927123127097,0.0038291593013629792
h0.02_k20_min,33,0.66,-0.004343436150376971,0.004343436150376971,0.004347060353888592
h0.02_k20_min,34,0.68,0.004906051402780071,0.004906051402780071,0.004889577894419775
h0.02_k20_min,35,0.7000000000000001,-0.0055503128827429134,0.0055503128827429134,0.005551520609603534
h0.02_k20_min,36,0.72,0.006266826932242434,0.006266826932242434,0.006239151347229942
h0.02_k20_min,37,0.74,-0.007088300409428432,0.007088300409428432,0.007082568345001985
h0.02_k20_min,38,0.76,0.007999278794680903,0.007999278794680903,0.007953577983230428
h0.02_k20_min,39,0.78,-0.009044731937455915,0.009044731937455915,0.009024406630057458
h0.02_k20_min,40,0.8,0.010200277950184373,0.010200277950184373,0.010126024873309197
h0.02_k20_min,41,0.8200000000000001,-0.011527443926105406,0.011527443926105406,0.0114795800731452
h0.02_k20_min,42,0.84,0.012988563889444076,0.012988563889444076,0.012869043889077841
h0.02_k20_min,43,0.86,-0.014667624833364472,0.014667624833364472,0.014570244307713715
h0.02_k20_min,44,0.88,0.016507009166349958,0.016507009166349958,0.016314956357602682
h0.02_k20_min,45,0.9,-0.01862118712784069,0.01862118712784069,0.01843661335409934
h0.02_k20_min,46,0.92,0.02092255582461947,0.02092255582461947,0.020608942230581035
h0.02_k20_min,47,0.9400000000000001,-0.02356635234001366,0.02356635234001366,0.023225203236788665
h0.02_k20_min,48,0.96,0.02642073218193991,0.02642073218193991,0.02588912815128324
h0.02_k20_min,49,0.98,-0.02969269876488096,0.02969269876488096,0.029062004514954005
h0.02_k20_min,50,1.0,0.033188012276652065,0.033188012276652065,0.03224218260487016
h0.02_k20_min,51,1.02,-0.03717301737821742,0.03717301737821742,0.035991577393648055
h0.02_k20_min,52,1.04,0.04136986627818813,0.04136986627818813,0.039606078502937216
h0.02_k20_min,53,1.06,-0.046099119759313384,0.046099119759313384,0.04384460267077547
h0.02_k20_min,54,1.08,0.050978684569527324,0.050978684569527324,0.047567225252279306
h0.02_k20_min,55,1.1,-0.05634734556823763,0.05634734556823763,0.05197698893940638
h0.02_k20_min,56,1.12,0.06170694305626457,0.06170694305626457,0.055002148232808745
h0.02_k20_min,57,1.1400000000000001,-0.06732539502473743,0.06732539502473743,0.058845020476486654
h0.02_k20_min,58,1.16,0.07259771941107447,0.07259771941107447,0.06040633719861855
h0.02_k20_min,59,1.18,-0.07757864416093072,0.07757864416093072,0.0626241791036454
h0.02_k20_min,60,1.2,0.08160899489553876,0.08160899489553876,0.0668758064772344
h0.02_k20_min,61,1.22,-0.08440009614188926,0.08440009614188926,0.06632920296889037
h0.02_k20_min,62,1.24,0.08537678283269257,0.08537678283269257,0.07302493932397636
h0.02_k20_min,63,1.26,-0.08396129987797595,0.08396129987797595,0.08196783960396722
h0.02_k20_min,64,1.28,0.07977568574621494,0.07977568574621494,0.09135789306162916
h0.02_k20_min,65,1.3,-0.07255466294110452,0.07255466294110452,0.09680699680044313
h0.02_k20_min,66,1.32,0.06184997701243886,0.06184997701243886,0.1009584481417584
h0.02_k20_min,67,1.34,-0.04923741490179118,0.04923741490179118,0.09949513695910805
h0.02_k20_min,68,1.36,0.0337689208042312,0.0337689208042312,0.10015288682850684
h0.02_k20_min,69,1.3800000000000001,-0.020178553254992102,0.020178553254992102,0.09168827912455757
h0.02_k20_min,70,1.4000000000000001,0.006919309103854701,0.006919309103854701,0.10164594739187043
h0.02_k20_min,71,1.42,0.0013895002452285125,-0.0013895002452285125,0.11370052506414524
h0.02_k20_min,72,1.44,-0.00702174141344838,-0.00702174141344838,0.11757221103047637
h0.02_k20_min,73,1.46,0.009973283439143533,-0.009973283439143533,0.11118024918870924
h0.02_k20_min,74,1.48,-0.012376212403219261,-0.012376212403219261,0.09724632807552605
h0.02_k20_min,75,1.5,0.01487594114551562,-0.01487594114551562,0.10758887893730666
h0.02_k20_min,76,1.52,-0.019044767168331977,-0.019044767168331977,0.11358907156836937
h0.02_k20_min,77,1.54,0.02327107193485503,-0.02327107193485503,0.10746124979519155
h0.02_k20_min,78,1.56,-0.029967970325290697,-0.029967970325290697,0.10439741677628545
h0.02_k20_min,79,1.58,0.03470828329956144,-0.03470828329956144,0.11684880530592004
h0.02_k20_min,80,1.6,-0.0404748186148086,-0.0404748186148086,0.11628601342777016
h0.02_k20_min,81,1.62,0.04192604128670961,-0.04192604128670961,0.10285472801866706
h0.02_k20_min,82,1.6400000000000001,-0.038946344482306924,-0.038946344482306924,0.10222902639882413
h0.02_k20_min,83,1.6600000000000001,0.028349901091472562,-0.028349901091472562,0.110537304784065
h0.02_k20_min,84,1.68,-0.014660291382313551,-0.014660291382313551,0.11037622232404523
h0.02_k20_min,85,1.7,-0.001162134165687992,0.001162134165687992,0.09847559074191362
h0.02_k20_min,86,1.72,0.012532448997548917,0.012532448997548917,0.11292647661033005
h0.02_k20_min,87,1.74,-0.019022879795752935,0.019022879795752935,0.11641111159416821
h0.02_k20_min,88,1.76,0.021398739612045612,0.021398739612045612,0.10864943148749745
h0.02_k20_min,89,1.78,-0.021846791093345575,0.021846791093345575,0.09866685417195331
h0.02_k20_min,90,1.8,0.016824950758693072,0.016824950758693072,0.11412913712787033
h0.02_k20_max,0,0.0,-0.001350335784668543,0.001350335784668543,0.0013503357855488066
h0.02_k20_max,1,0.02,0.0015269547680885668,0.0015269547680885668,0.0015267510917435416
h0.02_k20_max,2,0.04,-0.0017270206955957372,0.0017270206955957372,0.0017262732004953945
h0.02_k20_max,3,0.06,0.0019527983480814525,0.0019527983480814525,0.0019524264693707991
h0.02_k20_max,4,0.08,-0.0022086732839984376,0.0022086732839984376,0.0022070468093685794
h0.02_k20_max,5,0.1,0.002497214043700375,0.002497214043700375,0.0024960102162835006
h0.02_k20_max,6,0.12,-0.002824423997177746,0.002824423997177746,0.0028209415874531464
h0.02_k20_max,7,0.14,0.00319302275184845,0.00319302275184845,0.0031895780835591073
h0.02_k20_max,8,0.16,-0.0036113514707145624,0.0036113514707145624,0.003606323457675467
h0.02_k20_max,9,0.18,0.004081920471187703,0.004081920471187703,0.004072508007205841
h0.02_k20_max,10,0.2,-0.0046165079601831,0.0046165079601831,0.0046027299095137125
h0.02_k20_max,11,0.22,0.00521661797933587,0.00521661797933587,0.005198315053530411
h0.02_k20_max,12,0.24,-0.005899318638836125,0.005899318638836125,0.005873048947514394
h0.02_k20_max,13,0.26,0.0066633522022521065,0.0066633522022521065,0.006625766810589586
h0.02_k20_max,14,0.28,-0.007534357705508091,0.007534357705508091,0.0074827385893800145
h0.02_k20_max,15,0.3,0.00850498906457272,0.00850498906457272,0.008428303437433261
h0.02_k20_max,16,0.32,-0.009614699771400793,0.009614699771400793,0.00951570568287805
h0.02_k20_max,17,0.34,0.010844324273898462,0.010844324273898462,0.010697206208131683
h0.02_k20_max,18,0.36,-0.012255344469478865,0.012255344469478865,0.012069561931997286
h0.02_k20_max,19,0.38,0.0138072569562744,0.0138072569562744,0.013542388489473998
h0.02_k20_max,20,0.4,-0.015596317513579285,0.015596317513579285,0.015253967685031967
h0.02_k20_max,21,0.42,0.0175452467542766,0.0175452467542766,0.017074256309676922
h0.02_k20_max,22,0.44,-0.01980412997085184,0.01980412997085184,0.019183517232416465
h0.02_k20_max,23,0.46,0.022235282663875627,0.022235282663875627,0.0214113390815769
h0.02_k20_max,24,0.48,-0.02506911782820338,0.02506911782820338,0.023962797956033136
h0.02_k20_max,25,0.5,0.028074021665470985,0.028074021665470985,0.02663522300972875
h0.02_k20_max,26,0.52,-0.03159391059764254,0.03159391059764254,0.029635465680714346
h0.02_k20_max,27,0.54,0.03525941679364518,0.03525941679364518,0.03274075448586216
h0.02_k20_max,28,0.56,-0.03956284658307921,0.03956284658307921,0.03609780498901721
h0.02_k20_max,29,0.58,0.04394751417869208,0.04394751417869208,0.039524483393009284
h0.02_k20_max,30,0.6,-0.049073705292081465,0.049073705292081465,0.0429751029859415
h0.02_k20_max,31,0.62,0.054155924417753305,0.054155924417753305,0.046396940084625145
h0.02_k20_max,32,0.64,-0.05999522479325798,0.05999522479325798,0.04996503378396921
h0.02_k20_max,33,0.66,0.06556799209453229,0.06556799209453229,0.05259458172850224
h0.02_k20_max,34,0.68,-0.07169891421367919,0.07169891421367919,0.05917495136833816
h0.02_k20_max,35,0.7000000000000001,0.07718495575527323,0.07718495575527323,0.06108339539142503
h0.02_k20_max,36,0.72,-0.08263744098765272,0.08263744098765272,0.06538372767030266
h0.02_k20_max,37,0.74,0.08686012157664376,0.08686012157664376,0.06478873370654817
h0.02_k20_max,38,0.76,-0.08991159474553242,0.08991159474553242,0.06725205140840142
h0.02_k20_max,39,0.78,0.09105069652191097,0.09105069652191097,0.07202101040674282
h0.02_k20_max,40,0.8,-0.08934824051337772,0.08934824051337772,0.07946908217648577
h0.02_k20_max,41,0.8200000000000001,0.08544314260221417,0.08544314260221417,0.08654677783725577
h0.02_k20_max,42,0.84,-0.07682317820757123,0.07682317820757123,0.0969832716832165
h0.02_k20_max,43,0.86,0.06690723367720892,0.06690723367720892,0.10362284694442137
h0.02_k20_max,44,0.88,-0.05145864171770784,0.05145864171770784,0.10566876711308694
h0.02_k20_max,45,0.9,0.0373946901352591,0.0373946901352591,0.1054512616722984
h0.02_k20_max,46,0.92,-0.020356047839674103,0.020356047839674103,0.09551135591323787
h0.02_k20_max,47,0.9400000000000001,0.00852642258023758,0.00852642258023758,0.10171241947745921
h0.02_k20_max,48,0.96,0.0020683417703449515,-0.0020683417703449515,0.11080697826676451
h0.02_k20_max,49,0.98,-0.007110805488258706,-0.007110805488258706,0.11026377217976793
h0.02_k20_max,50,1.0,0.010795992580225202,-0.010795992580225202,0.10631829194599894
h0.02_k20_max,51,1.02,-0.012935167409873907,-0.012935167409873907,0.09909935369142221
h0.02_k20_max,52,1.04,0.01615911938702986,-0.01615911938702986,0.11500589378987436
h0.02_k20_max,53,1.06,-0.019914156084459376,-0.019914156084459376,0.11935818821273118
h0.02_k20_max,54,1.08,0.02539785326115933,-0.02539785326115933,0.11125892250554473
h0.02_k20_max,55,1.1,-0.03144929613565562,-0.03144929613565562,0.09917740143640068
h0.02_k20_max,56,1.12,0.03708631978062277,-0.03708631978062277,0.10863662031251783
h0.02_k20_max,57,1.1400000000000001,-0.0432392982517388,-0.0432392982517388,0.10958656398549349
h0.02_k20_max,58,1.16,0.044502290136498764,-0.044502290136498764,0.10113513769772804
h0.02_k20_max,59,1.18,-0.04115044107814332,-0.04115044107814332,0.10932509912004815
h0.02_k20_max,60,1.2,0.03120359119466576,-0.03120359119466576,0.11673680198809229
h0.02_k20_max,61,1.22,-0.014074546593494497,-0.014074546593494497,0.11217022114001703
h0.02_k20_max,62,1.24,-1.2637415672736487e-05,1.2637415672736487e-05,0.09659058443345671
h0.02_k20_max,63,1.26,0.014006365348078679,0.014006365348078679,0.10571100557496753
h0.02_k20_max,64,1.28,-0.02029141203850642,0.02029141203850642,0.11425208101593365
h0.02_k20_max,65,1.3,0.022602422033155677,0.022602422033155677,0.10911226155676738
h0.02_k20_max,66,1.32,-0.022620530119150946,0.022620530119150946,0.1030975551581362
h0.02_k20_max,67,1.34,0.018612773011898346,0.018612773011898346,0.11684360212363129
h0.02_k20_max,68,1.36,-0.011478985965683976,0.011478985965683976,0.1180585804740782
h0.02_k20_max,69,1.3800000000000001,0.006675878653254767,0.006675878653254767,0.10562368345867318
h0.02_k20_max,70,1.4000000000000001,-0.004993414189805041,0.004993414189805041,0.1009149862258334
h0.02_k20_max,71,1.42,0.00586900539363114,0.00586900539363114,0.11180948775831073
h0.02_k20_max,72,1.44,-0.012304807710687836,0.012304807710687836,0.11271943852151495
h0.02_k20_max,73,1.46,0.022193948363652793,0.022193948363652793,0.1014653777743289
h0.02_k20_max,74,1.48,-0.02980184242317157,0.02980184242317157,0.11010778465341267
h0.02_k20_max,75,1.5,0.03546169946164623,0.03546169946164623,0.1142529452318853
