n_fit,A,A_over_h2,profile_relL2,correlation,center_index,method,label,packet,t,window_half_cells
42.56619283252212,0.00026101778565872124,0.6525444641468031,0.00011090116108744425,0.9999999938504661,1346.8161928325221,ismail,Ismail--Taha,I,4.8,3
44.72485529427263,0.00026101786738021637,0.6525446684505409,0.000113217846275041,0.9999999935908596,1351.4748552942726,ismail,Ismail--Taha,I,4.8500000000000005,3
46.883528645889555,0.00026101793166355414,0.6525448291588853,0.00011471208175253907,0.9999999934205693,1356.1335286458896,ismail,Ismail--Taha,I,4.9,3
49.0422010525258,0.0002610179305287146,0.6525448263217865,0.00011453372054092247,0.9999999934410136,1360.7922010525258,ismail,Ismail--Taha,I,4.95,3
51.20086759599053,0.00026101787222431155,0.6525446805607789,0.00011344009699500034,0.9999999935656722,1365.4508675959905,ismail,Ismail--Taha,I,5.0,3
53.35954080229112,0.0002610179409957569,0.6525448524893922,0.00011473683595553148,0.9999999934177292,1370.1095408022911,ismail,Ismail--Taha,I,5.05,3
55.51821324231105,0.0002610179256078969,0.6525448140197423,0.00011447503309978957,0.9999999934477335,1374.768213242311,ismail,Ismail--Taha,I,5.1000000000000005,3
57.676879890293094,0.0002610178865723355,0.6525447164308388,0.00011358104518159971,0.9999999935496732,1379.426879890293,ismail,Ismail--Taha,I,5.15,3
59.83555301295405,0.0002610179356777078,0.6525448391942694,0.00011477096048399022,0.9999999934138134,1384.085553012954,ismail,Ismail--Taha,I,5.2,3
61.994225474844825,0.00026101792325557296,0.6525448081389323,0.00011438877962057982,0.9999999934576035,1388.7442254748448,ismail,Ismail--Taha,I,5.25,3
64.15289222301317,0.0002610178962722612,0.652544740680653,0.00011371901669089029,0.9999999935339925,1393.4028922230132,ismail,Ismail--Taha,I,5.3,3
66.31156517830527,0.00026101794966473194,0.6525448741618298,0.00011477123118186878,0.9999999934137822,1398.0615651783053,ismail,Ismail--Taha,I,5.3500000000000005,3
68.47023765191693,0.00026101791775213796,0.6525447943803449,0.00011430925767097461,0.9999999934666969,1402.720237651917,ismail,Ismail--Taha,I,5.4,3
70.62890450119198,0.00026101789491425126,0.6525447372856281,0.00011386488525879102,0.9999999935173938,1407.378904501192,ismail,Ismail--Taha,I,5.45,3
72.78758364383157,0.0002610179434352784,0.652544858588196,0.00011484859691946988,0.9999999934049,1412.0375836438316,ismail,Ismail--Taha,I,5.5,3
74.94624989009912,0.000261017908545534,0.6525447713638349,0.00011422145666775385,0.9999999934767295,1416.6962498900991,ismail,Ismail--Taha,I,5.55,3
77.10491678319454,0.0002610179028132155,0.6525447570330387,0.00011397276355474473,0.9999999935051046,1421.3549167831945,ismail,Ismail--Taha,I,5.6000000000000005,3
79.26358431174526,0.0002610179375458593,0.6525448438646483,0.00011484294871870328,0.9999999934055487,1426.0135843117453,ismail,Ismail--Taha,I,5.65,3
81.4222621702072,0.00026101791224707584,0.6525447806176896,0.00011409152792104073,0.9999999934915614,1430.6722621702072,ismail,Ismail--Taha,I,5.7,3
83.58092904069667,0.0002610179102434236,0.652544775608559,0.00011408625036648593,0.9999999934921637,1435.3309290406967,ismail,Ismail--Taha,I,5.75,3
85.73960582104996,0.0002610179415935852,0.652544853983963,0.00011483522564395878,0.9999999934064354,1439.98960582105,ismail,Ismail--Taha,I,5.8,3
87.89827439204191,0.0002610178982002521,0.6525447455006301,0.00011402047536490482,0.9999999934996656,1444.648274392042,ismail,Ismail--Taha,I,5.8500000000000005,3
90.05694130867346,0.000261017908444521,0.6525447711113025,0.00011420321645745006,0.9999999934788129,1449.3069413086735,ismail,Ismail--Taha,I,5.9,3
92.21560582824645,0.00026101793934792816,0.6525448483698204,0.00011490313622750091,0.9999999933986347,1453.9656058282465,ismail,Ismail--Taha,I,5.95,3
94.37428668303983,0.0002610178959536834,0.6525447398842085,0.0001138782377343621,0.9999999935158737,1458.6242866830398,ismail,Ismail--Taha,I,6.0,3
96.53295352979126,0.00026101791922321734,0.6525447980580433,0.00011428762589258654,0.9999999934691693,1463.2829535297913,ismail,Ismail--Taha,I,6.05,3
98.69162603674567,0.00026101793492568857,0.6525448373142214,0.00011480335833666197,0.9999999934100947,1467.9416260367457,ismail,Ismail--Taha,I,6.1000000000000005,3
100.85029894609465,0.00026101788887699024,0.6525447221924756,0.00011376653889464612,0.9999999935285874,1472.6002989460947,ismail,Ismail--Taha,I,6.15,3
103.00896571565727,0.0002610179193407305,0.6525447983518262,0.00011438742186413044,0.9999999934577587,1477.2589657156573,ismail,Ismail--Taha,I,6.2,3
105.16763819875541,0.00026101793495433704,0.6525448373858426,0.000114787125766115,0.9999999934119579,1481.9176381987554,ismail,Ismail--Taha,I,6.25,3
107.32631122805333,0.0002610178839404099,0.6525447098510248,0.00011360777305363376,0.9999999935466368,1486.5763112280533,ismail,Ismail--Taha,I,6.3,3
109.48497794372679,0.0002610179219612378,0.6525448049030945,0.00011445973686960282,0.9999999934494845,1491.2349779437268,ismail,Ismail--Taha,I,6.3500000000000005,3
111.6436503938503,0.0002610179437611753,0.6525448594029382,0.00011473383575145273,0.9999999934180734,1495.8936503938503,ismail,Ismail--Taha,I,6.4,3
113.80232357603109,0.0002610178731144634,0.6525446827861584,0.00011346162129176127,0.9999999935632301,1500.552323576031,ismail,Ismail--Taha,I,6.45,3
115.96099016771632,0.00026101792506699447,0.6525448126674861,0.00011453298152164988,0.999999993441098,1505.2109901677163,ismail,Ismail--Taha,I,6.5,3
118.11966257813924,0.0002610179369375547,0.6525448423438868,0.00011470742989742611,0.9999999934211029,1509.8696625781392,ismail,Ismail--Taha,I,6.55,3
120.27833591423837,0.00026101786603180925,0.6525446650795231,0.00011329896983451769,0.9999999935816717,1514.5283359142384,ismail,Ismail--Taha,I,6.6000000000000005,3
122.43700238662905,0.00026101793048355723,0.6525448262088931,0.00011458660375242306,0.9999999934349554,1519.187002386629,ismail,Ismail--Taha,I,6.65,3
124.59567477025598,0.0002610179305583359,0.6525448263958397,0.0001146709501100598,0.9999999934252864,1523.845674770256,ismail,Ismail--Taha,I,6.7,3
126.75434828485959,0.00026101785499281195,0.6525446374820298,0.00011312863121417612,0.9999999936009566,1528.5043482848596,ismail,Ismail--Taha,I,6.75,3
128.9130145554002,0.000261017935004899,0.6525448375122476,0.00011464748566023562,0.9999999934279771,1533.1630145554002,ismail,Ismail--Taha,I,6.8,3
131.0716869080561,0.0002610179263951564,0.6525448159878909,0.00011462005075139402,0.9999999934311219,1537.821686908056,ismail,Ismail--Taha,I,6.8500000000000005,3
133.2303533417612,0.00026101786969120593,0.6525446742280148,0.00011324395675443867,0.9999999935879029,1542.4803533417612,ismail,Ismail--Taha,I,6.9,3
135.38902675117424,0.0002610179454569254,0.6525448636423136,0.00011467839540306034,0.9999999934244327,1547.1390267511742,ismail,Ismail--Taha,I,6.95,3
137.5476991221758,0.0002610179282449693,0.6525448206124231,0.00011456209299319137,0.9999999934377635,1551.7976991221758,ismail,Ismail--Taha,I,7.0,3
139.70636568188706,0.0002610178723487435,0.6525446808718587,0.00011338478926797137,0.9999999935719449,1556.456365681887,ismail,Ismail--Taha,I,7.05,3
141.8650389488373,0.0002610179427633526,0.6525448569083815,0.00011471569901478349,0.9999999934201542,1561.1150389488373,ismail,Ismail--Taha,I,7.1000000000000005,3
144.02371133191446,0.0002610179247393997,0.6525448118484992,0.00011446882408950324,0.9999999934484441,1565.7737113319145,ismail,Ismail--Taha,I,7.15,3
146.1823779679421,0.0002610178822222617,0.6525447055556542,0.00011355289111372927,0.9999999935528705,1570.432377967942,ismail,Ismail--Taha,I,7.2,3
148.3410510976155,0.0002610179357584687,0.6525448393961717,0.00011475899839336088,0.9999999934151862,1575.0910510976155,ismail,Ismail--Taha,I,7.25,3
150.4997235266569,0.0002610179216664228,0.652544804166057,0.00011442095436232546,0.9999999934539228,1579.749723526657,ismail,Ismail--Taha,I,7.3,3
152.65839028743744,0.00026101788188821604,0.65254470472054,0.00011370946577425088,0.9999999935350786,1584.4083902874374,ismail,Ismail--Taha,I,7.3500000000000005,3
154.8170632468964,0.0002610179457906535,0.6525448644766336,0.00011476853484402574,0.9999999934140915,1589.0670632468964,ismail,Ismail--Taha,I,7.4,3
156.97573576698528,0.00026101792073784165,0.6525448018446041,0.00011431648220580492,0.999999993465871,1593.7257357669853,ismail,Ismail--Taha,I,7.45,3
159.13440258751984,0.00026101789336926496,0.6525447334231623,0.000113825813406203,0.9999999935218421,1598.3844025875198,ismail,Ismail--Taha,I,7.5,3
161.29308240991782,0.00026101793693031615,0.6525448423257904,0.00011487341844511582,0.999999993402049,1603.0430824099178,ismail,Ismail--Taha,I,7.55,3
163.45174799529536,0.0002610179148358969,0.6525447870897423,0.00011424299095721632,0.9999999934742697,1607.7017479952954,ismail,Ismail--Taha,I,7.6000000000000005,3
165.61041490097728,0.00026101789888117864,0.6525447472029465,0.00011396169037112984,0.9999999935063663,1612.3604149009773,ismail,Ismail--Taha,I,7.65,3
167.76908025978173,0.00026101794046212197,0.6525448511553049,0.00011488290160000768,0.9999999934009596,1617.0190802597817,ismail,Ismail--Taha,I,7.7,3
169.9277602484501,0.00026101791042768875,0.6525447760692218,0.00011414075089725987,0.9999999934859443,1621.67776024845,ismail,Ismail--Taha,I,7.75,3
172.08642713220047,0.00026101790753678086,0.6525447688419521,0.00011406372269755329,0.9999999934947336,1626.3364271322005,ismail,Ismail--Taha,I,7.8,3
174.24509055250178,0.0002610179433958809,0.6525448584897022,0.00011492012610615693,0.9999999933966822,1630.9950905525018,ismail,Ismail--Taha,I,7.8500000000000005,3
176.40377248009213,0.0002610179097021944,0.652544774255486,0.0001140112956954986,0.999999993500712,1635.6537724800921,ismail,Ismail--Taha,I,7.9,3
178.56243937653198,0.00026101791484170174,0.6525447871042543,0.0001141728779217412,0.9999999934822769,1640.312439376532,ismail,Ismail--Taha,I,7.95,3
180.7211233113942,0.0002610179412179683,0.6525448530449207,0.00011496295750195872,0.9999999933917593,1644.9711233113942,ismail,Ismail--Taha,I,8.0,3
182.87978475751333,0.0002610179058896415,0.6525447647241037,0.00011389174481794247,0.9999999935143352,1649.6297847575133,ismail,Ismail--Taha,I,8.05,3
185.03845160762603,0.00026101790944577807,0.6525447736144452,0.00011427978596391129,0.9999999934700654,1654.2884516076258,ismail,Ismail--Taha,I,8.1,3
187.19712046212476,0.0002610179455280284,0.6525448638200709,0.00011480653577959179,0.9999999934097301,1658.9471204621248,ismail,Ismail--Taha,I,8.15,3
189.35579702686118,0.000261017890353734,0.652544725884335,0.00011377792302564312,0.999999993527292,1663.6057970268612,ismail,Ismail--Taha,I,8.2,3
191.51446384841347,0.00026101792002136324,0.6525448000534081,0.00011435294098791719,0.9999999934617022,1668.2644638484135,ismail,Ismail--Taha,I,8.25,3
193.67313633730555,0.00026101794452368116,0.6525448613092029,0.0001147626072055874,0.999999993414772,1672.9231363373056,ismail,Ismail--Taha,I,8.3,3
195.83180934693064,0.0002610178894312455,0.6525447235781138,0.00011362512562776505,0.9999999935446655,1677.5818093469304,ismail,Ismail--Taha,I,8.35,3
197.99047605967894,0.0002610179254672032,0.652544813668008,0.00011442789588776935,0.9999999934531285,1682.240476059679,ismail,Ismail--Taha,I,8.4,3
200.14914845962926,0.0002610179418637265,0.6525448546593162,0.00011473252889401677,0.9999999934182233,1686.8991484596293,ismail,Ismail--Taha,I,8.45,3
202.307821648752,0.0002610178788208087,0.6525446970520218,0.00011347555931484182,0.9999999935616488,1691.557821648752,ismail,Ismail--Taha,I,8.5,3
204.46648827826493,0.00026101792821760163,0.6525448205440041,0.00011451142649100605,0.9999999934435664,1696.216488278265,ismail,Ismail--Taha,I,8.55,3
206.6251606649521,0.00026101793916805967,0.6525448479201491,0.00011470292828763391,0.9999999934216192,1700.8751606649519,ismail,Ismail--Taha,I,8.6,3
208.7838340003168,0.00026101786477006935,0.6525446619251734,0.00011333597845765199,0.999999993577478,1705.5338340003168,ismail,Ismail--Taha,I,8.65,3
210.9425004913992,0.0002610179366401303,0.6525448416003258,0.0001145588050378434,0.9999999934381402,1710.1925004913992,ismail,Ismail--Taha,I,8.700000000000001,3
213.10117285539582,0.00026101793548543765,0.652544838713594,0.00011466417575756143,0.9999999934260636,1714.8511728553958,ismail,Ismail--Taha,I,8.75,3
215.25984627803768,0.000261017858976648,0.65254464744162,0.00011317404245441356,0.9999999935958179,1719.5098462780377,ismail,Ismail--Taha,I,8.8,3
217.4185126332202,0.0002610179350892073,0.6525448377230182,0.00011463079272727567,0.9999999934298907,1724.16851263322,ismail,Ismail--Taha,I,8.85,3
219.57718504703575,0.0002610179307720289,0.6525448269300722,0.00011462457857532082,0.9999999934306028,1728.8271850470358,ismail,Ismail--Taha,I,8.9,3
221.73585141112562,0.0002610178631009365,0.6525446577523412,0.00011320972042124396,0.9999999935917795,1733.4858514111256,ismail,Ismail--Taha,I,8.950000000000001,3
223.89452484347635,0.00026101793392853607,0.6525448348213402,0.00011468769515788099,0.9999999934233662,1738.1445248434763,ismail,Ismail--Taha,I,9.0,3
226.05319723864295,0.00026101793735477117,0.6525448433869279,0.00011454840925016644,0.9999999934393311,1742.803197238643,ismail,Ismail--Taha,I,9.05,3
228.21186373487672,0.0002610178713404798,0.6525446783511994,0.00011337451577808118,0.9999999935731095,1747.4618637348765,ismail,Ismail--Taha,I,9.1,3
230.37053703566835,0.0002610179377408151,0.6525448443520377,0.00011472731755465572,0.9999999934188212,1752.1205370356683,ismail,Ismail--Taha,I,9.15,3
232.52920943845652,0.0002610179250198414,0.6525448125496034,0.00011451045220694378,0.9999999934436782,1756.7792094384565,ismail,Ismail--Taha,I,9.200000000000001,3
234.68787606428668,0.00026101788387057975,0.6525447096764494,0.00011352768261079048,0.9999999935557329,1761.4378760642867,ismail,Ismail--Taha,I,9.25,3
236.84654920297157,0.0002610179376458075,0.6525448441145187,0.00011477140799030153,0.9999999934137618,1766.0965492029716,ismail,Ismail--Taha,I,9.3,3
239.00522154546684,0.00026101793637479373,0.6525448409369843,0.00011449089149726469,0.9999999934459177,1770.7552215454666,ismail,Ismail--Taha,I,9.35,3
241.16388565961165,0.00026101802863111003,0.6525450715777751,0.00011815721588033742,0.9999999930194363,1775.4138856596117,ismail,Ismail--Taha,I,9.4,3
243.32255324761627,0.00026101861933470317,0.6525465483367578,0.00012673472986710594,0.9999999919691542,1780.0725532476163,ismail,Ismail--Taha,I,9.450000000000001,3
245.48121392594976,0.0002610211152943425,0.6525527882358562,0.0001450982123569573,0.9999999894732544,1784.7312139259498,ismail,Ismail--Taha,I,9.5,3
275.93930244854187,0.00028500982702512207,0.7125245675628051,0.0004295234874412971,0.9999999077547826,1847.6893024485419,ismail,Ismail--Taha,II,10.15,3
278.52557365015355,0.0002850150604931464,0.712537651232866,0.00019797549702020733,0.9999999804028512,1852.7755736501535,ismail,Ismail--Taha,II,10.200000000000001,3
281.1118934374251,0.00028501579568832616,0.7125394892208153,0.00014764783411078187,0.9999999891000584,1857.8618934374251,ismail,Ismail--Taha,II,10.25,3
283.69820785593106,0.0002850158667187712,0.7125396667969279,0.00013876158509613484,0.9999999903726111,1862.948207855931,ismail,Ismail--Taha,II,10.3,3
286.284521774862,0.0002850158625493431,0.7125396563733577,0.0001373755520875221,0.999999990563979,1868.0345217748618,ismail,Ismail--Taha,II,10.35,3
288.8708549354026,0.0002850158644709778,0.7125396611774444,0.0001368391292546916,0.9999999906375263,1873.1208549354026,ismail,Ismail--Taha,II,10.4,3
291.4571744986363,0.00028501584869544574,0.7125396217386143,0.00013658640114107688,0.9999999906720776,1878.2071744986363,ismail,Ismail--Taha,II,10.450000000000001,3
294.04349394785595,0.00028501582764857804,0.7125395691214451,0.00013625081103580354,0.9999999907178581,1883.293493947856,ismail,Ismail--Taha,II,10.5,3
296.6298132242084,0.0002850158036091335,0.7125395090228337,0.0001357726472949129,0.999999990782894,1888.3798132242084,ismail,Ismail--Taha,II,10.55,3
299.21613230276944,0.00028501577275852515,0.7125394318963129,0.00013515899650408714,0.9999999908660229,1893.4661323027692,ismail,Ismail--Taha,II,10.6,3
301.802459787971,0.0002850157777511241,0.7125394443778101,0.00013531097359256383,0.9999999908454702,1898.552459787971,ismail,Ismail--Taha,II,10.65,3
304.38877893603876,0.00028501581638460825,0.7125395409615206,0.0001358676581749865,0.9999999907699897,1903.6387789360388,ismail,Ismail--Taha,II,10.700000000000001,3
306.9750982408027,0.00028501582753945613,0.7125395688486403,0.000136347831552472,0.9999999907046342,1908.7250982408025,ismail,Ismail--Taha,II,10.75,3
309.56141772171213,0.00028501585451722256,0.7125396362930564,0.0001366329026040388,0.999999990665725,1913.8114177217121,ismail,Ismail--Taha,II,10.8,3
312.14773730364504,0.00028501585264118987,0.7125396316029746,0.00013684914225870992,0.9999999906361561,1918.8977373036448,ismail,Ismail--Taha,II,10.85,3
314.73406319998594,0.000285015863609781,0.7125396590244525,0.00013695447883281655,0.9999999906217352,1923.984063199986,ismail,Ismail--Taha,II,10.9,3
317.3203773087473,0.0002850158558114091,0.7125396395285227,0.00013688135418182863,0.9999999906317473,1929.0703773087473,ismail,Ismail--Taha,II,10.950000000000001,3
319.9066961856299,0.00028501584846424895,0.7125396211606223,0.00013673836592386078,0.9999999906513096,1934.1566961856297,ismail,Ismail--Taha,II,11.0,3
322.49301569554154,0.000285015834811927,0.7125395870298175,0.00013646566204490076,0.9999999906885616,1939.2430156955415,ismail,Ismail--Taha,II,11.05,3
325.07933505667734,0.00028501580873040047,0.7125395218260011,0.0001360730616475437,0.9999999907420609,1944.329335056677,ismail,Ismail--Taha,II,11.1,3
327.6656542548217,0.0002850157990803274,0.7125394977008185,0.00013552271720446333,0.9999999908167965,1949.4156542548217,ismail,Ismail--Taha,II,11.15,3
330.25198184443684,0.00028501575524538853,0.7125393881134713,0.00013489340411001539,0.9999999909018847,1954.5019818444368,ismail,Ismail--Taha,II,11.200000000000001,3
332.838300791914,0.00028501579511590645,0.7125394877897661,0.00013556799806263762,0.9999999908106587,1959.5883007919138,ismail,Ismail--Taha,II,11.25,3
335.4246200130556,0.0002850158129779791,0.7125395324449477,0.0001360883881653677,0.9999999907399754,1964.6746200130556,ismail,Ismail--Taha,II,11.3,3
338.010939410746,0.00028501584359773557,0.7125396089943389,0.00013647962678136068,0.9999999906866558,1969.7609394107458,ismail,Ismail--Taha,II,11.35,3
340.5972589161222,0.000285015848025086,0.7125396200627149,0.0001367508143164325,0.9999999906496075,1974.8472589161222,ismail,Ismail--Taha,II,11.4,3
343.18357554622776,0.00028501586625845484,0.712539665646137,0.00013688214811780275,0.9999999906316388,1979.9335755462278,ismail,Ismail--Taha,II,11.450000000000001,3
345.7698904690649,0.0002850158616651857,0.7125396541629643,0.0001369776035514622,0.9999999906185679,1985.0198904690646,ismail,Ismail--Taha,II,11.5,3
348.3562177748529,0.0002850158643220286,0.7125396608050715,0.00013681802697861604,0.9999999906404139,1990.106217774853,ismail,Ismail--Taha,II,11.55,3
350.9425373225931,0.0002850158538504474,0.7125396346261185,0.00013662212952954769,0.999999990667197,1995.192537322593,ismail,Ismail--Taha,II,11.6,3
353.5288568427163,0.0002850158304181348,0.712539576045337,0.00013631925947864366,0.9999999907085296,2000.2788568427163,ismail,Ismail--Taha,II,11.65,3
356.1151760879952,0.0002850158080157964,0.7125395200394911,0.0001358538147655464,0.9999999907718704,2005.3651760879952,ismail,Ismail--Taha,II,11.700000000000001,3
358.7014952519339,0.0002850157691928736,0.7125394229821839,0.00013528455497812167,0.9999999908490447,2010.4514952519337,ismail,Ismail--Taha,II,11.75,3
361.28782277882897,0.000285015765723237,0.7125394143080924,0.00013519061745255055,0.9999999908617484,2015.537822778829,ismail,Ismail--Taha,II,11.8,3
363.8741418262107,0.00028501579684245005,0.7125394921061251,0.0001358011317006574,0.9999999907790263,2020.6241418262105,ismail,Ismail--Taha,II,11.85,3
366.4604611490049,0.0002850158294140705,0.7125395735351763,0.00013626420240853764,0.9999999907160333,2025.710461149005,ismail,Ismail--Taha,II,11.9,3
369.04678054854594,0.00028501585380658295,0.7125396345164573,0.00013658111434686408,0.9999999906727993,2030.796780548546,ismail,Ismail--Taha,II,11.950000000000001,3
371.6331001170108,0.0002850158553637191,0.7125396384092977,0.00013682100942627822,0.9999999906400056,2035.8831001170106,ismail,Ismail--Taha,II,12.0,3
374.2194317568178,0.00028501586005572386,0.7125396501393096,0.00013705263253637576,0.9999999906082879,2040.9694317568178,ismail,Ismail--Taha,II,12.05,3
376.80574779253243,0.0002850158555683185,0.7125396389207962,0.0001369787008694763,0.9999999906184178,2046.0557477925322,ismail,Ismail--Taha,II,12.1,3
379.3920589798431,0.00028501584880784016,0.7125396220196003,0.0001367820642912865,0.9999999906453334,2051.142058979843,ismail,Ismail--Taha,II,12.15,3
381.9783785278314,0.00028501584457378,0.71253961143445,0.0001365137326526647,0.9999999906820003,2056.2283785278314,ismail,Ismail--Taha,II,12.200000000000001,3
384.5646978907755,0.00028501582415882664,0.7125395603970666,0.00013614316033785245,0.9999999907325198,2061.3146978907753,ismail,Ismail--Taha,II,12.25,3
387.15101716349136,0.00028501579675575665,0.7125394918893916,0.00013563565232412115,0.9999999908014848,2066.4010171634914,ismail,Ismail--Taha,II,12.3,3
389.7373361405437,0.00028501575783644936,0.7125393945911234,0.00013499547402445153,0.9999999908881109,2071.4873361405434,ismail,Ismail--Taha,II,12.35,3
392.32366372942806,0.00028501578053695105,0.7125394513423776,0.00013547342567589432,0.9999999908234752,2076.573663729428,ismail,Ismail--Taha,II,12.4,3
394.9099828547405,0.0002850158134939614,0.7125395337349034,0.0001360081767219667,0.9999999907508879,2081.6599828547405,ismail,Ismail--Taha,II,12.450000000000001,3
397.49630224916314,0.00028501584005566496,0.7125396001391624,0.00013641168096760258,0.9999999906959266,2086.746302249163,ismail,Ismail--Taha,II,12.5,3
400.0826217333465,0.00028501584680593837,0.7125396170148459,0.0001367151978580944,0.9999999906544772,2091.8326217333465,ismail,Ismail--Taha,II,12.55,3
402.6689413244965,0.00028501586158836967,0.7125396539709241,0.00013685005763227156,0.9999999906360308,2096.9189413244962,ismail,Ismail--Taha,II,12.6,3
405.2552607839493,0.00028501585582311936,0.7125396395577983,0.00013693734180151649,0.9999999906240821,2102.0052607839493,ismail,Ismail--Taha,II,12.65,3
407.84158059749325,0.00028501586345513986,0.7125396586378496,0.0001368481121364148,0.9999999906362971,2107.0915805974932,ismail,Ismail--Taha,II,12.700000000000001,3
410.42790018224537,0.00028501584951822,0.7125396237955499,0.00013668723184333538,0.9999999906583005,2112.177900182245,ismail,Ismail--Taha,II,12.75,3
413.0142197076748,0.0002850158365239453,0.7125395913098632,0.0001363855707674369,0.9999999906994881,2117.264219707675,ismail,Ismail--Taha,II,12.8,3
415.6005389798818,0.0002850158177959092,0.7125395444897729,0.00013595381150629808,0.9999999907582806,2122.3505389798815,ismail,Ismail--Taha,II,12.85,3
418.186858155927,0.00028501577675663846,0.7125394418915961,0.00013538193634802625,0.9999999908358658,2127.436858155927,ismail,Ismail--Taha,II,12.9,3
420.77318571393243,0.0002850157595048247,0.7125393987620617,0.00013508061611511922,0.9999999908766136,2132.5231857139324,ismail,Ismail--Taha,II,12.950000000000001,3
423.35950470682405,0.0002850158052401438,0.7125395131003595,0.0001356964662919038,0.9999999907932345,2137.609504706824,ismail,Ismail--Taha,II,13.0,3
425.94582395774387,0.0002850158287078775,0.7125395717696937,0.00013620232034609192,0.9999999907244638,2142.695823957744,ismail,Ismail--Taha,II,13.05,3
428.53214339193005,0.0002850158478931173,0.7125396197327932,0.00013654745001477107,0.999999990677397,2147.78214339193,ismail,Ismail--Taha,II,13.1,3
431.11846294472934,0.0002850158635550407,0.7125396588876017,0.00013677313345755303,0.9999999906465551,2152.8684629447293,ismail,Ismail--Taha,II,13.15,3
433.70476835973113,0.0002850158635331277,0.7125396588328192,0.00013710948022241487,0.999999990600495,2157.954768359731,ismail,Ismail--Taha,II,13.200000000000001,3
436.2911182055102,0.0002850158552526886,0.7125396381317215,0.00013718123780929515,0.9999999905906541,2163.04111820551,ismail,Ismail--Taha,II,13.25,3
438.8774217932796,0.0002850158487073647,0.7125396217684117,0.0001367995795119543,0.9999999906429377,2168.1274217932796,ismail,Ismail--Taha,II,13.3,3
441.4637413548637,0.0002850158419352744,0.7125396048381859,0.00013657409921584993,0.9999999906737578,2173.2137413548635,ismail,Ismail--Taha,II,13.35,3
444.0500607982117,0.0002850158310085643,0.7125395775214107,0.00013621258859660803,0.9999999907230653,2178.3000607982117,ismail,Ismail--Taha,II,13.4,3
446.63638006438805,0.00028501579661780076,0.7125394915445019,0.00013574251804425368,0.9999999907869841,2183.386380064388,ismail,Ismail--Taha,II,13.450000000000001,3
449.22269907078703,0.00028501575318627323,0.7125393829656831,0.0001351113055665721,0.9999999908724675,2188.472699070787,ismail,Ismail--Taha,II,13.5,3
451.80902658560353,0.00028501578248634444,0.7125394562158611,0.0001353576580896743,0.9999999908391524,2193.5590265856035,ismail,Ismail--Taha,II,13.55,3
454.3953457464088,0.00028501581410207065,0.7125395352551765,0.00013591474757762445,0.9999999907635907,2198.6453457464086,ismail,Ismail--Taha,II,13.6,3
456.9816650947423,0.00028501583213702824,0.7125395803425706,0.00013636475153354157,0.9999999907023271,2203.7316650947423,ismail,Ismail--Taha,II,13.65,3
459.5679845810696,0.0002850158550516054,0.7125396376290134,0.00013666100866053293,0.9999999906618842,2208.8179845810696,ismail,Ismail--Taha,II,13.700000000000001,3
462.15430415748983,0.00028501585728434725,0.712539643210868,0.0001368629943310414,0.9999999906342605,2213.9043041574896,ismail,Ismail--Taha,II,13.75,3
464.740628961586,0.00028501585941392767,0.7125396485348191,0.00013694400511999626,0.9999999906231696,2218.990628961586,ismail,Ismail--Taha,II,13.8,3
467.32694581063583,0.0002850158551296859,0.7125396378242147,0.00013688555777092258,0.9999999906311722,2224.0769458106356,ismail,Ismail--Taha,II,13.85,3
469.91326301987874,0.0002850158528113516,0.712539632028379,0.00013671632985479937,0.9999999906543223,2229.1632630198787,ismail,Ismail--Taha,II,13.9,3
472.4995825215756,0.0002850158476337517,0.7125396190843792,0.00013643184405795952,0.9999999906931759,2234.2495825215756,ismail,Ismail--Taha,II,13.950000000000001,3
475.08590189141364,0.0002850158213929184,0.712539553482296,0.00013603036970700756,0.9999999907478692,2239.3359018914134,ismail,Ismail--Taha,II,14.0,3
477.6722210410039,0.0002850157781338331,0.7125394453345827,0.00013550421207169101,0.9999999908193042,2244.422221041004,ismail,Ismail--Taha,II,14.05,3
480.25854865830865,0.0002850157523611255,0.7125393809028138,0.00013495212269420986,0.9999999908939623,2249.5085486583084,ismail,Ismail--Taha,II,14.1,3
482.84486759231504,0.00028501579568188687,0.7125394892047171,0.00013561832774750424,0.9999999908038346,2254.594867592315,ismail,Ismail--Taha,II,14.15,3
485.4311868059217,0.0002850158214073822,0.7125395535184555,0.0001361133156485806,0.9999999907365825,2259.6811868059217,ismail,Ismail--Taha,II,14.200000000000001,3
488.01750620607504,0.00028501583876012137,0.7125395969003034,0.00013650377146017965,0.9999999906833602,2264.767506206075,ismail,Ismail--Taha,II,14.25,3
490.6038257636869,0.00028501585349605623,0.7125396337401405,0.00013676962123642,0.9999999906470355,2269.853825763687,ismail,Ismail--Taha,II,14.3,3
493.19013533436487,0.0002850158614680824,0.712539653670206,0.0001369974653181884,0.9999999906158473,2274.9401353343646,ismail,Ismail--Taha,II,14.35,3
495.7764546833846,0.0002850158619898997,0.7125396549747492,0.00013701913408885606,0.9999999906128785,2280.0264546833846,ismail,Ismail--Taha,II,14.4,3
498.36278459770983,0.0002850158605950066,0.7125396514875165,0.00013682478778023977,0.9999999906394889,2285.11278459771,ismail,Ismail--Taha,II,14.450000000000001,3
500.94910421062355,0.0002850158539593194,0.7125396348982984,0.0001365948004741864,0.9999999906709303,2290.1991042106233,ismail,Ismail--Taha,II,14.5,3
503.5354236132662,0.0002850158266242136,0.712539566560534,0.00013628963264205067,0.9999999907125677,2295.285423613266,ismail,Ismail--Taha,II,14.55,3
506.12174295689897,0.00028501579840832487,0.7125394960208121,0.0001358343942981888,0.9999999907745084,2300.3717429568987,ismail,Ismail--Taha,II,14.6,3
508.7080620147285,0.0002850157670905024,0.712539417726256,0.00013523225978182848,0.9999999908561178,2305.4580620147285,ismail,Ismail--Taha,II,14.65,3
511.2943895572721,0.0002850157765188931,0.7125394412972327,0.00013522231308902384,0.9999999908574629,2310.544389557272,ismail,Ismail--Taha,II,14.700000000000001,3
513.880708655988,0.0002850158097659863,0.7125395244149657,0.0001358306558515766,0.9999999907750163,2315.6307086559877,ismail,Ismail--Taha,II,14.75,3
516.4670279297011,0.0002850158398012383,0.7125395995030958,0.0001362781252388678,0.9999999907141363,2320.717027929701,ismail,Ismail--Taha,II,14.8,3
519.0533473927928,0.00028501585635789053,0.7125396408947263,0.0001366121564842119,0.9999999906685593,2325.8033473927926,ismail,Ismail--Taha,II,14.85,3
521.6396669459809,0.00028501585955435094,0.7125396488858773,0.0001368213284554042,0.999999990639962,2330.889666945981,ismail,Ismail--Taha,II,14.9,3
524.2259959781941,0.0002850158640149538,0.7125396600373844,0.00013701166735169464,0.9999999906139015,2335.975995978194,ismail,Ismail--Taha,II,14.950000000000001,3
526.8123163267271,0.00028501586854919216,0.7125396713729804,0.00013698487043919887,0.9999999906175728,2341.062316326727,ismail,Ismail--Taha,II,15.0,3
283.13706930243916,5.885047845548986e-05,0.14712619613872466,0.0006418086357465055,0.9999997940408163,2194.887069302439,pade8,Pade-8,I,16.95,20
292.3898200795318,5.885047862919655e-05,0.14712619657299136,0.0003825650933477103,0.9999999268219724,2206.639820079532,pade8,Pade-8,I,17.0,20
301.6425708625479,5.885047878603602e-05,0.14712619696509005,0.00036068753712345427,0.999999934952248,2218.392570862548,pade8,Pade-8,I,17.05,20
310.8953216612356,5.885047904375282e-05,0.14712619760938203,0.00034896351536092216,0.9999999391122308,2230.1453216612354,pade8,Pade-8,I,17.1,20
320.1480724163446,5.885047827949496e-05,0.1471261956987374,0.0003479173604151738,0.9999999394767531,2241.8980724163443,pade8,Pade-8,I,17.15,20
329.40082318557234,5.885047742612009e-05,0.1471261935653002,0.0003478338201445126,0.999999939505815,2253.6508231855723,pade8,Pade-8,I,17.2,20
338.6535740020647,5.885047858474484e-05,0.1471261964618621,0.00034782436694028165,0.999999939509103,2265.403574002065,pade8,Pade-8,I,17.25,20
347.90632478987163,5.885047821581485e-05,0.14712619553953712,0.0003478193740503118,0.9999999395108401,2277.1563247898716,pade8,Pade-8,I,17.3,20
357.15907553370084,5.885047868146221e-05,0.14712619670365554,0.000347809126344389,0.9999999395144044,2288.9090755337006,pade8,Pade-8,I,17.35,20
366.41182629650234,5.8850478832594825e-05,0.14712619708148705,0.0003478150987302477,0.9999999395123267,2300.661826296502,pade8,Pade-8,I,17.4,20
375.6645771359017,5.8850478199643357e-05,0.14712619549910838,0.00034781176375666377,0.9999999395134869,2312.4145771359017,pade8,Pade-8,I,17.45,20
384.9173278927108,5.885047812696294e-05,0.14712619531740734,0.0003478195957690826,0.9999999395107625,2324.167327892711,pade8,Pade-8,I,17.5,20
394.17007867450684,5.885047762215244e-05,0.1471261940553811,0.0003478148823341488,0.999999939512402,2335.920078674507,pade8,Pade-8,I,17.55,20
403.42282944509657,5.885047867445089e-05,0.1471261966861272,0.00034781329862742063,0.9999999395129527,2347.6728294450963,pade8,Pade-8,I,17.6,20
412.67558023836614,5.885047834839162e-05,0.14712619587097903,0.0003478258856182248,0.9999999395085752,2359.425580238366,pade8,Pade-8,I,17.65,20
421.9283309944776,5.885047868983568e-05,0.1471261967245892,0.0003478082943713592,0.999999939514693,2371.1783309944776,pade8,Pade-8,I,17.7,20
431.1810817426774,5.8850477904339306e-05,0.14712619476084826,0.0003478116119148184,0.9999999395135398,2382.9310817426776,pade8,Pade-8,I,17.75,20
440.43383257883033,5.88504788393784e-05,0.147126197098446,0.00034781411877684985,0.9999999395126673,2394.6838325788303,pade8,Pade-8,I,17.8,20
449.68658338484624,5.885047768517533e-05,0.14712619421293832,0.0003478189284012248,0.9999999395109951,2406.436583384846,pade8,Pade-8,I,17.85,20
458.9393341777711,5.8850478023111844e-05,0.1471261950577796,0.0003478206869618229,0.9999999395103829,2418.189334177771,pade8,Pade-8,I,17.9,20
468.19208490828305,5.8850477843278056e-05,0.14712619460819512,0.0003478223289219569,0.999999939509812,2429.942084908283,pade8,Pade-8,I,17.95,20
477.4448356940445,5.8850478531797074e-05,0.14712619632949267,0.0003478072052362396,0.9999999395150722,2441.6948356940447,pade8,Pade-8,I,18.0,20
486.69758647272056,5.8850478979390805e-05,0.147126197448477,0.0003478162989247519,0.9999999395119095,2453.4475864727206,pade8,Pade-8,I,18.05,20
495.95033721764617,5.88504790503317e-05,0.14712619762582924,0.0003478139913013693,0.9999999395127122,2465.200337217646,pade8,Pade-8,I,18.1,20
505.2030879938559,5.8850477950128585e-05,0.14712619487532147,0.00034781972409722746,0.9999999395107178,2476.9530879938557,pade8,Pade-8,I,18.15,20
514.4558388203891,5.8850477798072693e-05,0.14712619449518172,0.000347814102316313,0.9999999395126731,2488.705838820389,pade8,Pade-8,I,18.2,20
523.7085896049155,5.885047883865311e-05,0.14712619709663277,0.0003478184054200294,0.9999999395111765,2500.4585896049157,pade8,Pade-8,I,18.25,20
532.9613403779836,5.885047876534527e-05,0.14712619691336315,0.0003478066075233424,0.9999999395152797,2512.2113403779836,pade8,Pade-8,I,18.3,20
542.2140912243378,5.885047831018854e-05,0.14712619577547134,0.0003478089144293579,0.9999999395144772,2523.9640912243376,pade8,Pade-8,I,18.35,20
551.4668419162056,5.8850478332707564e-05,0.1471261958317689,0.0003478131582498967,0.9999999395130016,2535.7168419162053,pade8,Pade-8,I,18.4,20
560.7195927435746,5.8850477852671326e-05,0.1471261946316783,0.00034782684766379644,0.9999999395082401,2547.4695927435746,pade8,Pade-8,I,18.45,20
569.9723434790433,5.885047887431302e-05,0.14712619718578254,0.00034781997269061883,0.9999999395106312,2559.2223434790435,pade8,Pade-8,I,18.5,20
579.2250942452342,5.885047768686063e-05,0.14712619421715156,0.0003478163852051587,0.9999999395118793,2570.9750942452342,pade8,Pade-8,I,18.55,20
588.4778450884098,5.885047855027532e-05,0.1471261963756883,0.0003478193084589735,0.9999999395108632,2582.7278450884096,pade8,Pade-8,I,18.6,20
597.730595851446,5.8850478165772474e-05,0.14712619541443117,0.0003478147831710319,0.9999999395124369,2594.4805958514457,pade8,Pade-8,I,18.65,20
606.9833465504857,5.885047834972918e-05,0.14712619587432293,0.00034781278522495024,0.9999999395131316,2606.2333465504857,pade8,Pade-8,I,18.7,20
616.2360974329556,5.885047931696783e-05,0.14712619829241957,0.0003478163673783217,0.9999999395118856,2617.986097432956,pade8,Pade-8,I,18.75,20
625.488848143908,5.885047840626997e-05,0.14712619601567492,0.0003478152967251996,0.9999999395122576,2629.738848143908,pade8,Pade-8,I,18.8,20
634.7415989640501,5.885047947834551e-05,0.14712619869586377,0.0003478075845864213,0.99999993951494,2641.49159896405,pade8,Pade-8,I,18.85,20
643.9943497829884,5.885047918572833e-05,0.1471261979643208,0.00034781317532122383,0.999999939512996,2653.244349782988,pade8,Pade-8,I,18.9,20
653.247100603849,5.885047903082392e-05,0.1471261975770598,0.0003478111086640105,0.9999999395137147,2664.997100603849,pade8,Pade-8,I,18.95,20
662.4998513317762,5.8850478465380184e-05,0.14712619616345046,0.00034781316463909553,0.9999999395129994,2676.7498513317764,pade8,Pade-8,I,19.0,20
671.7526020825676,5.885047803885358e-05,0.14712619509713393,0.00034782014584642753,0.9999999395105713,2688.5026020825676,pade8,Pade-8,I,19.05,20
681.0053528539231,5.885047805772476e-05,0.14712619514431188,0.0003478094965899004,0.9999999395142748,2700.255352853923,pade8,Pade-8,I,19.1,20
690.2581036381232,5.88504791745554e-05,0.1471261979363885,0.00034780359501361454,0.999999939516328,2712.008103638123,pade8,Pade-8,I,19.15,20
699.5108544219829,5.885047824653902e-05,0.14712619561634754,0.00034782269745154006,0.9999999395096838,2723.760854421983,pade8,Pade-8,I,19.2,20
708.7636052654027,5.885047845020375e-05,0.14712619612550937,0.00034781234451936765,0.9999999395132843,2735.513605265403,pade8,Pade-8,I,19.25,20
718.0163559988864,5.88504780802222e-05,0.1471261952005555,0.0003478241747119251,0.9999999395091701,2747.2663559988864,pade8,Pade-8,I,19.3,20
727.2691067611443,5.885047902082325e-05,0.14712619755205814,0.00034781514345218965,0.999999939512311,2759.019106761144,pade8,Pade-8,I,19.35,20
736.5218575976548,5.88504793312058e-05,0.1471261983280145,0.00034781908646567454,0.9999999395109398,2770.7718575976546,pade8,Pade-8,I,19.4,20
745.7746083660327,5.885047759052329e-05,0.14712619397630822,0.000347816362256946,0.9999999395118874,2782.5246083660327,pade8,Pade-8,I,19.45,20
755.0273591099406,5.885047797890993e-05,0.14712619494727483,0.0003478132642132811,0.9999999395129646,2794.277359109941,pade8,Pade-8,I,19.5,20
764.2801098841469,5.885047894857068e-05,0.14712619737142668,0.0003478145160226881,0.9999999395125292,2806.030109884147,pade8,Pade-8,I,19.55,20
773.5328606738719,5.88504783937312e-05,0.147126195984328,0.0003478177107587482,0.9999999395114183,2817.7828606738717,pade8,Pade-8,I,19.6,20
782.7856114922486,5.885047821781537e-05,0.14712619554453843,0.0003478184312493165,0.9999999395111676,2829.5356114922483,pade8,Pade-8,I,19.65,20
792.0383622806689,5.885047798803678e-05,0.14712619497009194,0.00034783162982640934,0.9999999395065768,2841.288362280669,pade8,Pade-8,I,19.7,20
801.2911130338816,5.8850479424072504e-05,0.14712619856018125,0.00034780993392372116,0.9999999395141232,2853.0411130338816,pade8,Pade-8,I,19.75,20
810.5438638192882,5.8850478289980735e-05,0.14712619572495184,0.0003478201177745503,0.9999999395105812,2864.793863819288,pade8,Pade-8,I,19.8,20
819.7966146304907,5.8850478757545585e-05,0.14712619689386394,0.0003478130183588845,0.9999999395130504,2876.5466146304907,pade8,Pade-8,I,19.85,20
829.0493654086331,5.885047874542147e-05,0.14712619686355366,0.00034780851311677185,0.9999999395146172,2888.2993654086326,pade8,Pade-8,I,19.9,20
838.3021161318729,5.885047822850274e-05,0.14712619557125683,0.00034782078856870197,0.9999999395103476,2900.052116131873,pade8,Pade-8,I,19.95,20
847.5548669423661,5.8850478049070734e-05,0.14712619512267683,0.0003478213230449428,0.9999999395101622,2911.804866942366,pade8,Pade-8,I,20.0,20
856.8076176901927,5.8850478333050334e-05,0.14712619583262582,0.00034782788846340234,0.999999939507878,2923.5576176901927,pade8,Pade-8,I,20.05,20
866.0603684937682,5.885047910422778e-05,0.14712619776056945,0.00034781164614056267,0.9999999395135272,2935.3103684937682,pade8,Pade-8,I,20.1,20
875.3131193328509,5.885047880597561e-05,0.147126197014939,0.000347817752083747,0.9999999395114032,2947.0631193328504,pade8,Pade-8,I,20.15,20
884.5658700081253,5.8850478501456856e-05,0.14712619625364212,0.00034781964224624764,0.9999999395107466,2958.8158700081253,pade8,Pade-8,I,20.2,20
893.8186208079037,5.8850479385213736e-05,0.14712619846303435,0.00034781621519229083,0.9999999395119384,2970.5686208079037,pade8,Pade-8,I,20.25,20
903.0713716558212,5.8850478781572515e-05,0.14712619695393128,0.00034782036886912935,0.9999999395104936,2982.321371655821,pade8,Pade-8,I,20.3,20
912.3241223937471,5.8850478382000145e-05,0.14712619595500034,0.0003478084921412321,0.9999999395146247,2994.074122393747,pade8,Pade-8,I,20.35,20
921.5768731720818,5.885047843569053e-05,0.1471261960892263,0.0003478131377681121,0.999999939513009,3005.8268731720814,pade8,Pade-8,I,20.4,20
930.8296240315408,5.885047896323179e-05,0.14712619740807947,0.0003478111276078154,0.9999999395137075,3017.579624031541,pade8,Pade-8,I,20.45,20
940.0823746943129,5.885047891930848e-05,0.1471261972982712,0.0003478137219118175,0.9999999395128056,3029.332374694313,pade8,Pade-8,I,20.5,20
949.3351255611951,5.885047908831208e-05,0.1471261977207802,0.00034780776210813284,0.9999999395148786,3041.085125561195,pade8,Pade-8,I,20.55,20
958.587876315662,5.885047855494947e-05,0.14712619638737368,0.00034782367645292827,0.9999999395093434,3052.837876315662,pade8,Pade-8,I,20.6,20
967.840627078248,5.885047897207557e-05,0.14712619743018893,0.0003478103573114825,0.9999999395139757,3064.5906270782475,pade8,Pade-8,I,20.65,20
977.0933778201083,5.885047783936204e-05,0.1471261945984051,0.0003478101420694027,0.9999999395140502,3076.3433778201083,pade8,Pade-8,I,20.7,20
986.346128684941,5.8850478839203796e-05,0.14712619709800948,0.00034781387255643215,0.9999999395127528,3088.096128684941,pade8,Pade-8,I,20.75,20
995.5988794059544,5.885047904435256e-05,0.1471261976108814,0.00034781134168201206,0.9999999395136334,3099.8488794059544,pade8,Pade-8,I,20.8,20
1004.8516302372755,5.885047888039417e-05,0.1471261972009854,0.0003478141293659039,0.9999999395126642,3111.6016302372755,pade8,Pade-8,I,20.85,20
1014.104381000303,5.8850478531708454e-05,0.14712619632927113,0.00034780816644816744,0.9999999395147378,3123.3543810003025,pade8,Pade-8,I,20.9,20
1023.3571317230944,5.885047786043098e-05,0.14712619465107746,0.0003478158225105585,0.9999999395120751,3135.1071317230944,pade8,Pade-8,I,20.95,20
1032.6098825322333,5.885047907102229e-05,0.14712619767755572,0.0003478156540337309,0.9999999395121341,3146.8598825322333,pade8,Pade-8,I,21.0,20
1041.8626333267935,5.8850478484949186e-05,0.14712619621237297,0.0003478099176999962,0.9999999395141288,3158.6126333267935,pade8,Pade-8,I,21.05,20
1051.1153841518421,5.885047851145886e-05,0.14712619627864715,0.00034781176616130205,0.9999999395134854,3170.365384151842,pade8,Pade-8,I,21.1,20
1060.3681348915889,5.885047860502662e-05,0.14712619651256656,0.0003478223570717639,0.9999999395098021,3182.1181348915884,pade8,Pade-8,I,21.15,20
1069.620885637581,5.885047880908006e-05,0.14712619702270013,0.00034780875234553924,0.9999999395145341,3193.870885637581,pade8,Pade-8,I,21.2,20
1078.8736364627234,5.88504788099649e-05,0.14712619702491225,0.0003478104364656234,0.9999999395139486,3205.6236364627234,pade8,Pade-8,I,21.25,20
1088.1263872698178,5.885047873062507e-05,0.14712619682656267,0.0003478161852725278,0.999999939511949,3217.3763872698178,pade8,Pade-8,I,21.3,20
1097.3791380280786,5.8850478486509265e-05,0.14712619621627315,0.0003478277396523084,0.9999999395079303,3229.1291380280786,pade8,Pade-8,I,21.35,20
1106.6318887514526,5.885047870992785e-05,0.1471261967748196,0.00034780553550416523,0.9999999395156526,3240.881888751452,pade8,Pade-8,I,21.4,20
1115.884639580608,5.885047851098728e-05,0.14712619627746817,0.00034781836382467434,0.9999999395111914,3252.634639580608,pade8,Pade-8,I,21.45,20
1125.1373903609856,5.885047857857286e-05,0.14712619644643216,0.00034782287705051285,0.9999999395096214,3264.3873903609856,pade8,Pade-8,I,21.5,20
1134.3901411287384,5.8850478329233705e-05,0.14712619582308425,0.0003478185719003561,0.9999999395111184,3276.1401411287384,pade8,Pade-8,I,21.55,20
1143.642891957366,5.885047899823764e-05,0.1471261974955941,0.00034782113901507663,0.9999999395102259,3287.892891957366,pade8,Pade-8,I,21.6,20
1152.8956427318435,5.885047912522152e-05,0.1471261978130538,0.0003478122952441979,0.9999999395133015,3299.645642731843,pade8,Pade-8,I,21.65,20
1162.1483935051938,5.885047803583911e-05,0.14712619508959776,0.00034781823043679997,0.9999999395112379,3311.398393505194,pade8,Pade-8,I,21.7,20
1171.4011442647338,5.8850478494517243e-05,0.1471261962362931,0.00034781231398654447,0.9999999395132954,3323.151144264734,pade8,Pade-8,I,21.75,20
1180.6538950596778,5.885047777352649e-05,0.14712619443381622,0.0003478265533495933,0.9999999395083429,3334.903895059678,pade8,Pade-8,I,21.8,20
1189.9066458635493,5.885047939904176e-05,0.1471261984976044,0.0003478035661714631,0.999999939516338,3346.6566458635493,pade8,Pade-8,I,21.85,20
1199.1593965902566,5.885047915962699e-05,0.14712619789906747,0.0003478176198694462,0.9999999395114502,3358.409396590256,pade8,Pade-8,I,21.9,20
1208.4121474411954,5.8850479280350176e-05,0.14712619820087544,0.0003478050258736883,0.9999999395158297,3370.1621474411954,pade8,Pade-8,I,21.95,20
1217.6648981892222,5.885047919652434e-05,0.14712619799131085,0.0003478023943222735,0.999999939516745,3381.914898189222,pade8,Pade-8,I,22.0,20
1226.917648977941,5.885047895806145e-05,0.14712619739515362,0.0003478181345050622,0.9999999395112709,3393.667648977941,pade8,Pade-8,I,22.05,20
1236.17039976766,5.8850479481968094e-05,0.14712619870492022,0.00034780848685276835,0.9999999395146261,3405.42039976766,pade8,Pade-8,I,22.1,20
1245.4231505002504,5.885047836032987e-05,0.14712619590082468,0.00034781107358458976,0.9999999395137263,3417.17315050025,pade8,Pade-8,I,22.15,20
1254.6759013230694,5.885047851137804e-05,0.1471261962784451,0.0003478072106815502,0.9999999395150699,3428.9259013230694,pade8,Pade-8,I,22.2,20
1263.9286521032236,5.885047805591165e-05,0.14712619513977912,0.0003478070361691763,0.9999999395151309,3440.6786521032236,pade8,Pade-8,I,22.25,20
1273.1814028778522,5.885047781717656e-05,0.1471261945429414,0.00034782314495658686,0.9999999395095279,3452.431402877852,pade8,Pade-8,I,22.3,20
1282.4341536882744,5.8850478230587584e-05,0.14712619557646894,0.0003478204497841452,0.9999999395104657,3464.1841536882744,pade8,Pade-8,I,22.35,20
1291.686904450773,5.885047851023695e-05,0.14712619627559237,0.00034782418825212477,0.9999999395091649,3475.9369044507725,pade8,Pade-8,I,22.4,20
1300.9396552407784,5.8850477987539124e-05,0.1471261949688478,0.00034781253103464597,0.9999999395132195,3487.6896552407784,pade8,Pade-8,I,22.45,20
1310.19240603578,5.885047730894121e-05,0.14712619327235302,0.00034782170687561956,0.9999999395100285,3499.44240603578,pade8,Pade-8,I,22.5,20
1319.4451567450465,5.8850478279706984e-05,0.14712619569926746,0.0003478132606141776,0.999999939512966,3511.1951567450465,pade8,Pade-8,I,22.55,20
1328.697907571901,5.885047808724775e-05,0.14712619521811937,0.0003478115089678925,0.9999999395135757,3522.947907571901,pade8,Pade-8,I,22.6,20
1337.9506583256411,5.8850478373013023e-05,0.14712619593253254,0.0003478154327704819,0.9999999395122104,3534.7006583256407,pade8,Pade-8,I,22.65,20
1347.2034091419964,5.8850478795659255e-05,0.14712619698914814,0.00034780977049871917,0.9999999395141802,3546.4534091419964,pade8,Pade-8,I,22.7,20
1356.4561598460214,5.885047774094962e-05,0.14712619435237403,0.00034782500264402975,0.9999999395088819,3558.2061598460214,pade8,Pade-8,I,22.75,20
1365.708910661132,5.885047796008994e-05,0.14712619490022483,0.00034781235367137726,0.9999999395132814,3569.958910661132,pade8,Pade-8,I,22.8,20
1374.961661432359,5.8850478648123965e-05,0.1471261966203099,0.00034781352512623225,0.9999999395128739,3581.711661432359,pade8,Pade-8,I,22.85,20
1384.2144122239574,5.8850479309928804e-05,0.147126198274822,0.00034780302290664147,0.9999999395165269,3593.464412223957,pade8,Pade-8,I,22.9,20
1393.4671630286489,5.885047901915684e-05,0.1471261975478921,0.00034781934693074604,0.999999939510849,3605.217163028649,pade8,Pade-8,I,22.95,20
1402.7199137741527,5.885047876408307e-05,0.14712619691020767,0.00034780304683286727,0.9999999395165184,3616.9699137741527,pade8,Pade-8,I,23.0,20
1411.9726645503042,5.885047834279475e-05,0.14712619585698686,0.000347816847401218,0.9999999395117187,3628.722664550304,pade8,Pade-8,I,23.05,20
1421.2254153628214,5.8850478197027705e-05,0.14712619549256925,0.0003478244754905328,0.9999999395090652,3640.4754153628214,pade8,Pade-8,I,23.1,20
1430.4781661176457,5.885047786276793e-05,0.1471261946569198,0.0003478112198628996,0.9999999395136759,3652.2281661176453,pade8,Pade-8,I,23.15,20
1439.7309168895522,5.885047789520472e-05,0.14712619473801178,0.0003478138920912292,0.9999999395127461,3663.980916889552,pade8,Pade-8,I,23.2,20
1448.9836677134817,5.885047947149101e-05,0.1471261986787275,0.0003478116448910878,0.9999999395135282,3675.7336677134817,pade8,Pade-8,I,23.25,20
1458.2364184969178,5.885047835646292e-05,0.1471261958911573,0.00034781975988589723,0.9999999395107055,3687.486418496918,pade8,Pade-8,I,23.3,20
1467.4891692556057,5.885047846997471e-05,0.14712619617493677,0.00034781486895259244,0.9999999395124067,3699.2391692556057,pade8,Pade-8,I,23.35,20
1476.7419201141042,5.8850478217930086e-05,0.1471261955448252,0.00034781354905227965,0.9999999395128658,3710.991920114104,pade8,Pade-8,I,23.4,20
1485.994670848259,5.8850478750414476e-05,0.14712619687603617,0.0003478159164607155,0.9999999395120418,3722.744670848259,pade8,Pade-8,I,23.45,20
1495.247421618686,5.885047788156095e-05,0.14712619470390237,0.0003478136374646994,0.9999999395128356,3734.497421618686,pade8,Pade-8,I,23.5,20
1504.5001724074368,5.8850477776496826e-05,0.14712619444124206,0.0003478287734106775,0.9999999395075707,3746.250172407437,pade8,Pade-8,I,23.55,20
1513.752923266663,5.8850479346731464e-05,0.14712619836682866,0.00034780648454393507,0.9999999395153225,3758.002923266663,pade8,Pade-8,I,23.6,20
1523.0056739818415,5.8850478842955034e-05,0.14712619710738759,0.00034781650629483443,0.9999999395118366,3769.755673981841,pade8,Pade-8,I,23.65,20
1532.2584246862975,5.885047818418742e-05,0.14712619546046854,0.00034781509772476097,0.9999999395123275,3781.508424686298,pade8,Pade-8,I,23.700000000000003,20
1541.5111755197286,5.885047801187317e-05,0.1471261950296829,0.0003478217851560582,0.9999999395100015,3793.2611755197286,pade8,Pade-8,I,23.75,20
1550.7639263237056,5.885047767445869e-05,0.14712619418614672,0.0003478094837440085,0.9999999395142795,3805.0139263237056,pade8,Pade-8,I,23.8,20
1560.016677075031,5.885047840799481e-05,0.14712619601998703,0.0003478143767303694,0.9999999395125779,3816.766677075031,pade8,Pade-8,I,23.85,20
1569.2694279119755,5.8850478268670186e-05,0.14712619567167545,0.0003478112507469273,0.9999999395136655,3828.519427911975,pade8,Pade-8,I,23.9,20
1578.522178620558,5.885047840639543e-05,0.1471261960159886,0.00034781548163245697,0.9999999395121938,3840.2721786205584,pade8,Pade-8,I,23.950000000000003,20
1587.7749294556015,5.885047878804851e-05,0.14712619697012128,0.00034781669594189784,0.9999999395117712,3852.0249294556015,pade8,Pade-8,I,24.0,20
1597.0276802290518,5.885047852456936e-05,0.1471261963114234,0.0003478195568346021,0.9999999395107759,3863.777680229052,pade8,Pade-8,I,24.05,20
1606.280431000458,5.8850479292327277e-05,0.14712619823081818,0.0003478095002982866,0.9999999395142737,3875.530431000458,pade8,Pade-8,I,24.1,20
1615.533181788182,5.885047926017088e-05,0.14712619815042718,0.00034781381344978186,0.9999999395127741,3887.2831817881815,pade8,Pade-8,I,24.15,20
1624.7859325293166,5.885047785584954e-05,0.14712619463962384,0.0003478171533931057,0.9999999395116123,3899.035932529317,pade8,Pade-8,I,24.200000000000003,20
1634.038683325232,5.885047843392543e-05,0.1471261960848136,0.00034781157668831663,0.9999999395135515,3910.788683325232,pade8,Pade-8,I,24.25,20
1643.2914341141868,5.8850477691309544e-05,0.14712619422827386,0.0003478220502673706,0.9999999395099086,3922.541434114187,pade8,Pade-8,I,24.3,20
1652.544184878655,5.885047854235515e-05,0.14712619635588786,0.000347820606507055,0.9999999395104108,3934.294184878655,pade8,Pade-8,I,24.35,20
1661.796935723873,5.885047930075429e-05,0.14712619825188572,0.00034781324360586073,0.9999999395129722,3946.0469357238726,pade8,Pade-8,I,24.4,20
1671.049686449663,5.885047867840449e-05,0.1471261966960112,0.0003478124709888436,0.9999999395132406,3957.7996864496636,pade8,Pade-8,I,24.450000000000003,20
1680.302437223339,5.885047828087403e-05,0.14712619570218508,0.00034781304432161234,0.9999999395130414,3969.552437223339,pade8,Pade-8,I,24.5,20
1689.5551880649296,5.8850477561263925e-05,0.1471261939031598,0.0003478234411158295,0.9999999395094253,3981.3051880649296,pade8,Pade-8,I,24.55,20
1698.8079387951047,5.8850478537795585e-05,0.14712619634448895,0.0003478180030638559,0.9999999395113163,3993.0579387951047,pade8,Pade-8,I,24.6,20
1708.060689584669,5.8850478444907974e-05,0.14712619611226993,0.0003478252253407174,0.9999999395088046,4004.8106895846686,pade8,Pade-8,I,24.65,20
1717.3134403873146,5.8850478867711354e-05,0.14712619716927838,0.00034780968543380566,0.9999999395142095,4016.563440387315,pade8,Pade-8,I,24.700000000000003,20
1726.566191120768,5.8850478492365055e-05,0.14712619623091264,0.0003478164389626529,0.9999999395118602,4028.316191120768,pade8,Pade-8,I,24.75,20
1735.8189419972673,5.8850478530320974e-05,0.14712619632580243,0.00034781658276956923,0.9999999395118103,4040.0689419972673,pade8,Pade-8,I,24.8,20
1745.0716927042477,5.88504786489296e-05,0.14712619662232398,0.0003478168768859076,0.9999999395117087,4051.8216927042477,pade8,Pade-8,I,24.85,20
1754.324443510845,5.885047742394487e-05,0.14712619355986217,0.0003478205937661556,0.999999939510415,4063.5744435108445,pade8,Pade-8,I,24.9,20
1763.5771942996907,5.885047883351147e-05,0.14712619708377866,0.0003478102136710057,0.9999999395140257,4075.327194299691,pade8,Pade-8,I,24.950000000000003,20
1772.829945048576,5.885047933579562e-05,0.14712619833948903,0.00034781173728928286,0.9999999395134958,4087.079945048576,pade8,Pade-8,I,25.0,20
1782.0826958157395,5.885047930813985e-05,0.14712619827034962,0.0003478112111967367,0.9999999395136794,4098.8326958157395,pade8,Pade-8,I,25.05,20
1791.3354466714145,5.885047856436614e-05,0.14712619641091534,0.0003478171418208275,0.9999999395116161,4110.5854466714145,pade8,Pade-8,I,25.1,20
258.5538590334161,-5.144802592815572e-05,0.1286200648203893,0.0004078364694852923,0.9999999168347037,2172.8038590334163,pade8,Pade-8,II,17.0,20
266.3311241751926,-5.144802779379266e-05,0.12862006948448163,0.00028045576169249373,0.9999999606722824,2183.0811241751926,pade8,Pade-8,II,17.05,20
274.1083896051698,-5.144802762133566e-05,0.12862006905333914,0.00026709942778443605,0.9999999643289469,2193.3583896051696,pade8,Pade-8,II,17.1,20
281.88565513707294,-5.144802772367956e-05,0.1286200693091989,0.00026628330965685276,0.999999964546599,2203.6356551370727,pade8,Pade-8,II,17.15,20
289.6629206825223,-5.144802797721481e-05,0.128620069943037,0.0002659002941097277,0.9999999646485163,2213.9129206825223,pade8,Pade-8,II,17.2,20
297.4401861339695,-5.1448027362728924e-05,0.1286200684068223,0.00026586608157814,0.9999999646576126,2224.1901861339697,pade8,Pade-8,II,17.25,20
305.2174517279077,-5.144802743934705e-05,0.1286200685983676,0.00026586027221757203,0.9999999646591572,2234.4674517279077,pade8,Pade-8,II,17.3,20
312.9947172848126,-5.1448027985906465e-05,0.12862006996476616,0.000265855858822441,0.9999999646603304,2244.7447172848124,pade8,Pade-8,II,17.35,20
320.7719828777688,-5.1448028371420894e-05,0.12862007092855224,0.00026585694778950386,0.9999999646600413,2255.0219828777686,pade8,Pade-8,II,17.4,20
328.54924836715963,-5.1448028326612505e-05,0.12862007081653126,0.0002658617756858922,0.9999999646587575,2265.2992483671596,pade8,Pade-8,II,17.45,20
336.3265139251023,-5.14480288518667e-05,0.12862007212966675,0.0002658569414360828,0.9999999646600427,2275.5765139251025,pade8,Pade-8,II,17.5,20
344.10377948541736,-5.14480277358897e-05,0.12862006933972425,0.00026585935385324403,0.9999999646594014,2285.8537794854174,pade8,Pade-8,II,17.55,20
351.88104496242363,-5.1448028000271575e-05,0.12862007000067893,0.00026586660462347034,0.9999999646574738,2296.1310449624234,pade8,Pade-8,II,17.6,20
359.65831048400537,-5.1448028588662083e-05,0.1286200714716552,0.00026585428097498145,0.9999999646607501,2306.408310484005,pade8,Pade-8,II,17.65,20
367.4355760903345,-5.144802858981104e-05,0.1286200714745276,0.0002658640316745168,0.999999964658158,2316.6855760903345,pade8,Pade-8,II,17.7,20
375.21284173148865,-5.1448027988760966e-05,0.12862006997190242,0.0002658602905383827,0.9999999646591524,2326.962841731489,pade8,Pade-8,II,17.75,20
382.99010723014726,-5.144802781040925e-05,0.12862006952602312,0.000265848144378849,0.9999999646623813,2337.2401072301473,pade8,Pade-8,II,17.8,20
390.76737270839953,-5.144802793547123e-05,0.12862006983867807,0.0002658553875175129,0.9999999646604559,2347.5173727083993,pade8,Pade-8,II,17.85,20
398.5446382529369,-5.144802780193097e-05,0.1286200695048274,0.0002658580322927767,0.9999999646597527,2357.7946382529367,pade8,Pade-8,II,17.9,20
406.32190377265897,-5.144802751797879e-05,0.12862006879494697,0.0002658549950266052,0.9999999646605603,2368.071903772659,pade8,Pade-8,II,17.95,20
414.0991693564131,-5.144802656613468e-05,0.1286200664153367,0.0002658602363048356,0.999999964659167,2378.3491693564133,pade8,Pade-8,II,18.0,20
421.8764348767086,-5.144802809795768e-05,0.1286200702448942,0.0002658737944172866,0.999999964655562,2388.6264348767086,pade8,Pade-8,II,18.05,20
429.6537004743584,-5.144802772937387e-05,0.12862006932343467,0.0002658507678911271,0.9999999646616841,2398.903700474358,pade8,Pade-8,II,18.1,20
437.4309660262941,-5.1448027720369016e-05,0.12862006930092254,0.00026586402732914035,0.9999999646581588,2409.180966026294,pade8,Pade-8,II,18.15,20
445.20823149667604,-5.144802777849381e-05,0.12862006944623453,0.00026586004055766463,0.9999999646592186,2419.458231496676,pade8,Pade-8,II,18.2,20
452.98549711333476,-5.144802683248741e-05,0.1286200670812185,0.00026586291470481483,0.9999999646584548,2429.735497113335,pade8,Pade-8,II,18.25,20
460.762762656158,-5.14480272205421e-05,0.12862006805135523,0.00026586053871047427,0.9999999646590862,2440.012762656158,pade8,Pade-8,II,18.3,20
468.5400282266671,-5.144802738657004e-05,0.1286200684664251,0.0002658536011451631,0.9999999646609306,2450.290028226667,pade8,Pade-8,II,18.35,20
476.3172937115912,-5.14480271423307e-05,0.12862006785582675,0.0002658638338168779,0.9999999646582105,2460.567293711591,pade8,Pade-8,II,18.4,20
484.0945592417406,-5.1448027654092964e-05,0.1286200691352324,0.00026586103594888297,0.999999964658954,2470.8445592417406,pade8,Pade-8,II,18.45,20
491.87182478246245,-5.144802721801194e-05,0.12862006804502985,0.0002658592845582755,0.99999996465942,2481.1218247824627,pade8,Pade-8,II,18.5,20
499.6490904100647,-5.14480270692777e-05,0.12862006767319425,0.0002658723275658334,0.9999999646559524,2491.3990904100647,pade8,Pade-8,II,18.55,20
507.4263559417666,-5.144802747809493e-05,0.12862006869523732,0.0002658675279057119,0.999999964657228,2501.6763559417664,pade8,Pade-8,II,18.6,20
515.2036214453935,-5.1448027430458776e-05,0.12862006857614694,0.0002658596770356057,0.9999999646593156,2511.9536214453933,pade8,Pade-8,II,18.65,20
522.9808869780777,-5.144802719086787e-05,0.12862006797716966,0.0002658606803832944,0.9999999646590486,2522.2308869780777,pade8,Pade-8,II,18.7,20
530.7581525283447,-5.144802715716468e-05,0.1286200678929117,0.0002658585513000345,0.9999999646596148,2532.508152528345,pade8,Pade-8,II,18.75,20
538.5354181504463,-5.144802694013522e-05,0.12862006735033804,0.0002658686241449857,0.9999999646569365,2542.7854181504463,pade8,Pade-8,II,18.8,20
546.3126836652211,-5.144802784095681e-05,0.128620069602392,0.0002658525183823802,0.9999999646612182,2553.062683665221,pade8,Pade-8,II,18.85,20
554.0899491520634,-5.144802810934755e-05,0.12862007027336889,0.000265856155284779,0.9999999646602515,2563.339949152063,pade8,Pade-8,II,18.9,20
561.8672147614325,-5.144802779534082e-05,0.12862006948835203,0.00026585609909337367,0.9999999646602666,2573.6172147614325,pade8,Pade-8,II,18.95,20
569.6444802446993,-5.144802739853417e-05,0.12862006849633542,0.0002658589603992693,0.9999999646595059,2583.8944802446995,pade8,Pade-8,II,19.0,20
577.4217458433204,-5.1448027456412394e-05,0.12862006864103098,0.0002658656997329803,0.9999999646577145,2594.1717458433204,pade8,Pade-8,II,19.05,20
585.199011389315,-5.14480271483259e-05,0.12862006787081473,0.0002658547744406036,0.9999999646606194,2604.449011389315,pade8,Pade-8,II,19.1,20
592.9762768903545,-5.144802804349421e-05,0.12862007010873552,0.00026586080520178977,0.9999999646590154,2614.7262768903543,pade8,Pade-8,II,19.15,20
600.75354248042,-5.1448027313392216e-05,0.12862006828348052,0.00026587174418006543,0.9999999646561074,2625.00354248042,pade8,Pade-8,II,19.2,20
608.5308079938934,-5.144802737125831e-05,0.12862006842814577,0.00026587130119587465,0.999999964656225,2635.2808079938936,pade8,Pade-8,II,19.25,20
616.3080735588219,-5.144802801842164e-05,0.1286200700460541,0.00026586241964732265,0.9999999646585863,2645.558073558822,pade8,Pade-8,II,19.3,20
624.085339105188,-5.14480284259467e-05,0.12862007106486675,0.00026586250891717827,0.9999999646585624,2655.835339105188,pade8,Pade-8,II,19.35,20
631.8626046660945,-5.144802777704115e-05,0.12862006944260287,0.0002658648119609673,0.9999999646579504,2666.1126046660943,pade8,Pade-8,II,19.4,20
639.6398701653752,-5.1448026669405954e-05,0.1286200666735149,0.0002658636233123634,0.9999999646582663,2676.389870165375,pade8,Pade-8,II,19.45,20
647.4171357416647,-5.144802805500678e-05,0.12862007013751695,0.00026586942986975065,0.9999999646567227,2686.667135741665,pade8,Pade-8,II,19.5,20
655.194401275085,-5.144802728701756e-05,0.1286200682175439,0.000265869286616218,0.9999999646567609,2696.944401275085,pade8,Pade-8,II,19.55,20
662.9716668600133,-5.144802751895269e-05,0.12862006879738172,0.0002658645576907701,0.9999999646580177,2707.221666860013,pade8,Pade-8,II,19.6,20
670.748932369557,-5.144802716770475e-05,0.12862006791926187,0.00026586660530702013,0.9999999646574738,2717.4989323695568,pade8,Pade-8,II,19.65,20
678.5261978821268,-5.144802774397481e-05,0.128620069359937,0.00026585767537937134,0.9999999646598479,2727.776197882127,pade8,Pade-8,II,19.7,20
686.3034634261771,-5.1448027379458455e-05,0.12862006844864612,0.0002658646577528314,0.9999999646579911,2738.053463426177,pade8,Pade-8,II,19.75,20
694.0807289796244,-5.144802729005377e-05,0.12862006822513442,0.000265869206841864,0.9999999646567819,2748.3307289796244,pade8,Pade-8,II,19.8,20
701.8579945592119,-5.144802703251471e-05,0.12862006758128677,0.00026585528540036123,0.9999999646604829,2758.607994559212,pade8,Pade-8,II,19.85,20
709.6352600903333,-5.1448027782186836e-05,0.12862006945546708,0.0002658667617083787,0.9999999646574318,2768.885260090333,pade8,Pade-8,II,19.9,20
717.4125256142879,-5.144802689887221e-05,0.1286200672471805,0.00026586084627114006,0.9999999646590044,2779.162525614288,pade8,Pade-8,II,19.95,20
725.1897911645183,-5.144802830527308e-05,0.1286200707631827,0.00026585756224397765,0.9999999646598778,2789.4397911645183,pade8,Pade-8,II,20.0,20
732.967056733672,-5.144802782033813e-05,0.12862006955084532,0.0002658577628209541,0.9999999646598241,2799.717056733672,pade8,Pade-8,II,20.05,20
740.7443222961178,-5.1448028022446986e-05,0.12862007005611745,0.00026587267230832165,0.9999999646558604,2809.994322296118,pade8,Pade-8,II,20.1,20
748.5215878156619,-5.14480276129018e-05,0.12862006903225448,0.0002658503771941208,0.999999964661788,2820.2715878156614,pade8,Pade-8,II,20.15,20
756.2988533801577,-5.14480272793816e-05,0.128620068198454,0.0002658618429636195,0.9999999646587394,2830.5488533801577,pade8,Pade-8,II,20.2,20
764.0761188855163,-5.144802749536776e-05,0.12862006873841939,0.00026586146000790844,0.9999999646588413,2840.8261188855163,pade8,Pade-8,II,20.25,20
771.8533844694075,-5.144802749269592e-05,0.12862006873173978,0.0002658574459571943,0.9999999646599088,2851.1033844694075,pade8,Pade-8,II,20.3,20
779.6306500125611,-5.144802706829697e-05,0.1286200676707424,0.0002658602466982653,0.9999999646591637,2861.380650012561,pade8,Pade-8,II,20.35,20
787.4079155407026,-5.144802740893584e-05,0.1286200685223396,0.0002658585086096122,0.9999999646596266,2871.657915540702,pade8,Pade-8,II,20.4,20
795.1851811197366,-5.144802677089275e-05,0.12862006692723188,0.000265866898545021,0.9999999646573952,2881.9351811197366,pade8,Pade-8,II,20.45,20
802.9624466578302,-5.14480277335654e-05,0.1286200693339135,0.00026586329377681334,0.9999999646583538,2892.2124466578302,pade8,Pade-8,II,20.5,20
810.7397121953568,-5.144802749814044e-05,0.1286200687453511,0.0002658688943658719,0.9999999646568649,2902.489712195357,pade8,Pade-8,II,20.55,20
818.5169777240249,-5.1448027212364306e-05,0.12862006803091075,0.0002658691519346986,0.9999999646567962,2912.766977724025,pade8,Pade-8,II,20.6,20
826.2942433307921,-5.144802787249498e-05,0.12862006968123746,0.0002658576968924066,0.9999999646598419,2923.0442433307917,pade8,Pade-8,II,20.65,20
834.0715087781937,-5.144802765630743e-05,0.12862006914076857,0.00026586303950984047,0.9999999646584213,2933.3215087781937,pade8,Pade-8,II,20.7,20
841.8487743818882,-5.1448027491862315e-05,0.12862006872965578,0.00026586942144946865,0.9999999646567248,2943.5987743818882,pade8,Pade-8,II,20.75,20
849.6260399145012,-5.144802720459943e-05,0.12862006801149858,0.0002658600845884212,0.999999964659207,2953.8760399145012,pade8,Pade-8,II,20.8,20
857.4033054414231,-5.144802849533033e-05,0.1286200712383258,0.0002658467854347406,0.9999999646627427,2964.153305441423,pade8,Pade-8,II,20.85,20
865.1805710279255,-5.1448027250710693e-05,0.12862006812677673,0.00026585449472862714,0.9999999646606934,2974.430571027925,pade8,Pade-8,II,20.9,20
872.957836609723,-5.1448028351317604e-05,0.128620070878294,0.00026584764883122973,0.9999999646625132,2984.707836609723,pade8,Pade-8,II,20.95,20
880.735102171006,-5.144802751284851e-05,0.12862006878212126,0.000265857036975941,0.9999999646600175,2994.985102171006,pade8,Pade-8,II,21.0,20
888.5123676037415,-5.144802800365688e-05,0.1286200700091422,0.00026586203104164415,0.9999999646586897,3005.2623676037415,pade8,Pade-8,II,21.05,20
896.2896332507917,-5.1448028098400145e-05,0.12862007024600036,0.0002658590053547877,0.999999964659494,3015.5396332507917,pade8,Pade-8,II,21.1,20
904.0668987763383,-5.1448027969607065e-05,0.12862006992401764,0.00026586358234063033,0.999999964658277,3025.816898776338,pade8,Pade-8,II,21.15,20
911.8441642882485,-5.1448027619366286e-05,0.12862006904841572,0.0002658680521597366,0.999999964657089,3036.0941642882485,pade8,Pade-8,II,21.2,20
919.6214297480878,-5.144802732957894e-05,0.12862006832394735,0.0002658651926161904,0.9999999646578491,3046.371429748088,pade8,Pade-8,II,21.25,20
927.3986953984909,-5.144802725973296e-05,0.1286200681493324,0.0002658502542673992,0.9999999646618205,3056.648695398491,pade8,Pade-8,II,21.3,20
935.1759608902021,-5.144802751385235e-05,0.12862006878463086,0.0002658602470377365,0.9999999646591637,3066.925960890202,pade8,Pade-8,II,21.35,20
942.9532264885988,-5.144802692455936e-05,0.1286200673113984,0.0002658709764577866,0.9999999646563112,3077.2032264885984,pade8,Pade-8,II,21.4,20
950.7304920656493,-5.144802840126317e-05,0.12862007100315792,0.0002658525250104603,0.9999999646612168,3087.4804920656493,pade8,Pade-8,II,21.45,20
958.5077575267624,-5.1448027437413316e-05,0.12862006859353328,0.00026586239658113367,0.9999999646585924,3097.7577575267624,pade8,Pade-8,II,21.5,20
966.2850231462471,-5.144802813579665e-05,0.12862007033949163,0.0002658556780963242,0.9999999646603784,3108.035023146247,pade8,Pade-8,II,21.55,20
974.0622886851452,-5.144802808737263e-05,0.12862007021843158,0.0002658594979901502,0.9999999646593631,3118.312288685145,pade8,Pade-8,II,21.6,20
981.8395541431714,-5.1448027758962466e-05,0.12862006939740617,0.00026585294647653296,0.9999999646611046,3128.589554143171,pade8,Pade-8,II,21.65,20
989.6168197733546,-5.144802810500363e-05,0.12862007026250907,0.0002658544232294222,0.999999964660712,3138.8668197733546,pade8,Pade-8,II,21.7,20
997.3940852750684,-5.1448027795175286e-05,0.12862006948793822,0.0002658552487286379,0.9999999646604928,3149.1440852750684,pade8,Pade-8,II,21.75,20
1005.1713507887243,-5.1448026702052956e-05,0.12862006675513238,0.00026587092336886024,0.9999999646563255,3159.4213507887243,pade8,Pade-8,II,21.8,20
1012.9486163447373,-5.144802714824859e-05,0.12862006787062147,0.0002658613638448835,0.9999999646588669,3169.6986163447373,pade8,Pade-8,II,21.85,20
1020.7258819359527,-5.144802771001759e-05,0.12862006927504396,0.0002658623211155394,0.9999999646586122,3179.975881935952,pade8,Pade-8,II,21.9,20
1028.5031474825687,-5.1448028441451233e-05,0.12862007110362808,0.0002658506364738849,0.9999999646617191,3190.2531474825687,pade8,Pade-8,II,21.95,20
1036.2804129956835,-5.1448026776049185e-05,0.12862006694012296,0.0002658606125664902,0.9999999646590669,3200.5304129956835,pade8,Pade-8,II,22.0,20
1044.057678599338,-5.1448027567944536e-05,0.12862006891986133,0.00026585954130339183,0.9999999646593518,3210.807678599338,pade8,Pade-8,II,22.05,20
1051.8349440987754,-5.144802694765726e-05,0.12862006736914314,0.00026586467995565026,0.9999999646579854,3221.0849440987754,pade8,Pade-8,II,22.1,20
1059.6122096404688,-5.144802756400058e-05,0.12862006891000144,0.00026586055178211987,0.9999999646590828,3231.3622096404683,pade8,Pade-8,II,22.15,20
1067.389475225707,-5.144802724579549e-05,0.12862006811448873,0.0002658643145724658,0.9999999646580826,3241.639475225707,pade8,Pade-8,II,22.2,20
1075.1667408295475,-5.144802779074401e-05,0.12862006947686003,0.00026586724161048534,0.9999999646573041,3251.9167408295475,pade8,Pade-8,II,22.25,20
1082.94400631312,-5.1448027178167925e-05,0.1286200679454198,0.00026586640998068343,0.9999999646575257,3262.19400631312,pade8,Pade-8,II,22.3,20
1090.7212717830644,-5.144802815033293e-05,0.1286200703758323,0.0002658614111018393,0.9999999646588543,3272.4712717830644,pade8,Pade-8,II,22.35,20
1098.4985373506006,-5.144802739593921e-05,0.12862006848984803,0.00026586675352076257,0.9999999646574339,3282.7485373506,pade8,Pade-8,II,22.4,20
1106.275802933053,-5.144802787157493e-05,0.1286200696789373,0.0002658513363511387,0.9999999646615327,3293.025802933053,pade8,Pade-8,II,22.45,20
1114.0530685067897,-5.14480279831906e-05,0.1286200699579765,0.00026585562160867855,0.9999999646603933,3303.3030685067897,pade8,Pade-8,II,22.5,20
1121.830333995625,-5.144802763677434e-05,0.12862006909193585,0.00026585648518076576,0.9999999646601642,3313.580333995625,pade8,Pade-8,II,22.55,20
1129.6075995972333,-5.14480274713743e-05,0.12862006867843576,0.00026586210283318317,0.9999999646586705,3323.8575995972333,pade8,Pade-8,II,22.6,20
1137.3848651639119,-5.144802710407024e-05,0.1286200677601756,0.00026586927763639745,0.9999999646567631,3334.1348651639114,pade8,Pade-8,II,22.65,20
1145.1621305865538,-5.144802709215553e-05,0.1286200677303888,0.00026585797130791955,0.9999999646597687,3344.4121305865538,pade8,Pade-8,II,22.7,20
1152.9393961787132,-5.144802812363139e-05,0.12862007030907846,0.00026585070597117636,0.9999999646617004,3354.689396178713,pade8,Pade-8,II,22.75,20
1160.716661711298,-5.144802875661865e-05,0.12862007189154662,0.0002658511239648198,0.9999999646615896,3364.966661711298,pade8,Pade-8,II,22.8,20
1168.493927272522,-5.1448028012753785e-05,0.12862007003188444,0.0002658585322077715,0.9999999646596197,3375.243927272522,pade8,Pade-8,II,22.85,20
1176.2711928939848,-5.144802812098308e-05,0.1286200703024577,0.0002658555999348506,0.9999999646603994,3385.5211928939843,pade8,Pade-8,II,22.9,20
1184.0484583823254,-5.144802803332538e-05,0.12862007008331344,0.0002658598834377766,0.9999999646592604,3395.7984583823254,pade8,Pade-8,II,22.95,20
1191.8257239694462,-5.144802745803328e-05,0.1286200686450832,0.0002658543138922729,0.9999999646607414,3406.0757239694462,pade8,Pade-8,II,23.0,20
1199.602989536675,-5.144802720553709e-05,0.1286200680138427,0.00026584999873772877,0.9999999646618885,3416.352989536675,pade8,Pade-8,II,23.05,20
1207.3802550056666,-5.144802729201369e-05,0.12862006823003422,0.0002658651758365305,0.9999999646578539,3426.6302550056666,pade8,Pade-8,II,23.1,20
1215.1575205428226,-5.144802795384982e-05,0.12862006988462454,0.0002658637536381135,0.9999999646582314,3436.907520542822,pade8,Pade-8,II,23.15,20
1222.9347861035458,-5.1448027641035985e-05,0.12862006910258997,0.00026586498721433506,0.9999999646579036,3447.184786103546,pade8,Pade-8,II,23.2,20
1230.7120516797036,-5.144802748436734e-05,0.12862006871091836,0.00026586804736230646,0.9999999646570903,3457.4620516797036,pade8,Pade-8,II,23.25,20
1238.4893172520337,-5.144802820987558e-05,0.12862007052468893,0.0002658575721458937,0.9999999646598751,3467.7393172520337,pade8,Pade-8,II,23.3,20
1246.2665827774986,-5.1448027747554064e-05,0.12862006936888515,0.0002658602950050868,0.9999999646591509,3478.0165827774986,pade8,Pade-8,II,23.35,20
1254.0438483103862,-5.1448027931810164e-05,0.1286200698295254,0.0002658557400945033,0.9999999646603621,3488.293848310386,pade8,Pade-8,II,23.4,20
1261.82111381686,-5.144802747087867e-05,0.12862006867719666,0.00026586790723168483,0.9999999646571273,3498.57111381686,pade8,Pade-8,II,23.45,20
1269.5983793324172,-5.144802729484014e-05,0.12862006823710034,0.0002658705592908232,0.9999999646564222,3508.848379332417,pade8,Pade-8,II,23.5,20
1277.3756449655216,-5.144802786856382e-05,0.12862006967140954,0.00026586293038661227,0.9999999646584509,3519.1256449655216,pade8,Pade-8,II,23.55,20
1285.1529105545283,-5.1448027220208e-05,0.12862006805051998,0.00026586474483444145,0.999999964657968,3529.4029105545283,pade8,Pade-8,II,23.6,20
1292.9301760410722,-5.1448027148799064e-05,0.12862006787199765,0.00026586954008997764,0.9999999646566935,3539.6801760410717,pade8,Pade-8,II,23.65,20
1300.7074415576344,-5.144802750413557e-05,0.12862006876033893,0.00026586102246418513,0.9999999646589578,3549.957441557635,pade8,Pade-8,II,23.700000000000003,20
1308.4847070553387,-5.1448027497028166e-05,0.1286200687425704,0.00026586845943556663,0.9999999646569807,3560.2347070553387,pade8,Pade-8,II,23.75,20
1316.2619726765483,-5.1448027836736306e-05,0.12862006959184075,0.00026585758946924754,0.9999999646598704,3570.5119726765483,pade8,Pade-8,II,23.8,20
1324.039238215234,-5.144802726255113e-05,0.12862006815637783,0.00026586082815097746,0.9999999646590095,3580.789238215234,pade8,Pade-8,II,23.85,20
1331.816503788411,-5.144802796979786e-05,0.12862006992449462,0.0002658572933996377,0.9999999646599491,3591.0665037884105,pade8,Pade-8,II,23.9,20
1339.5937693882215,-5.144802784399647e-05,0.12862006960999117,0.0002658671439835516,0.9999999646573303,3601.343769388222,pade8,Pade-8,II,23.950000000000003,20
1347.3710347990673,-5.144802716068625e-05,0.12862006790171562,0.00026586794991230206,0.9999999646571162,3611.6210347990673,pade8,Pade-8,II,24.0,20
1355.1483004215825,-5.1448028210302834e-05,0.12862007052575708,0.00026586336019779507,0.9999999646583362,3621.8983004215825,pade8,Pade-8,II,24.05,20
1362.92556590617,-5.1448027837029244e-05,0.1286200695925731,0.0002658620103872848,0.9999999646586951,3632.17556590617,pade8,Pade-8,II,24.1,20
1370.7028315224452,-5.144802821816741e-05,0.12862007054541852,0.0002658638746482398,0.9999999646581995,3642.4528315224447,pade8,Pade-8,II,24.15,20
1378.4800969749463,-5.144802754845284e-05,0.1286200688711321,0.0002658553494513624,0.9999999646604659,3652.7300969749467,pade8,Pade-8,II,24.200000000000003,20
1386.2573625308437,-5.1448028553643776e-05,0.12862007138410944,0.00026585976750858725,0.9999999646592914,3663.0073625308437,pade8,Pade-8,II,24.25,20
1394.0346281332845,-5.144802764258294e-05,0.12862006910645735,0.0002658558141698984,0.9999999646603422,3673.2846281332845,pade8,Pade-8,II,24.3,20
1401.8118936951405,-5.144802750785384e-05,0.1286200687696346,0.0002658574401930867,0.99999996465991,3683.5618936951405,pade8,Pade-8,II,24.35,20
1409.5891592144894,-5.144802805028996e-05,0.1286200701257249,0.00026585433319245387,0.9999999646607364,3693.839159214489,pade8,Pade-8,II,24.4,20
1417.3664247497486,-5.1448028475657216e-05,0.12862007118914304,0.00026585425990209116,0.9999999646607555,3704.116424749749,pade8,Pade-8,II,24.450000000000003,20
1425.1436903350432,-5.144802747800687e-05,0.12862006869501716,0.00026586253173539303,0.9999999646585565,3714.393690335043,pade8,Pade-8,II,24.5,20
1432.92095587725,-5.144802768522167e-05,0.12862006921305416,0.00026585504713617583,0.9999999646605464,3724.67095587725,pade8,Pade-8,II,24.55,20
1440.6982214340305,-5.144802724515172e-05,0.1286200681128793,0.0002658699124977185,0.9999999646565945,3734.9482214340305,pade8,Pade-8,II,24.6,20
1448.4754869513763,-5.144802854682349e-05,0.12862007136705872,0.00026586327551069767,0.9999999646583586,3745.225486951376,pade8,Pade-8,II,24.65,20
1456.2527524727684,-5.144802879462698e-05,0.12862007198656744,0.0002658524515508522,0.9999999646612362,3755.502752472769,pade8,Pade-8,II,24.700000000000003,20
1464.0300179989435,-5.1448028362047424e-05,0.12862007090511857,0.00026585549162458166,0.9999999646604284,3765.7800179989435,pade8,Pade-8,II,24.75,20
1471.8072835430498,-5.1448026934991536e-05,0.12862006733747883,0.00026586603254594095,0.9999999646576256,3776.05728354305,pade8,Pade-8,II,24.8,20
1479.584549241365,-5.144802803812742e-05,0.12862007009531856,0.0002658517045170231,0.9999999646614349,3786.334549241365,pade8,Pade-8,II,24.85,20
1487.3618146833383,-5.144802788516811e-05,0.12862006971292028,0.00026586817684862266,0.9999999646570555,3796.611814683338,pade8,Pade-8,II,24.9,20
1495.139080223793,-5.1448027024451564e-05,0.1286200675611289,0.00026585827932578554,0.9999999646596869,3806.8890802237934,pade8,Pade-8,II,24.950000000000003,20
1502.9163457601376,-5.144802792599851e-05,0.12862006981499627,0.0002658627088194775,0.9999999646585094,3817.1663457601376,pade8,Pade-8,II,25.0,20
1510.6936113324473,-5.1448028121956e-05,0.12862007030489,0.00026585887603287043,0.999999964659528,3827.4436113324473,pade8,Pade-8,II,25.05,20
1518.470876839383,-5.144802746307232e-05,0.1286200686576808,0.0002658655319456845,0.9999999646577586,3837.720876839383,pade8,Pade-8,II,25.1,20
1526.2481424257503,-5.1448027652353415e-05,0.12862006913088353,0.00026585858559203407,0.9999999646596054,3847.99814242575,pade8,Pade-8,II,25.15,20
1534.0254079594251,-5.1448027471870955e-05,0.12862006867967737,0.0002658638470929159,0.999999964658207,3858.2754079594256,pade8,Pade-8,II,25.200000000000003,20
1541.8026734663513,-5.144802770865622e-05,0.12862006927164055,0.0002658542330399487,0.9999999646607626,3868.5526734663513,pade8,Pade-8,II,25.25,20
1549.57993908756,-5.144802751428642e-05,0.12862006878571605,0.0002658538285424476,0.9999999646608706,3878.82993908756,pade8,Pade-8,II,25.3,20
1557.3572046037489,-5.144802774601261e-05,0.12862006936503154,0.00026585256339631464,0.9999999646612064,3889.107204603749,pade8,Pade-8,II,25.35,20
1565.1344701241655,-5.1448027470464955e-05,0.12862006867616238,0.00026585498792993273,0.9999999646605622,3899.384470124165,pade8,Pade-8,II,25.4,20
1572.9117356330157,-5.144802748187198e-05,0.12862006870467996,0.00026586116602870066,0.9999999646589194,3909.661735633016,pade8,Pade-8,II,25.450000000000003,20
1580.6890012083422,-5.144802716786951e-05,0.12862006791967376,0.00026586002850244897,0.9999999646592218,3919.9390012083422,pade8,Pade-8,II,25.5,20
1588.4662667430875,-5.14480275638135e-05,0.12862006890953376,0.000265865707045177,0.9999999646577122,3930.2162667430875,pade8,Pade-8,II,25.55,20
1596.2435323161721,-5.1448027942802524e-05,0.1286200698570063,0.0002658559727570065,0.9999999646603003,3940.493532316172,pade8,Pade-8,II,25.6,20
1604.0207978237831,-5.144802785820556e-05,0.1286200696455139,0.00026585854737063363,0.9999999646596157,3950.7707978237827,pade8,Pade-8,II,25.65,20
1611.7980633825468,-5.1448028420273147e-05,0.12862007105068285,0.00026585705278047426,0.9999999646600132,3961.0480633825473,pade8,Pade-8,II,25.700000000000003,20
1619.5753289537765,-5.144802785410476e-05,0.12862006963526187,0.0002658577530551368,0.999999964659827,3971.3253289537765,pade8,Pade-8,II,25.75,20
1627.352594486289,-5.144802730319069e-05,0.12862006825797673,0.0002658584768520485,0.9999999646596347,3981.602594486289,pade8,Pade-8,II,25.8,20
1635.129860081643,-5.1448027744487805e-05,0.1286200693612195,0.0002658611098237978,0.9999999646589347,3991.879860081643,pade8,Pade-8,II,25.85,20
1642.9071255314498,-5.1448027878469775e-05,0.12862006969617443,0.00026586447643608523,0.9999999646580392,4002.1571255314493,pade8,Pade-8,II,25.9,20
1650.6843911643732,-5.144802726165859e-05,0.12862006815414645,0.000265862830665034,0.9999999646584768,4012.4343911643737,pade8,Pade-8,II,25.950000000000003,20
1658.461656713765,-5.144802723642034e-05,0.12862006809105084,0.00026586358782853,0.9999999646582758,4022.711656713765,pade8,Pade-8,II,26.0,20
