cell,xi,demodulated_normalized,Fh,residual_over_A,A_over_h2
400,-24.926637016473933,7.176196667799685e-09,7.175375641591062e-09,8.210262086236031e-13,0.17109669313861656
400,-23.926637016473933,1.666653748700204e-08,1.6664622322684622e-08,1.915164317420992e-12,0.17109669313861656
400,-22.926637016473933,3.870760584523941e-08,3.870314896139859e-08,4.4568838408197e-12,0.17109669313861656
400,-21.926637016473933,8.989740216899328e-08,8.988704647771083e-08,1.0355691282456237e-11,0.17109669313861656
400,-20.926637016473933,2.0878433327418813e-07,2.087602844374931e-07,2.40488366950286e-11,0.17109669313861656
400,-19.926637016473933,4.848959705148088e-07,4.848401268727532e-07,5.584364205574612e-11,0.17109669313861656
400,-18.926637016473933,1.1261572341722895e-06,1.1260275504673473e-06,1.2968370494205432e-10,0.17109669313861656
400,-17.926637016473933,2.615465450856643e-06,2.6151642767271227e-06,3.011741295202176e-10,0.17109669313861656
400,-16.926637016473933,6.074321575560602e-06,6.073622127507136e-06,6.994480534660417e-10,0.17109669313861656
400,-15.926637016473933,1.4107298796969977e-05,1.4105674451337725e-05,1.6243456322529966e-09,0.17109669313861656
400,-14.926637016473933,3.2763000093397056e-05,3.2759228170923984e-05,3.7719224730677775e-09,0.17109669313861656
400,-13.926637016473933,7.608672023879877e-05,7.607796320307169e-05,8.75703572707557e-09,0.17109669313861656
400,-12.926637016473933,0.00017668520555413997,0.00017666488460485433,2.0320949285646907e-08,0.17109669313861656
400,-11.926637016473933,0.00041021633033342265,0.0004101692269948552,4.710333856741818e-08,0.17109669313861656
400,-10.926637016473933,0.0009520151728158616,0.0009519062650780458,1.0890773781575735e-07,0.17109669313861656
400,-9.926637016473933,0.002207271189960436,0.0022070208302667153,2.5035969372084476e-07,0.17109669313861656
400,-8.926637016473933,0.005106343546225715,0.005105775336837104,5.682093886111159e-07,0.17109669313861656
400,-7.926637016473933,0.011754793498699798,0.01175353873639108,1.2547623087196503e-06,0.17109669313861656
400,-6.926637016473933,0.026770109229166648,0.026767486705168243,2.6225239984053335e-06,0.17109669313861656
400,-5.926637016473933,0.059632538057606314,0.059627585900284816,4.952157321494839e-06,0.17109669313861656
400,-4.926637016473933,0.12739154421160676,0.1273836544817248,7.889729881949972e-06,0.17109669313861656
400,-3.926637016473933,0.2534725516460914,0.2534629053586011,9.646287490311356e-06,0.17109669313861656
400,-2.926637016473933,0.453289345044495,0.45328170181790123,7.643226593804995e-06,0.17109669313861656
400,-1.9266370164739328,0.7033392172750823,0.7033377457011386,1.4715739437237927e-06,0.17109669313861656
400,-0.9266370164739328,0.9206798966285095,0.9206852208774162,-5.324248906807724e-06,0.17109669313861656
400,0.07336298352606718,0.9994719128281573,0.9994798570123931,-7.944184235904182e-06,0.17109669313861656
400,1.0733629835260672,0.8951944873852814,0.8951989728766827,-4.4854914013803975e-06,0.17109669313861656
400,2.073362983526067,0.6661168174845515,0.6661142746878443,2.542796707140806e-06,0.17109669313861656
400,3.073362983526067,0.41961544030693965,0.41960720182957956,8.238477360107646e-06,0.17109669313861656
400,4.073362983526067,0.2304662085450443,0.23045663598606345,9.572558980839105e-06,0.17109669313861656
400,5.073362983526067,0.1143820389250299,0.11437456506763229,7.473857397609776e-06,0.17109669313861656
400,6.073362983526067,0.05312917990838881,0.05312462814182318,4.551766565630512e-06,0.17109669313861656
400,7.073362983526067,0.023749431130542963,0.023747065212094184,2.3659184487803584e-06,0.17109669313861656
400,8.073362983526067,0.01040629477176208,0.01040517459720306,1.1201745590208794e-06,0.17109669313861656
400,9.073362983526067,0.004516062009306857,0.004515557463899496,5.045454073610948e-07,0.17109669313861656
400,10.073362983526067,0.0019512445789957632,0.0019510228386964202,2.2174029934303574e-07,0.17109669313861656
400,11.073362983526067,0.000841423506195233,0.0008413271602683931,9.634592683991515e-08,0.17109669313861656
400,12.073362983526067,0.0003625322510359015,0.0003624906022371938,4.164879870765382e-08,0.17109669313861656
400,13.073362983526067,0.0001561413235294276,0.00015612335977946746,1.7963749960162122e-08,0.17109669313861656
400,14.073362983526067,6.723874788050229e-05,6.723100740223848e-05,7.74047826379564e-09,0.17109669313861656
400,15.073362983526067,2.8952857692101823e-05,2.8949523768364516e-05,3.3339237373108637e-09,0.17109669313861656
400,16.073362983526067,1.2466666850802804e-05,1.246523114399314e-05,1.435706809662932e-09,0.17109669313861656
400,17.073362983526067,5.3678913443165115e-06,5.367273123261325e-06,6.182210551862354e-10,0.17109669313861656
400,18.073362983526067,2.3112913107455743e-06,2.3110251099179507e-06,2.6620082762349976e-10,0.17109669313861656
400,19.073362983526067,9.95186843781118e-07,9.950722227115823e-07,1.1462106953559418e-10,0.17109669313861656
400,20.073362983526067,4.2850324854759757e-07,4.28453898350605e-07,4.935019699253428e-11,0.17109669313861656
400,21.073362983526067,1.8450299022752002e-07,1.8448174732221796e-07,2.1242905302077538e-11,0.17109669313861656
400,22.073362983526067,7.94424423748341e-08,7.943330376598005e-08,9.138608854040388e-12,0.17109669313861656
400,23.073362983526067,3.4205948737066185e-08,3.420202445124469e-08,3.924285821490587e-12,0.17109669313861656
400,24.073362983526067,1.4728219129520435e-08,1.4726548946071562e-08,1.6701834488748587e-12,0.17109669313861656
400,25.073362983526067,6.341564688966057e-09,6.340889015088739e-09,6.756738773169627e-13,0.17109669313861656
440,-24.200271227149415,-0.0001265776706500212,1.3233015120586123e-08,-0.00012659090366514179,0.05908576130742976
440,-23.200271227149415,-5.447954720106172e-05,3.073333122925676e-08,-5.4510280532290985e-05,0.05908576130742976
440,-22.200271227149415,-2.3397543371066698e-05,7.13773553275625e-08,-2.346892072639426e-05,0.05908576130742976
440,-21.200271227149415,-9.9366258421501e-06,1.657720225223811e-07,-1.010239786467248e-05,0.05908576130742976
440,-20.200271227149415,-3.962077733073973e-06,3.8500107855989456e-07,-4.347078811633868e-06,0.05908576130742976
440,-19.200271227149415,-9.750056444374488e-07,8.941543311256502e-07,-1.8691599755630992e-06,0.05908576130742976
440,-18.200271227149415,1.2742006909142719e-06,2.0766467396356165e-06,-8.024460487213448e-07,0.05908576130742976
440,-17.200271227149415,4.479589404816192e-06,4.822939781718214e-06,-3.433503769020218e-07,0.05908576130742976
440,-16.200271227149415,1.1055181011346996e-05,1.120105437971114e-05,-1.4587336836414305e-07,0.05908576130742976
440,-15.200271227149415,2.5952596517882583e-05,2.6013631402789153e-05,-6.10348849065714e-08,0.05908576130742976
440,-14.200271227149415,6.038848942120113e-05,6.0413148941996695e-05,-2.465952079556642e-08,0.05908576130742976
440,-13.200271227149415,0.00014028362375688113,0.00014029269925947552,-9.07550259439727e-09,0.05908576130742976
440,-12.200271227149415,0.0003257415922966233,0.00032574389609658195,-2.303799958682791e-09,0.05908576130742976
440,-11.200271227149415,0.0007560901410448628,0.0007560891699305855,9.711142773256314e-10,0.05908576130742976
440,-10.200271227149415,0.0017536264265866723,0.0017536230191612103,3.4074254618444396e-09,0.05908576130742976
440,-9.200271227149415,0.004060092152431641,0.004060085209915554,6.942516086673541e-09,0.05908576130742976
440,-8.200271227149415,0.009362860908388332,0.009362846938944788,1.3969443544376607e-08,0.05908576130742976
440,-7.200271227149415,0.02140374272977388,0.021403714735969425,2.7993804456135292e-08,0.05908576130742976
440,-6.200271227149415,0.04804351212683612,0.04804345976685804,5.235997808060475e-08,0.05908576130742976
440,-5.200271227149415,0.1040801977917159,0.10408011411500626,8.367670963702307e-08,0.05908576130742976
440,-4.200271227149415,0.21187533843415554,0.21187523734309316,1.0109106239438942e-07,0.05908576130742976
440,-3.2002712271494147,0.3915669664842678,0.39156689556471036,7.091955743610904e-08,0.05908576130742976
440,-2.2002712271494147,0.6336641774999957,0.6336641917371885,-1.4237192749868964e-08,0.05908576130742976
440,-1.2002712271494147,0.8709004108999341,0.8709005139374822,-1.0303754816439206e-07,0.05908576130742976
440,-0.2002712271494147,0.9961308730363077,0.9961309958032594,-1.2276695176833915e-07,0.05908576130742976
440,0.7997287728505853,0.9402380551734711,0.9402381052523086,-5.007883741385062e-08,0.05908576130742976
440,1.7997287728505853,0.7350238798848976,0.7350238103301904,6.955470726045065e-08,0.05908576130742976
440,2.7997287728505853,0.4833834596483551,0.4833832979825147,1.6166584035448373e-07,0.05908576130742976
440,3.7997287728505853,0.274697761777265,0.2746975799281511,1.8184911394502454e-07,0.05908576130742976
440,4.799728772850585,0.13965275559991755,0.13965261185265432,1.4374726323656277e-07,0.05908576130742976
440,5.799728772850585,0.06584416637519819,0.06584407682904125,8.954615693513886e-08,0.05908576130742976
440,6.799728772850585,0.02967714926463343,0.02967710175221088,4.7512422546781815e-08,0.05908576130742976
440,7.799728772850585,0.013057612575860666,0.013057589718267471,2.2857593194665017e-08,0.05908576130742976
440,8.799728772850585,0.005677690109536098,0.005677679668821756,1.0440714341865906e-08,0.05908576130742976
440,9.799728772850585,0.0024552949775397417,0.0024552903081351656,4.669404576182238e-09,0.05908576130742976
440,10.799728772850585,0.0010591902448928907,0.00105918815652831,2.0883645807762413e-09,0.05908576130742976
440,11.799728772850585,0.000456434884591329,0.0004564339330913394,9.514999895848664e-10,0.05908576130742976
440,12.799728772850585,0.00019659914479586436,0.0001965986933593869,4.5143647747198005e-10,0.05908576130742976
440,13.799728772850585,8.466368236739874e-05,8.466345302371236e-05,2.2934368637502299e-10,0.05908576130742976
440,14.799728772850585,3.6456517589747705e-05,3.6456389210215636e-05,1.2837953207276495e-10,0.05908576130742976
440,15.799728772850585,1.5697746722551315e-05,1.569766630930444e-05,8.041324687655908e-11,0.05908576130742976
440,16.799728772850585,6.7591663448515895e-06,6.759110421313275e-06,5.592353831448755e-11,0.05908576130742976
440,17.799728772850585,2.910363701916366e-06,2.9103215748018463e-06,4.212711451993294e-11,0.05908576130742976
440,18.799728772850585,1.2531489860596776e-06,1.2531155511866597e-06,3.343487301795838e-11,0.05908576130742976
440,19.799728772850585,5.395885353357544e-07,5.39561187892804e-07,2.7347442950450565e-11,0.05908576130742976
440,20.799728772850585,2.3234457252271223e-07,2.323218429959914e-07,2.272952672081952e-11,0.05908576130742976
440,21.799728772850585,1.0005113452880076e-07,1.0003207618612215e-07,1.905834267861652e-11,0.05908576130742976
440,22.799728772850585,4.30874113534996e-08,4.307134929089776e-08,1.6062062601842133e-11,0.05908576130742976
440,23.799728772850585,1.8559031899760163e-08,1.8545461780239807e-08,1.3570119520355032e-11,0.05908576130742976
440,24.799728772850585,7.996686561161215e-09,7.985218791597796e-09,1.1467769563419445e-11,0.05908576130742976
440,25.799728772850585,3.4479268915122922e-09,3.438238362737294e-09,9.688528774997884e-12,0.05908576130742976
