case,h,kappa,method,cell,time,max_ahead_HP_over_h2,raw_peak_cell,candidate_peak_HP_over_h2,candidate_peak_cell,best_fit_center_rel_cells,best_fit_A_over_h2,best_fit_relL2,best_fit_corr
h001_k5,0.01,5,gl4,0,0.0,0.0,5.0,0.0,5.0,,,,
h001_k5,0.01,5,gl4,5,0.05,0.00021732166899462012,5.0,0.00021732166899462012,5.0,,,,
h001_k5,0.01,5,gl4,10,0.1,8.061040502779688e-05,5.0,8.061040502779688e-05,5.0,,,,
h001_k5,0.01,5,gl4,15,0.15,0.0001891886447654002,5.0,0.0001891886447654002,5.0,,,,
h001_k5,0.01,5,gl4,20,0.2,0.0003660205601204053,5.0,0.0003660205601204053,5.0,,,,
h001_k5,0.01,5,gl4,25,0.25,0.0007516567536018314,5.0,0.0007516567536018314,5.0,,,,
h001_k5,0.01,5,gl4,30,0.3,0.0020193108069537537,5.0,0.0020193108069537537,5.0,,,,
h001_k5,0.01,5,gl4,35,0.35000000000000003,0.0023078517559519712,5.0,0.0023078517559519712,5.0,,,,
h001_k5,0.01,5,gl4,40,0.4,2.7571172150385636e-05,5.0,2.7571172150385636e-05,5.0,,,,
h001_k5,0.01,5,gl4,45,0.45,0.002846648024346177,5.0,0.002846648024346177,5.0,,,,
h001_k5,0.01,5,gl4,50,0.5,0.0005557974964026399,5.0,0.0005557974964026399,5.0,,,,
h001_k5,0.01,5,gl4,55,0.55,0.0037692520970154107,5.0,0.0037692520970154107,5.0,,,,
h001_k5,0.01,5,gl4,60,0.6,0.027190888007673622,5.0,0.027190888007673622,5.0,,,,
h001_k5,0.01,5,gl4,65,0.65,0.05648469630988583,5.0,0.05648469630988583,5.0,,,,
h001_k5,0.01,5,gl4,70,0.7000000000000001,0.030140834438975864,6.0,0.030140834438975864,6.0,6.88124167397541,0.022902642053633876,0.9530119264217611,0.30293277818335296
h001_k5,0.01,5,gl4,75,0.75,0.004941310955267917,5.0,0.004941310955267917,5.0,,,,
h001_k5,0.01,5,gl4,80,0.8,0.007411581343572172,691.0,0.007411581343572172,691.0,,,,
h001_k5,0.01,5,gl4,85,0.85,0.04294445256223972,5.0,0.007033866360560567,687.0,686.6772991835401,0.006428498789872809,0.9668685581972524,0.25527473664576894
h001_k5,0.01,5,gl4,90,0.9,0.022974494033782097,5.0,0.007216832503815161,682.0,682.3115624028067,0.006474094095584576,0.9679231870424544,0.25124630143661386
h001_k5,0.01,5,gl4,95,0.9500000000000001,0.008981952044398256,5.0,0.00702611387929903,678.0,677.9403121713613,0.006552174290186659,0.8872020514742642,0.4613811004580237
h001_k5,0.01,5,gl4,100,1.0,0.010216622658814935,689.0,0.006994596169913694,673.0,673.5699160239753,0.006633955190579139,0.9621157529120884,0.27264129914304164
h001_k5,0.01,5,gl4,105,1.05,0.058695101240620134,5.0,0.007020788615769642,669.0,669.2048692257288,0.006707276625636531,0.963338767618315,0.2682879401009782
h001_k5,0.01,5,gl4,110,1.1,0.043592859105053096,5.0,0.032226236591011356,689.0,691.4785249388567,0.04006316364409993,0.8958307795190956,0.44439533578359025
h001_k5,0.01,5,gl4,115,1.1500000000000001,0.060971957174738974,691.0,0.0449036465061521,682.0,683.2663261725227,0.03272973418980817,0.9095446697715364,0.4156061761935055
h001_k5,0.01,5,gl4,120,1.2,0.06534788640272565,685.0,0.01899037135870129,681.0,685.0216069954718,0.040279348872026104,0.8824608577383294,0.4703858358408893
h001_k5,0.01,5,gl4,125,1.25,0.05664893408454157,684.0,0.01846185768935524,675.0,678.7281221544565,0.028892608329486636,0.9466241334799765,0.322339494808321
h001_k5,0.01,5,gl4,130,1.3,0.062496092479159514,678.0,0.024662265006773716,674.0,678.0561522108512,0.04256119943465015,0.9160418871029788,0.4010826112820316
h001_k5,0.01,5,gl4,135,1.35,0.07348783263550761,678.0,0.012241979271028562,667.0,671.4512070935834,0.03084297982572376,0.9440114939452148,0.329912563112295
h001_k5,0.01,5,gl4,140,1.4000000000000001,0.1119574917824046,687.0,0.1119574917824046,687.0,686.1474009724991,0.06505353164481432,0.9208726458921715,0.3898635274651265
h001_k5,0.01,5,gl4,145,1.45,0.12260968099439931,685.0,0.09388611314855089,690.0,690.8564980219116,0.07236849049410214,0.9110527203428654,0.41228987467055883
h001_k5,0.01,5,gl4,150,1.5,0.126513617914344,683.0,0.0676017189930353,673.0,677.4178163525207,0.07334721271623382,0.9091568727645517,0.4164538158127266
h001_k5,0.01,5,gl4,155,1.55,0.12819991419926346,677.0,0.06089003590537577,686.0,683.0516782604589,0.08463225736769905,0.8692903553803213,0.49430180865818657
h001_k5,0.01,5,gl4,160,1.6,0.12626660951293103,675.0,0.02424192482712497,6.0,6.417937257954918,0.021075087632867622,0.8845226764109949,0.4664971971134776
h001_k5,0.01,5,gl4,165,1.6500000000000001,0.12754570953235506,673.0,0.054967580791903635,677.0,673.2946082805727,0.08470926650966251,0.8570078219850191,0.5153033990344854
h001_k5,0.01,5,gl4,170,1.7,0.12372790110721223,671.0,0.12372790110721223,671.0,672.0457734143749,0.09142829283420806,0.8360008612506413,0.548728129393952
h001_k5,0.01,5,gl4,175,1.75,0.12566101668961588,670.0,0.12566101668961588,670.0,670.3645903613326,0.06790862145944285,0.9148023754513025,0.4039017378876391
h001_k5,0.01,5,gl4,180,1.8,0.1242897963999964,664.0,0.02659360485670397,659.0,662.9749912640634,0.08453783221504711,0.8431298533372692,0.5377100058688464
h001_k5,0.01,5,gl4,185,1.85,0.13038075226283496,661.0,0.05741950799257437,658.0,661.6149204361984,0.08208306415260185,0.8532011542854478,0.5215820072874244
h001_k5,0.01,5,gl4,190,1.9000000000000001,0.11863145279273062,660.0,0.06299430972771511,683.0,683.3531950720492,0.05013627674713645,0.9133637102442191,0.40714460921018464
h001_k5,0.01,5,gl4,195,1.95,0.12190326656172701,654.0,0.04348302666948593,649.0,652.4563554342299,0.08939628821885795,0.8301613579418577,0.557523201113757
h001_k5,0.01,5,gl4,200,2.0,0.12455579965318869,651.0,0.12455579965318869,651.0,651.4999752905264,0.07314254100479652,0.9009679612002223,0.4338856218990377
h001_k5,0.01,5,gl4,205,2.05,0.11145170155665762,650.0,0.020532991130305014,640.0,644.3118963838149,0.08396649907590165,0.8570932616312062,0.515161276559468
h001_k5,0.01,5,gl4,210,2.1,0.13116255336964952,643.0,0.05406600146850204,6.0,5.985531892108156,0.055878641918037895,0.6148012123056278,0.788682109184385
h001_k5,0.01,5,gl4,215,2.15,0.10918550715627406,641.0,0.10898284391468979,637.0,636.4030415103155,0.0708455210933255,0.9063573078359909,0.42251204779543877
h001_k5,0.01,5,gl4,220,2.2,0.14028134594076536,635.0,0.027273694152015377,632.0,634.7755842606043,0.07585847133328333,0.8588971571226405,0.512148097220566
h001_k5,0.01,5,gl4,225,2.25,0.11323410778155786,629.0,0.08551013527883615,674.0,675.0312550766243,0.05906736995617871,0.8696688281439046,0.49363562407387845
h001_k5,0.01,5,gl4,230,2.3000000000000003,0.13444820195441837,626.0,0.13444820195441837,626.0,626.6755857520548,0.07481874864737582,0.8594249923980252,0.5112618531062667
h001_k5,0.01,5,gl4,235,2.35,0.13055225957475455,620.0,0.0658710136458722,645.0,642.7950052226581,0.056787607367030826,0.9053365828788906,0.42469479829775786
h001_k5,0.01,5,gl4,240,2.4,0.11805357362149743,614.0,0.03505821709681638,640.0,644.4555022306388,0.06052667689214681,0.8918858863969263,0.4522605063964455
h001_k5,0.01,5,gl4,245,2.45,0.12431663518242775,611.0,0.08136578167695362,651.0,649.503895034898,0.06404200599994853,0.8823498593014185,0.47059401376427124
h001_k5,0.01,5,gl4,250,2.5,0.13100517437135822,605.0,0.07247586874013219,651.0,651.4311186284422,0.0647196554052804,0.8813268625460495,0.47250710190931183
h001_k5,0.01,5,gl4,255,2.5500000000000003,0.11595899247255337,602.0,0.11595899247255337,602.0,603.0762029286375,0.06434096145429279,0.905419632613253,0.42451771326822413
h001_k5,0.01,5,gl4,260,2.6,0.13108200726136068,596.0,0.13108200726136068,596.0,595.9857397946289,0.07418304853400166,0.8680214849621403,0.49652663739634456
h001_k5,0.01,5,gl4,265,2.65,0.1170465365974539,594.0,0.08935108687190946,661.0,660.0659894233902,0.06483605476540322,0.8792364599746918,0.47638560793875007
h001_k5,0.01,5,gl4,270,2.7,0.1275640086679978,588.0,0.07747384791251027,664.0,662.5220472922952,0.06661069640852048,0.872816024175412,0.4880493703946621
h001_k5,0.01,5,gl4,275,2.75,0.11666763492789949,581.0,0.11666763492789949,581.0,580.2694551403827,0.06842555497173385,0.8870943942241626,0.4615880584851237
h001_k5,0.01,5,gl4,280,2.8000000000000003,0.12901930678556855,579.0,0.06504879141936559,623.0,622.2337799761258,0.04727130638133955,0.8757501427672152,0.4827646294450357
h001_k5,0.01,5,gl4,285,2.85,0.13121759045134335,572.0,0.10746228202021724,7.0,7.092178856547434,0.10666016304655206,0.6911271064402617,0.7227332306899353
h001_k5,0.01,5,gl4,290,2.9,0.1778727875815561,7.0,0.1778727875815561,7.0,7.232668958298291,0.1388877617119625,0.7438450542606944,0.6683521042473828
h001_k5,0.01,5,gl4,295,2.95,0.2517224660087547,6.0,0.2517224660087547,6.0,5.776427985557348,0.17746371617704415,0.727111678447113,0.6865191964292202
h001_k5,0.01,5,gl4,300,3.0,0.24241004911843222,12.0,0.24241004911843222,12.0,12.209008067495688,0.18679063270200336,0.7262841480787917,0.6873946001020547
h001_k5,0.01,5,gl4,305,3.0500000000000003,0.23900516070856315,19.0,0.23900516070856315,19.0,18.613245642725133,0.18661812914127088,0.7270840327690508,0.6865484755589324
h001_k5,0.01,5,gl4,310,3.1,0.2378034961036452,25.0,0.2378034961036452,25.0,25.02325013782547,0.18371520150310225,0.7148984848551184,0.6992282576897586
h001_k5,0.01,5,gl4,315,3.15,0.2282719605002456,32.0,0.2282719605002456,32.0,31.436788702073045,0.17854311832181477,0.7360135209545052,0.6769668359470441
h001_k5,0.01,5,gl4,320,3.2,0.21216653023366813,38.0,0.21216653023366813,38.0,37.835162249820996,0.1699224488269636,0.7712145227830524,0.6365753371349768
h001_k5,0.01,5,gl4,325,3.25,0.22381888557166227,51.0,0.22381888557166227,51.0,51.41919741801644,0.18421905656790372,0.725347902727465,0.6883824663723417
h001_k5,0.01,5,gl4,330,3.3000000000000003,0.2491888476978997,58.0,0.2491888476978997,58.0,57.9189127243053,0.19543003632036215,0.6631114231214164,0.7485207014678282
h001_k5,0.01,5,gl4,335,3.35,0.20992595594593394,64.0,0.20992595594593394,64.0,64.13152193632823,0.19150501092693709,0.725409702833522,0.6883173418089806
h001_k5,0.01,5,gl4,340,3.4,0.2508821112099924,79.0,0.2508821112099924,79.0,78.72366651677271,0.20066554862807787,0.6068485779728341,0.7948174654676061
h001_k5,0.01,5,gl4,345,3.45,0.2082493335297038,95.0,0.2082493335297038,95.0,95.17300799866348,0.2173160062065768,0.6128559484702355,0.790194650971929
h001_k5,0.01,5,gl4,350,3.5,0.2048086979114487,113.0,0.2048086979114487,113.0,112.61908483997513,0.21734508151497217,0.615600235421266,0.7880585956318741
h001_k5,0.01,5,gl4,355,3.5500000000000003,0.20730526090293505,130.0,0.20730526090293505,130.0,130.0699227714506,0.21736032441428663,0.4198737899087007,0.9075825034385049
h001_k5,0.01,5,gl4,360,3.6,0.20332830164381316,148.0,0.20332830164381316,148.0,147.52151177740984,0.21736089650341694,0.016734978000448666,0.9998599604501247
h001_k5,0.01,5,gl4,365,3.65,0.20737948629831365,165.0,0.20737948629831365,165.0,164.97314846408926,0.21736090857506524,0.00045789938269747896,0.9999998951640723
h001_k5,0.01,5,gl4,370,3.7,0.20418211322914734,182.0,0.163046127218664,147.0,146.8793197628254,0.17109669317958545,1.9262114180879625e-05,0.9999999998144857
h001_k5,0.01,5,gl4,375,3.75,0.20711850875931567,200.0,0.1604665377655792,160.0,159.5538685090969,0.17109669314279077,1.2237732441983326e-05,0.9999999999251193
h001_k5,0.01,5,gl4,380,3.8000000000000003,0.2054713887518125,217.0,0.16251648761156046,172.0,172.22842565628457,0.17109669313948403,1.2169712297846626e-05,0.999999999925949
h001_k5,0.01,5,gl4,385,3.85,0.20652322809023527,235.0,0.16311879619983982,185.0,184.9029783948704,0.1710966931392243,1.2169665225821188e-05,0.9999999999259496
h001_k5,0.01,5,gl4,390,3.9,0.2064350096791922,252.0,0.16075170088062005,198.0,197.57753124665737,0.1710966931390006,1.2169670667701576e-05,0.9999999999259496
h001_k5,0.01,5,gl4,395,3.95,0.205596776495696,270.0,0.16235678327549416,210.0,210.2520842753181,0.17109669313874815,1.2169716169214137e-05,0.9999999999259492
h001_k5,0.01,5,gl4,400,4.0,0.2070679232428882,287.0,0.16317569514988317,223.0,222.92663701647393,0.17109669313861656,1.2169667345951853e-05,0.9999999999259496
h001_k5,0.01,5,gl4,405,4.05,0.2043440139485327,305.0,0.1610218361226365,236.0,235.60118983492907,0.17109669313870898,1.2169680849908341e-05,0.9999999999259496
h001_k5,0.01,5,gl4,410,4.1,0.2073660922226267,322.0,0.16218154886716035,248.0,248.27574288964888,0.17109669313895595,1.2169718324588554e-05,0.9999999999259492
h001_k5,0.01,5,gl4,415,4.15,0.20510587417750176,339.0,0.16321680619422738,261.0,260.950295634173,0.17109669313918682,1.2169663276520453e-05,0.9999999999259498
h001_k5,0.01,5,gl4,420,4.2,0.1995425747074064,357.0,0.1612768592715115,274.0,273.62484842536765,0.17109669313926917,1.2169687766596213e-05,0.9999999999259493
h001_k5,0.01,5,gl4,425,4.25,0.20711233946208565,374.0,0.05631610166061119,81.0,80.88825158606687,0.05908576140227254,2.7472766112778374e-05,0.9999999996226236
h001_k5,0.01,5,gl4,430,4.3,0.2095265119443919,392.0,0.05637668861677436,82.0,81.99225824796281,0.05908576136155942,1.2124170438114036e-05,0.9999999999265023
h001_k5,0.01,5,gl4,435,4.3500000000000005,0.21175082541125145,410.0,0.21175082541125145,410.0,409.9623195639381,0.2138204490780177,0.2711729690563334,0.9625306337219469
h001_k5,0.01,5,gl4,440,4.4,0.23207847079329846,426.0,0.05618169927287188,84.0,84.20027156938818,0.0590857613075259,2.3778200201165324e-06,0.9999999999971729
h001_k5,0.01,5,gl4,445,4.45,0.18578636565924933,445.0,0.1602865182403809,337.0,337.09201327115557,0.1682661003037883,0.4457163690323398,0.8951742391158424
h001_k5,0.01,5,gl4,450,4.5,0.19984749067578123,461.0,0.05557017105539283,86.0,86.40828474027899,0.05908576129610755,4.971132939512155e-07,0.9999999999998768
h001_k5,0.01,5,gl4,455,4.55,0.18694248050953746,478.0,0.055229568998919565,88.0,87.51229412103703,0.059085761294779486,8.64577730429074e-07,0.999999999999626
h001_k5,0.01,5,gl4,460,4.6000000000000005,0.18918030538479114,494.0,0.1646461970795476,374.0,374.5768064725378,0.16584884475370862,0.3631374125469159,0.9317355953320298
h001_k5,0.01,5,gl4,465,4.65,0.1876694110429673,511.0,0.1633475057244958,387.0,386.97549780889926,0.1675627403975369,0.3802359575934834,0.9248895158628224
h001_k5,0.01,5,gl4,470,4.7,0.18952183262883712,527.0,0.18952183262883712,527.0,527.6371866518261,0.2089501553754677,0.4959813161933374,0.8683331929548267
h001_k5,0.01,5,gl4,475,4.75,0.20095455001011228,546.0,0.20095455001011228,546.0,544.8316040026186,0.2018556584013914,0.47923047526393375,0.8776890973336202
h001_k5,0.01,5,gl4,480,4.8,0.20249701044515347,561.0,0.20249701044515347,561.0,561.2943208749402,0.20402033131483605,0.4659880929550289,0.8847909907001399
h001_k5,0.01,5,gl4,485,4.8500000000000005,0.20288510356530848,684.0,0.17919026188854595,576.0,577.0381116667768,0.2121258391689378,0.5016255102509745,0.8650848787636102
h001_k5,0.01,5,gl4,490,4.9,0.1990252391855453,678.0,0.1661969528783296,455.0,455.14273795623694,0.1841472196565074,0.5401530672934903,0.8415667911065846
h001_k5,0.01,5,gl4,495,4.95,0.21651579838574206,671.0,0.1783117762300772,470.0,469.4248053707913,0.17607194862399037,0.5124475077263243,0.858718552160764
h001_k5,0.01,5,gl4,500,5.0,0.19423994793829413,664.0,0.17049116678112564,485.0,484.0970414880949,0.1779714198397339,0.5339317939237465,0.84552755096293
h001_k5,0.01,5,gl4,505,5.05,0.20228848815817502,658.0,0.06650094356333963,6.0,6.032700307420555,0.06695679047650126,0.5205098767911984,0.8538556483169808
h001_k5,0.01,5,gl4,510,5.1000000000000005,0.21321394039472588,652.0,0.17727940419276778,512.0,512.0267482284328,0.17972521391820603,0.5420844121141555,0.8403240387748351
h001_k5,0.01,5,gl4,515,5.15,0.22443369438727523,647.0,0.1712885213374701,527.0,526.6531045247191,0.18297503158925105,0.4671098843089685,0.8841992739088078
h001_k5,0.01,5,gl4,520,5.2,0.2035723136999701,642.0,0.15568077459440094,539.0,539.8272090472519,0.1853762016834021,0.517103921388161,0.8559226217859808
h001_k5,0.01,5,gl4,525,5.25,0.20440499804802031,636.0,0.13459977744809,551.0,554.3689566161902,0.1823934574930424,0.5673578935808418,0.8234713234785469
h001_k5,0.01,5,gl4,530,5.3,0.22658673614001668,635.0,0.11258289464284678,572.0,568.2910474985881,0.17733527643741132,0.5775991907807162,0.816320509854715
h001_k5,0.01,5,gl4,535,5.3500000000000005,0.2244582461093934,630.0,0.16805554045462123,583.0,582.6093267823655,0.18362481307097114,0.624806757537679,0.7807794283504474
h001_k5,0.01,5,gl4,540,5.4,0.2160935513765935,624.0,0.10068930058172537,593.0,597.3667706853835,0.17661358856402581,0.650235673119293,0.7597325643955906
h001_k5,0.01,5,gl4,545,5.45,0.20332789170387733,623.0,0.12382310821478545,12.0,11.499727226005234,0.13376335638879508,0.5135007940783182,0.85808911802967
h001_k5,0.01,5,gl4,550,5.5,0.209027658644999,613.0,0.12529873532569377,20.0,20.308154544751915,0.13240314548986465,0.20485009702343268,0.9787933580432032
h001_k5,0.01,5,gl4,555,5.55,0.1793190238503286,607.0,0.12633011191880666,29.0,28.986227531437862,0.13240435606315648,0.32416339120002025,0.9460011077190671
h001_k5,0.01,5,gl4,560,5.6000000000000005,0.1758045489140995,661.0,0.1246805227325256,38.0,37.71059790062259,0.13296788408283663,0.347040580960398,0.9378501133798888
h001_k5,0.01,5,gl4,565,5.65,0.20192911097120475,598.0,0.11772458605732147,49.0,48.69255982418554,0.13522936946725458,0.3738891122207652,0.9274734129681391
h001_k5,0.01,5,gl4,570,5.7,0.2091917106035355,596.0,0.1260015463005721,58.0,57.82438961194521,0.13246001771337598,0.3471389269482909,0.9378137157224716
h001_k5,0.01,5,gl4,575,5.75,0.1927690446683967,595.0,0.12371269943205093,67.0,66.50688747608046,0.13241137497218403,0.061804538958827954,0.9980882721303195
h001_k5,0.01,5,gl4,580,5.8,0.20128572150972762,593.0,0.1259642605250068,75.0,75.18570207639164,0.13241130177886185,0.00010426663351924464,0.9999999945642342
h001_k5,0.01,5,gl4,585,5.8500000000000005,0.20595235629236402,586.0,0.1261401263135852,84.0,83.86451109290624,0.1324113016935297,7.837146220282861e-05,0.9999999969289569
h001_k5,0.01,5,gl4,590,5.9,0.22382715903511788,584.0,0.12408298791048442,93.0,92.54332674306784,0.13241128531070506,0.04886590766806327,0.9988053479371126
h001_k5,0.01,5,gl4,595,5.95,0.1925732248752011,578.0,0.17904234479745942,25.0,25.122808080855293,0.1877798602970005,0.24017013574578158,0.970730810212519
h001_k5,0.01,5,gl4,600,6.0,0.1899826778181445,39.0,0.1899826778181445,39.0,38.89254503808388,0.17538468032505505,0.25622739889310714,0.9666165320624682
