label,h,kappa,epsilon,cell,time,hp_edge,hp_ahead_max,hp_ahead_energy,relL2,peak,l2sq,mass
h002_k20_eps0,0.02,20,0.0,0,0.0,0.0,0.0,0.0,0.0,1.3333333333333333,8.37758040957297,8.377580389295252
h002_k20_eps0,0.02,20,0.0,1,0.02,0.0049022964485636675,0.00010839299461231668,1.4424347271489032e-08,1.7937322146239905e-07,1.3333333333343438,8.37758040957209,8.377580389295252
h002_k20_eps0,0.02,20,0.0,2,0.04,0.0007937911257122766,3.7923488504163345e-05,1.7715574708242e-09,7.004294235431396e-08,1.3333333333884774,8.377580409569171,8.37758038929525
h002_k20_eps0,0.02,20,0.0,3,0.06,0.0049130299650370956,0.00011647948019351774,1.6661296043606508e-08,1.7513394608879645e-07,1.3333333333085045,8.377580409565347,8.377580389295252
h002_k20_eps0,0.02,20,0.0,4,0.08,0.0008240014271432547,3.890489285448129e-05,1.8648129837519952e-09,7.247062840649105e-08,1.3333333342595437,8.377580409559524,8.377580389295254
h002_k20_eps0,0.02,20,0.0,5,0.1,0.004890329406511455,0.00011686094145736078,1.6770960455030823e-08,1.7401173949943738e-07,1.333333335063668,8.377580409552756,8.377580389295254
h002_k20_eps0,0.02,20,0.0,6,0.12,0.0010219389731165162,3.7520496725603785e-05,1.7347734457924925e-09,7.487635055972554e-08,1.333333333340998,8.377580409544006,8.377580389295254
h002_k20_eps0,0.02,20,0.0,7,0.14,0.00518104470830536,0.00012442647815539927,1.901289808868487e-08,1.873138683952328e-07,1.3333333353138146,8.37758040953435,8.377580389295252
h002_k20_eps0,0.02,20,0.0,8,0.16,0.0004614154477812195,2.701473633856767e-05,8.999951222633765e-10,9.498528681061856e-08,1.3333333327303767,8.377580409522674,8.377580389295254
h002_k20_eps0,0.02,20,0.0,9,0.18,0.005912626065704629,0.00014914481026818865,2.731907960077573e-08,2.231495347878945e-07,1.333333335793736,8.377580409510204,8.377580389295252
h002_k20_eps0,0.02,20,0.0,10,0.2,0.002133281087008774,2.5228042244149222e-05,7.782099159072718e-10,1.084593123882739e-07,1.3333333335944557,8.37758040949558,8.377580389295252
h002_k20_eps0,0.02,20,0.0,11,0.22,0.004991083613358458,0.00011748542646817862,1.694865354922186e-08,1.922032537719566e-07,1.3333333361505015,8.377580409480109,8.377580389295252
h002_k20_eps0,0.02,20,0.0,12,0.24,0.001161921512744084,5.319911906836889e-06,3.418763072758143e-11,1.1785551296822122e-07,1.3333333338565936,8.377580409462494,8.377580389295254
h002_k20_eps0,0.02,20,0.0,13,0.26,0.007315995002581178,0.00018013008124700893,3.984863699426866e-08,2.6969062030121905e-07,1.3333333373587166,8.377580409444791,8.377580389295252
h002_k20_eps0,0.02,20,0.0,14,0.28,0.001936719937177155,8.35898076390724e-05,8.600333173768706e-09,1.9377634601403437e-07,1.3333333347920067,8.377580409423835,8.377580389295252
h002_k20_eps0,0.02,20,0.0,15,0.3,0.009715654150231724,0.00025966435554044274,8.284683291601526e-08,3.76428727143634e-07,1.3333333368340792,8.377580409404057,8.377580389295252
h002_k20_eps0,0.02,20,0.0,16,0.32,0.005891528030035372,0.0002089620022142755,5.374453302402978e-08,3.21217453957138e-07,1.3333333355199788,8.377580409380084,8.377580389295254
h002_k20_eps0,0.02,20,0.0,17,0.34,0.012081819639589746,0.00035276719488473967,1.530339105197716e-07,4.811111580148902e-07,1.333333337412655,8.377580409357494,8.377580389295252
h002_k20_eps0,0.02,20,0.0,18,0.36,0.007669980378095202,0.000281903193588422,9.787871897366687e-08,3.934418266489922e-07,1.3333333337912965,8.377580409330799,8.377580389295249
h002_k20_eps0,0.02,20,0.0,19,0.38,0.016221752125817664,0.0004907961011083604,2.9641673755091465e-07,6.189752244722827e-07,1.3333333379709265,8.377580409306447,8.377580389295252
h002_k20_eps0,0.02,20,0.0,20,0.4,0.012044921564602342,0.00046901931052903797,2.7122214900144295e-07,5.336014029784813e-07,1.3333333314714428,8.377580409276371,8.37758038929525
h002_k20_eps0,0.02,20,0.0,21,0.42,0.0180718925389766,0.0006037083077338655,4.490646161331216e-07,6.921174802114065e-07,1.3333333396417069,8.377580409248747,8.377580389295249
h002_k20_eps0,0.02,20,0.0,22,0.44,0.013516796460453624,0.0005692803262820478,3.9998576549629663e-07,5.705311582279703e-07,1.3333333312944946,8.377580409216186,8.377580389295252
h002_k20_eps0,0.02,20,0.0,23,0.46,0.018003072756159443,0.0006299931617492956,4.893410707660209e-07,7.047663792965588e-07,1.3333333413850432,8.377580409185864,8.37758038929525
h002_k20_eps0,0.02,20,0.0,24,0.48,0.015039562773531454,0.0006389830060203534,5.040812833454602e-07,6.213277850281056e-07,1.3333333287090916,8.377580409150772,8.377580389295247
h002_k20_eps0,0.02,20,0.0,25,0.5,0.018876415519890374,0.0006831584542644753,5.757074660719638e-07,7.620667162013508e-07,1.333333342557184,8.377580409117789,8.377580389295249
h002_k20_eps0,0.02,20,0.0,26,0.52,0.019047000776797104,0.0007902343663221148,7.7114450527477e-07,7.792143123670094e-07,1.333333327439378,8.377580409080515,8.377580389295249
h002_k20_eps0,0.02,20,0.0,27,0.54,0.02488302128709222,0.0009458053782085571,1.1047507318964244e-06,9.791580388003279e-07,1.333333342528312,8.377580409047235,8.377580389295247
h002_k20_eps0,0.02,20,0.0,28,0.56,0.024949555806528825,0.0011868234752732373,1.7432704750710183e-06,1.0232855651111069e-06,1.3333333270135745,8.37758040900803,8.377580389295249
h002_k20_eps0,0.02,20,0.0,29,0.58,0.03146569400434381,0.0013693007240998573,2.3219185129214854e-06,1.2643727340758278e-06,1.3333333423740357,8.37758040897457,8.377580389295249
h002_k20_eps0,0.02,20,0.0,30,0.6,0.03291861465475878,0.0018575047028000467,4.285189336758314e-06,1.3807210460824784e-06,1.3333333264397509,8.377580408934524,8.377580389295249
h002_k20_eps0,0.02,20,0.0,31,0.62,0.04202426430862015,0.002240383556634696,6.245570642190851e-06,1.7083569683020685e-06,1.33333334481856,8.377580408902272,8.377580389295247
h002_k20_eps0,0.02,20,0.0,32,0.64,0.04432784362414791,0.0032986078815349443,1.360576370072811e-05,1.8875818084790694e-06,1.3333333239752125,8.377580408862256,8.377580389295247
h002_k20_eps0,0.02,20,0.0,33,0.66,0.05119289356661885,0.003954949250360357,1.9658154556151874e-05,2.154333171391723e-06,1.3333333471894917,8.377580408827102,8.377580389295247
h002_k20_eps0,0.02,20,0.0,34,0.68,0.05230115299622403,0.00573402556487437,4.161849594995535e-05,2.34939080505742e-06,1.3333333219620358,8.377580408787615,8.377580389295249
h002_k20_eps0,0.02,20,0.0,35,0.7000000000000001,0.05621137182297253,0.0069406834215323095,6.154790633575524e-05,2.5260637137344104e-06,1.3333333499340978,8.377580408747237,8.377580389295247
h002_k20_eps0,0.02,20,0.0,36,0.72,0.056093207655784856,0.009227073102342496,0.00010992132035150503,2.6380297102891287e-06,1.3333333180790086,8.377580408704949,8.377580389295247
h002_k20_eps0,0.02,20,0.0,37,0.74,0.059374936814238256,0.011099817448502162,0.00016101788731516395,2.8650869610516986e-06,1.3333333523825561,8.377580408665413,8.377580389295247
h002_k20_eps0,0.02,20,0.0,38,0.76,0.06080496426059049,0.014390812309929982,0.00027466721138212706,3.008134762594653e-06,1.3333333172614397,8.3775804086237,8.377580389295249
h002_k20_eps0,0.02,20,0.0,39,0.78,0.06415957951713941,0.017622399647628715,0.00041951182308495215,3.264847045250937e-06,1.333333352824193,8.377580408585963,8.377580389295249
h002_k20_eps0,0.02,20,0.0,40,0.8,0.061677736529010235,0.022370856604098013,0.0006925220864969363,3.3904359968395374e-06,1.333333321251564,8.377580408540737,8.377580389295249
h002_k20_eps0,0.02,20,0.0,41,0.8200000000000001,0.06418418563928865,0.027063050141597367,0.001042892821817712,3.6656539925061702e-06,1.3333333499152484,8.377580408505827,8.377580389295249
h002_k20_eps0,0.02,20,0.0,42,0.84,0.06368324306463423,0.033125728316213174,0.0016207430226832555,3.8543739874401815e-06,1.3333333251647064,8.37758040845919,8.377580389295252
h002_k20_eps0,0.02,20,0.0,43,0.86,0.0626772620346034,0.03869176417641291,0.002311571872056291,4.069864467020081e-06,1.3333333478639928,8.377580408424771,8.377580389295252
h002_k20_eps0,0.02,20,0.0,44,0.88,0.06162702408681309,0.04389755553595203,0.00314037731724917,4.289320392757583e-06,1.3333333293220746,8.37758040837314,8.377580389295254
h002_k20_eps0,0.02,20,0.0,45,0.9,0.05779960143013245,0.0470607429214775,0.0038328585442583183,4.387716443395946e-06,1.3333333435147563,8.377580408335787,8.377580389295252
h002_k20_eps0,0.02,20,0.0,46,0.92,0.05434521849342739,0.047754143493765326,0.004208779088763757,4.618936558377201e-06,1.3333333312386284,8.377580408279343,8.377580389295254
h002_k20_eps0,0.02,20,0.0,47,0.9400000000000001,0.04933771374210131,0.04581901121330053,0.004108023840647782,4.682806947415281e-06,1.3333333381020214,8.377580408240144,8.377580389295252
h002_k20_eps0,0.02,20,0.0,48,0.96,0.05494079987948895,0.042461124369309426,0.0036785326801898207,5.013398651202004e-06,1.3333333343173102,8.377580408191637,8.377580389295254
h002_k20_eps0,0.02,20,0.0,49,0.98,0.05620799934313463,0.037439528273020314,0.002938047289218498,4.898163702611051e-06,1.3333333323898708,8.377580408135193,8.377580389295254
h002_k20_eps0,0.02,20,0.0,50,1.0,0.05685038794124701,0.03297881642717578,0.002250113786135696,4.948491584401006e-06,1.3333333431984309,8.37758040806565,8.377580389295256
h002_k20_eps0,0.02,20,0.0,51,1.02,0.04429874241525951,0.028209072611082856,0.0015923140099234066,4.755058434599939e-06,1.3333333173424013,8.377580407997025,8.377580389295254
h002_k20_eps0,0.02,20,0.0,52,1.04,0.030207482937279376,0.02476379192844455,0.0011462191297053172,4.744626896161717e-06,1.3333333605058897,8.377580407928056,8.377580389295254
h002_k20_eps0,0.02,20,0.0,53,1.06,0.025667459765350256,0.02150694285162805,0.0008045475475074469,4.6562963171432975e-06,1.3333333026284748,8.377580407860876,8.377580389295254
h002_k20_eps0,0.02,20,0.0,54,1.08,0.026388724992762482,0.018763237300469564,0.0005712794303240002,4.633747575140414e-06,1.333333366164395,8.377580407794266,8.377580389295256
h002_k20_eps0,0.02,20,0.0,55,1.1,0.03396524663053103,0.01689871828898837,0.00043407110084985674,4.731244185300289e-06,1.3333333055339596,8.377580407739103,8.377580389295257
h002_k20_eps0,0.02,20,0.0,56,1.12,0.039745091852576624,0.01622501888262278,0.00038166968369428956,4.8796135786946676e-06,1.3333333551992497,8.377580407687256,8.377580389295257
h002_k20_eps0,0.02,20,0.0,57,1.1400000000000001,0.048772015836744106,0.01611411743210139,0.0003658374231158429,5.054023570844319e-06,1.3333333181023312,8.377580407633332,8.377580389295261
h002_k20_eps0,0.02,20,0.0,58,1.16,0.03974265805562971,0.015650133322825666,0.0003426551169635633,4.882895455096061e-06,1.3333333453559926,8.377580407561316,8.377580389295257
h002_k20_eps0,0.02,20,0.0,59,1.18,0.03155749817673156,0.013093235481744942,0.0002391584981707492,4.83517399688547e-06,1.3333333359028545,8.377580407479016,8.377580389295257
h002_k20_eps0,0.02,20,0.0,60,1.2,0.03326001394287744,0.008810242540962994,0.00010799604273854019,5.153687814250803e-06,1.3333333326456331,8.377580407453136,8.377580389295257
h002_k20_eps0,0.02,20,0.0,61,1.22,0.03943770534352714,0.004196889341755625,2.4453286478961262e-05,5.566129552226856e-06,1.3333333491587622,8.377580407403057,8.377580389295257
h002_k20_eps0,0.02,20,0.0,62,1.24,0.04395839821987841,0.0011883257838492141,2.0111707803430333e-06,5.8437517965399555e-06,1.3333333262792584,8.377580407379256,8.377580389295257
h002_k20_eps0,0.02,20,0.0,63,1.26,0.030645138945336204,0.0003828579045934389,1.637338099470792e-07,6.038078324113867e-06,1.3333333359355397,8.377580407309207,8.377580389295261
h002_k20_eps0,0.02,20,0.0,64,1.28,0.015969356273837183,0.00042504609536598355,2.1787651685374084e-07,5.92825836492604e-06,1.333333343656242,8.377580407244048,8.377580389295261
h002_k20_eps0,0.02,20,0.0,65,1.3,0.014019682792659506,0.00028509546234027324,1.0035998074194177e-07,5.855428085439624e-06,1.3333333127630018,8.37758040715198,8.377580389295263
h002_k20_eps0,0.02,20,0.0,66,1.32,0.031628323009741416,0.0010912427851688796,1.4681907946140047e-06,5.6523101465905355e-06,1.3333333653510202,8.377580407065658,8.377580389295261
h002_k20_eps0,0.02,20,0.0,67,1.34,0.057579930689041554,0.002423272093785382,7.2774105415787336e-06,5.774624826547931e-06,1.3333333090811506,8.377580407005578,8.377580389295261
h002_k20_eps0,0.02,20,0.0,68,1.36,0.06959542215711455,0.00589573995808943,4.365317849737353e-05,6.1659721538024265e-06,1.333333354799195,8.37758040696685,8.377580389295263
h002_k20_eps0,0.02,20,0.0,69,1.3800000000000001,0.08306491133048273,0.010711888872416727,0.0001471414538925563,6.660328307245992e-06,1.333333326196179,8.377580406949916,8.377580389295263
h002_k20_eps0,0.02,20,0.0,70,1.4000000000000001,0.07687603110788,0.019012293867925353,0.00047977456436381705,6.577476144338932e-06,1.333333330411834,8.377580406869086,8.377580389295264
h002_k20_eps0,0.02,20,0.0,71,1.42,0.06482598424290728,0.025026117130851656,0.0008706624981675937,6.225810755323061e-06,1.3333333521848276,8.377580406753745,8.377580389295266
h002_k20_eps0,0.02,20,0.0,72,1.44,0.051161485623206014,0.02743121249300829,0.0010943145082419092,5.956182702159822e-06,1.3333333146331101,8.37758040666403,8.377580389295266
h002_k20_eps0,0.02,20,0.0,73,1.46,0.040170799131109595,0.024866014477448118,0.0009306210356731767,5.817880025085068e-06,1.3333333661078242,8.377580406564409,8.377580389295263
h002_k20_eps0,0.02,20,0.0,74,1.48,0.059967102936591965,0.01943230537718446,0.0005764202133570612,6.102437923019652e-06,1.3333333120175166,8.377580406533195,8.377580389295264
h002_k20_eps0,0.02,20,0.0,75,1.5,0.04903140168777453,0.0127281577324282,0.0002464853152789453,6.188627339129013e-06,1.3333333428807557,8.377580406456346,8.377580389295264
h002_k20_eps0,0.02,20,0.0,76,1.52,0.05451763961464423,0.007171897165624157,7.658697402742088e-05,6.179266115869799e-06,1.3333333346538363,8.377580406391049,8.377580389295264
h002_k20_eps0,0.02,20,0.0,77,1.54,0.031031548029450462,0.003561895506192149,1.8223002910743666e-05,5.99571827018298e-06,1.3333333216315753,8.37758040629825,8.377580389295264
h002_k20_eps0,0.02,20,0.0,78,1.56,0.012844864123289591,0.0019453649976276682,5.127276263406693e-06,5.861471398351177e-06,1.3333333670584846,8.377580406210907,8.377580389295268
h002_k20_eps0,0.02,20,0.0,79,1.58,0.03165366016162616,0.0020101024313360317,5.128425415105998e-06,6.124621086321339e-06,1.3333333043880191,8.377580406176449,8.377580389295264
h002_k20_eps0,0.02,20,0.0,80,1.6,0.060145194600587995,0.004187387462346663,2.1964570687647873e-05,6.695329356862927e-06,1.3333333751331367,8.377580406156003,8.377580389295264
h002_k20_eps0,0.02,20,0.0,81,1.62,0.07279010494312706,0.006975950720054299,6.166312221846973e-05,7.017102883592999e-06,1.3333333038177628,8.377580406135165,8.377580389295263
h002_k20_eps0,0.02,20,0.0,82,1.6400000000000001,0.05997129935936479,0.010629767820821699,0.0001461744509403419,7.057648393838572e-06,1.333333356997588,8.37758040606032,8.377580389295264
h002_k20_eps0,0.02,20,0.0,83,1.6600000000000001,0.05210207441571942,0.012124212184175767,0.00019395291277228097,6.890657056536449e-06,1.3333333279112676,8.377580405973939,8.377580389295264
h002_k20_eps0,0.02,20,0.0,84,1.68,0.03365963370456532,0.01079499004156708,0.00015625053144518444,6.598852597419424e-06,1.3333333259864932,8.377580405874674,8.377580389295268
h002_k20_eps0,0.02,20,0.0,85,1.7,0.020888973720704484,0.007461285844816777,7.484468720181091e-05,6.375305964382366e-06,1.3333333636918239,8.37758040577262,8.37758038929527
h002_k20_eps0,0.02,20,0.0,86,1.72,0.04779338620175686,0.003353032195782751,1.5206994183334204e-05,6.632201033801768e-06,1.3333333191272492,8.377580405744272,8.377580389295268
h002_k20_eps0,0.02,20,0.0,87,1.74,0.05417504796907505,0.00018059945461903126,3.4102069866320194e-08,7.041160480458021e-06,1.333333351621897,8.377580405706722,8.377580389295268
h002_k20_eps0,0.02,20,0.0,88,1.76,0.08373205954932138,0.003923573014631798,1.9025878728991124e-05,7.593626635110886e-06,1.3333333315927527,8.37758040571964,8.377580389295268
h002_k20_eps0,0.02,20,0.0,89,1.78,0.06821793857246276,0.008964046668032787,0.00010219603304381509,7.473480791785484e-06,1.3333333310275925,8.377580405624892,8.37758038929527
h002_k20_eps0,0.02,20,0.0,90,1.8,0.04648850908595702,0.010383364667777131,0.00014089648406148976,6.8638081590490965e-06,1.3333333564342826,8.377580405487883,8.37758038929527
h002_k20_eps0,0.02,20,0.0,91,1.82,0.023887312872153583,0.007704213647438426,7.884968949150521e-05,6.538984429924368e-06,1.3333333144080357,8.377580405389194,8.377580389295268
h002_k20_eps0,0.02,20,0.0,92,1.84,0.04626059162173833,0.0032644916434669677,1.4356742097951565e-05,6.614490374206941e-06,1.333333376730342,8.377580405319113,8.377580389295266
h002_k20_eps0,0.02,20,0.0,93,1.86,0.06535396985972708,0.0003315285995815822,1.132951180790622e-07,6.957789845583362e-06,1.3333333002761443,8.377580405304464,8.377580389295266
h002_k20_eps0,0.02,20,0.0,94,1.8800000000000001,0.068109381562735,0.004104374564275839,2.0869353514775267e-05,7.145066598418252e-06,1.3333333511557097,8.377580405244947,8.377580389295268
h002_k20_eps0,0.02,20,0.0,95,1.9000000000000001,0.06850291446360655,0.007309800732492683,6.772453331084484e-05,7.195627028851756e-06,1.3333333332507755,8.377580405187139,8.377580389295268
h002_k20_eps0,0.02,20,0.0,96,1.92,0.056403001401667485,0.010038905695243704,0.0001304071431026228,7.168622384546177e-06,1.3333333175643778,8.377580405116985,8.377580389295266
h002_k20_eps0,0.02,20,0.0,97,1.94,0.05172791161601246,0.011194009553149344,0.00016472609974921328,6.85977853696268e-06,1.3333333708721034,8.377580405006832,8.377580389295264
h002_k20_eps0,0.02,20,0.0,98,1.96,0.03132173922537141,0.009921886647691539,0.0001314439893721172,6.524170410831318e-06,1.3333333050590617,8.377580404914527,8.377580389295268
h002_k20_eps0,0.02,20,0.0,99,1.98,0.047284475833508796,0.0050757743620740954,3.4906969187363144e-05,6.912749486073452e-06,1.3333333691998437,8.377580404875909,8.377580389295268
h002_k20_eps0,0.02,20,0.0,100,2.0,0.06947774762743612,0.000768098039128539,9.17502632043934e-07,7.566696005291209e-06,1.333333316898902,8.377580404905116,8.37758038929527
h002_k20_eps0,0.02,20,0.0,101,2.02,0.05768887923309768,0.002689562968176804,8.836076532167325e-06,7.63412157813762e-06,1.3333333491411077,8.37758040482928,8.37758038929527
h002_k20_eps0,0.02,20,0.0,102,2.04,0.04261955313286876,0.0036045155702184657,1.6256588154864633e-05,7.250369883838116e-06,1.3333333266167542,8.377580404721762,8.37758038929527
h002_k20_eps0,0.02,20,0.0,103,2.06,0.012259285347035595,0.0021075794485501684,5.623260998436251e-06,6.866947398902365e-06,1.3333333225807074,8.377580404611333,8.377580389295268
h002_k20_eps0,0.02,20,0.0,104,2.08,0.038018727511761,1.9087066225033855e-05,5.799655741297675e-10,6.871596345304977e-06,1.3333333734319253,8.377580404538095,8.377580389295268
h002_k20_eps0,0.02,20,0.0,105,2.1,0.07028949564588646,0.002448304634946097,7.398237114601381e-06,7.29399269062779e-06,1.3333333020027678,8.377580404533422,8.377580389295268
h002_k20_eps0,0.02,20,0.0,106,2.12,0.07463450909348705,0.00733469863494967,6.779582438400591e-05,7.549440613803625e-06,1.333333367127262,8.377580404489743,8.37758038929527
h002_k20_eps0,0.02,20,0.0,107,2.14,0.08695876411747896,0.013597989505681297,0.00023934772670192644,8.199232127332186e-06,1.3333333213103633,8.377580404518012,8.37758038929527
h002_k20_eps0,0.02,20,0.0,108,2.16,0.0810369044332255,0.02459822405476889,0.0008183470315077172,8.379844880579554e-06,1.3333333305506807,8.37758040447152,8.37758038929527
h002_k20_eps0,0.02,20,0.0,109,2.18,0.0721837960649986,0.03449768745636193,0.001715199407507377,7.911108679751585e-06,1.3333333644541567,8.3775804043474,8.377580389295272
h002_k20_eps0,0.02,20,0.0,110,2.2,0.057169715768571286,0.037899978843937594,0.002229877898130896,7.602672427271788e-06,1.3333333127358742,8.377580404249253,8.377580389295272
h002_k20_eps0,0.02,20,0.0,111,2.22,0.0645079544684834,0.033794982935569394,0.001891012024444679,7.524271561149363e-06,1.3333333703334935,8.377580404168105,8.37758038929527
h002_k20_eps0,0.02,20,0.0,112,2.24,0.09295866393658457,0.025772646372768212,0.0011416683930058388,7.841669305666e-06,1.333333316693621,8.377580404161002,8.37758038929527
h002_k20_eps0,0.02,20,0.0,113,2.2600000000000002,0.09805903401047422,0.014469411200574654,0.0003809992870623501,8.067498615073266e-06,1.3333333442022126,8.377580404115944,8.37758038929527
h002_k20_eps0,0.02,20,0.0,114,2.2800000000000002,0.09193238290870034,0.003980985644713383,3.9381947072958815e-05,7.88814388905977e-06,1.3333333406910874,8.377580404036477,8.377580389295272
h002_k20_eps0,0.02,20,0.0,115,2.3000000000000003,0.053003289200605624,0.00108976789434586,1.537392633877323e-06,7.466625626150157e-06,1.3333333087526216,8.377580403927285,8.377580389295272
h002_k20_eps0,0.02,20,0.0,116,2.32,0.02508242468863915,0.0010076518044009643,1.0537127743352247e-06,7.010717897374376e-06,1.3333333824882814,8.377580403804682,8.377580389295272
h002_k20_eps0,0.02,20,0.0,117,2.34,0.029910124787786374,0.0005386089870482556,4.093251897064689e-07,6.897585430284281e-06,1.3333332941264828,8.377580403748098,8.377580389295272
h002_k20_eps0,0.02,20,0.0,118,2.36,0.049217810055238564,0.0023046032570523023,6.6217786185459085e-06,7.608428868435526e-06,1.3333333834627499,8.377580403766794,8.377580389295272
h002_k20_eps0,0.02,20,0.0,119,2.38,0.08229602039805724,0.005346394497146064,3.582008364907604e-05,8.193121715814381e-06,1.3333333129325302,8.377580403803789,8.377580389295272
h002_k20_eps0,0.02,20,0.0,120,2.4,0.05969650480960263,0.009257332128913583,0.00010989325314143518,8.095527239827538e-06,1.3333333354048666,8.377580403728684,8.37758038929527
h002_k20_eps0,0.02,20,0.0,121,2.42,0.049407373039223594,0.010724857565845377,0.00015056664018422392,7.843384766566133e-06,1.3333333454520584,8.377580403642778,8.37758038929527
h002_k20_eps0,0.02,20,0.0,122,2.44,0.028675366592243453,0.008678373558403889,0.0001000546559717592,7.609413352596672e-06,1.333333324411425,8.377580403572203,8.37758038929527
h002_k20_eps0,0.02,20,0.0,123,2.46,0.05293231381764942,0.004070176212240412,2.236717657307297e-05,7.806176496940828e-06,1.3333333789411936,8.377580403535513,8.377580389295272
h002_k20_eps0,0.02,20,0.0,124,2.48,0.09124122956595083,0.0009865477045262366,1.0864232494738745e-06,8.645383015171889e-06,1.333333313266289,8.377580403626181,8.377580389295272
h002_k20_eps0,0.02,20,0.0,125,2.5,0.0753846394587339,0.0076758330158954256,7.393916408361582e-05,8.725063375564803e-06,1.3333333493317543,8.377580403568448,8.377580389295272
h002_k20_eps0,0.02,20,0.0,126,2.52,0.05803634393286411,0.011003877273468098,0.00015701479666010225,8.535558776235864e-06,1.3333333235861395,8.377580403513582,8.377580389295273
h002_k20_eps0,0.02,20,0.0,127,2.54,0.03062267940389391,0.00924085550715892,0.00011330393491172632,8.425068545441795e-06,1.3333333236476268,8.377580403444096,8.377580389295272
h002_k20_eps0,0.02,20,0.0,128,2.56,0.03171476615201498,0.005543474514355391,4.102736670052739e-05,8.113785997942842e-06,1.3333333826923166,8.377580403365117,8.377580389295273
h002_k20_eps0,0.02,20,0.0,129,2.58,0.056139808833879576,0.0017646240663559318,4.247084956773658e-06,8.089256510403043e-06,1.3333333007328234,8.377580403326688,8.377580389295275
h002_k20_eps0,0.02,20,0.0,130,2.6,0.07857824287025125,0.0031481699496447367,1.209510191848683e-05,8.339084641886366e-06,1.3333333643280303,8.37758040331685,8.377580389295275
h002_k20_eps0,0.02,20,0.0,131,2.62,0.09803389211315541,0.009271795312730572,0.00010873055218200609,8.826019613113647e-06,1.3333333281810513,8.37758040335827,8.377580389295277
h002_k20_eps0,0.02,20,0.0,132,2.64,0.09362791771277551,0.02086201850899987,0.0005743279614445915,9.236622451275674e-06,1.3333333191552375,8.377580403379552,8.377580389295279
h002_k20_eps0,0.02,20,0.0,133,2.66,0.08828396155919921,0.03754326342291301,0.001995839946656311,9.101085307344464e-06,1.3333333562970466,8.377580403330283,8.377580389295277
h002_k20_eps0,0.02,20,0.0,134,2.68,0.07202368175457194,0.04887875625587197,0.0037598987515119367,8.64766784581766e-06,1.333333309292287,8.377580403240405,8.377580389295277
h002_k20_eps0,0.02,20,0.0,135,2.7,0.08096999625223261,0.047433997835513955,0.003993859238540951,8.611723406153076e-06,1.3333333807984817,8.377580403193834,8.377580389295279
h002_k20_eps0,0.02,20,0.0,136,2.72,0.11264796052761811,0.03856379294550063,0.00290988502845781,9.056494407124994e-06,1.3333333076080311,8.377580403247489,8.377580389295279
h002_k20_eps0,0.02,20,0.0,137,2.74,0.08837602850540427,0.026357725978499186,0.0014718038982524523,8.831927490435415e-06,1.3333333534951657,8.377580403179161,8.377580389295279
h002_k20_eps0,0.02,20,0.0,138,2.7600000000000002,0.08325907517986122,0.01699492993431224,0.0006197454800811509,8.716042157227966e-06,1.3333333262208336,8.377580403140932,8.377580389295279
h002_k20_eps0,0.02,20,0.0,139,2.7800000000000002,0.05346264743849356,0.010757520565123541,0.00023279781555446465,8.476750362521975e-06,1.33333330483556,8.37758040308714,8.377580389295279
h002_k20_eps0,0.02,20,0.0,140,2.8000000000000003,0.020662010081704648,0.008320665697190185,0.00011617817141075179,8.078403352223218e-06,1.3333333975162,8.37758040300251,8.377580389295279
h002_k20_eps0,0.02,20,0.0,141,2.82,0.02711860451112689,0.007035775211060112,7.229213746593392e-05,8.080252984074148e-06,1.3333333012417081,8.377580402993866,8.377580389295279
h002_k20_eps0,0.02,20,0.0,142,2.84,0.05074888556951607,0.007618381622205894,7.787295128205983e-05,8.49026375694804e-06,1.3333333696648602,8.377580403027908,8.377580389295277
h002_k20_eps0,0.02,20,0.0,143,2.86,0.10421424133662423,0.013099211309183512,0.00022362510371492302,9.38808851549078e-06,1.3333333125124671,8.377580403162103,8.377580389295277
h002_k20_eps0,0.02,20,0.0,144,2.88,0.08688775705926116,0.025887462027659628,0.0009072633429147422,9.604331449222868e-06,1.3333333337575723,8.377580403174953,8.377580389295279
h002_k20_eps0,0.02,20,0.0,145,2.9,0.07228303309078521,0.03797798823237673,0.0021038293162030704,9.0400950269018e-06,1.333333346582319,8.377580403076795,8.377580389295277
h002_k20_eps0,0.02,20,0.0,146,2.92,0.06552810640276902,0.03967826340168001,0.0025058160878297115,8.829978681906829e-06,1.333333337702339,8.37758040304549,8.377580389295275
h002_k20_eps0,0.02,20,0.0,147,2.94,0.09153308889879168,0.03182230684440714,0.0017477233815600187,9.133111232173155e-06,1.3333333788637445,8.377580403065142,8.377580389295273
h002_k20_eps0,0.02,20,0.0,148,2.96,0.11463884919129724,0.02046864787229967,0.0007637533861605404,9.54667009876532e-06,1.3333333090641695,8.377580403143488,8.377580389295272
h002_k20_eps0,0.02,20,0.0,149,2.98,0.08184030216017625,0.008725361615227571,0.000156926639327659,9.449662791332736e-06,1.3333333460322399,8.377580403104556,8.377580389295275
h002_k20_eps0,0.02,20,0.0,150,3.0,0.054473361209988885,0.0029063220139846197,2.039149661833422e-05,9.188984276134698e-06,1.3333333418305284,8.377580403076628,8.377580389295273
h002_k20_eps0,0.02,20,0.0,151,3.02,0.021865879975840084,0.0021194231787444746,7.630406888969529e-06,9.190717023709446e-06,1.3333332963703368,8.377580403063956,8.377580389295272
h002_k20_eps0,0.02,20,0.0,152,3.04,0.014562339241171632,0.001976319584022298,5.351817682469052e-06,8.948031136970961e-06,1.3333333997562051,8.377580403036974,8.377580389295273
h002_k20_eps0,0.02,20,0.0,153,3.06,0.04746662513454013,0.0024398608870419432,7.555247200775271e-06,9.070733391856238e-06,1.3333333007711898,8.37758040305658,8.377580389295272
h002_k20_eps0,0.02,20,0.0,154,3.08,0.07507871531899941,0.006137358033416505,4.7406893896911034e-05,9.703513614404017e-06,1.3333333538667418,8.377580403157738,8.37758038929527
h002_k20_eps0,0.02,20,0.0,155,3.1,0.10879724630319348,0.016593091888496326,0.00035607477807909774,1.0355801172415955e-05,1.333333327426065,8.37758040328262,8.377580389295272
h002_k20_eps0,0.02,20,0.0,156,3.12,0.07960212651987532,0.030535729851255567,0.0012913708796611321,9.994581702429355e-06,1.3333333279162891,8.37758040322185,8.377580389295272
h002_k20_eps0,0.02,20,0.0,157,3.14,0.06032471628759566,0.03638595733930524,0.0019873968967497875,9.450287134775594e-06,1.333333351859174,8.37758040313869,8.377580389295272
h002_k20_eps0,0.02,20,0.0,158,3.16,0.07917136514637202,0.03369664460184107,0.0018214528609460665,9.49308906854658e-06,1.3333333294268623,8.377580403169192,8.37758038929527
h002_k20_eps0,0.02,20,0.0,159,3.18,0.1128464375012927,0.02175374506461936,0.0008250399201876388,1.011189040035899e-05,1.3333333812523451,8.377580403259882,8.377580389295272
h002_k20_eps0,0.02,20,0.0,160,3.2,0.11137416664332389,0.008396119747816289,0.00014471549490414293,1.023259155408439e-05,1.3333333095257909,8.377580403309377,8.37758038929527
h002_k20_eps0,0.02,20,0.0,161,3.22,0.06694509478445469,0.001211391528220845,3.0190567199007237e-06,9.866249869596104e-06,1.3333333245441379,8.377580403250091,8.37758038929527
h002_k20_eps0,0.02,20,0.0,162,3.24,0.04419254558263791,0.0026487923396303482,7.593175011784407e-06,9.713353830062314e-06,1.3333333530202278,8.37758040324782,8.37758038929527
h002_k20_eps0,0.02,20,0.0,163,3.2600000000000002,0.027936884834884896,0.0021531913347602742,5.472175916267759e-06,9.784836838880164e-06,1.3333332875325992,8.377580403267544,8.37758038929527
h002_k20_eps0,0.02,20,0.0,164,3.2800000000000002,0.013952476842169622,0.000742195718049505,6.623439019692004e-07,9.373539682020339e-06,1.3333334027443924,8.377580403220554,8.37758038929527
h002_k20_eps0,0.02,20,0.0,165,3.3000000000000003,0.0731883197176123,0.0014952240385327966,2.759315809884959e-06,9.56427203418084e-06,1.3333333138507304,8.37758040327602,8.377580389295272
h002_k20_eps0,0.02,20,0.0,166,3.3200000000000003,0.07679073659136733,0.006542896817519384,5.373883285531497e-05,1.0110581790656505e-05,1.3333333336807853,8.377580403378628,8.377580389295272
h002_k20_eps0,0.02,20,0.0,167,3.34,0.09145013493935394,0.015234679581483715,0.00030043483200773867,1.0501348827231558e-05,1.3333333279960398,8.377580403479454,8.377580389295272
h002_k20_eps0,0.02,20,0.0,168,3.36,0.06513582198706983,0.022827793529188477,0.000711159383456896,1.0137581758183329e-05,1.3333333380882675,8.377580403437534,8.377580389295272
h002_k20_eps0,0.02,20,0.0,169,3.38,0.06001191961884516,0.02122425520025336,0.0006479454186793107,9.5713682875953e-06,1.333333362281679,8.37758040336007,8.37758038929527
h002_k20_eps0,0.02,20,0.0,170,3.4,0.10552411707638604,0.013252232424154438,0.00026127940104265064,1.00370960741243e-05,1.3333333175494504,8.377580403478584,8.37758038929527
h002_k20_eps0,0.02,20,0.0,171,3.42,0.10683844955400473,0.0011885978568417963,2.6139306951261263e-06,1.0322260131547334e-05,1.3333333707266264,8.377580403529713,8.377580389295268
h002_k20_eps0,0.02,20,0.0,172,3.44,0.090099799172159,0.009784910922867793,0.0001177119528805608,1.018225047358477e-05,1.3333333068926614,8.377580403543,8.37758038929527
h002_k20_eps0,0.02,20,0.0,173,3.46,0.05607649226520692,0.014444000038403817,0.0002736258229070456,1.0229801099570962e-05,1.3333333170745263,8.377580403572331,8.377580389295273
h002_k20_eps0,0.02,20,0.0,174,3.48,0.05441693872164414,0.0171195488096559,0.00039577316206791365,1.0340998723422647e-05,1.3333333787915178,8.377580403625377,8.377580389295272
h002_k20_eps0,0.02,20,0.0,175,3.5,0.04451158901934329,0.017455015187030694,0.00042134003561406766,1.0128365880338237e-05,1.3333332920006613,8.377580403614523,8.377580389295273
h002_k20_eps0,0.02,20,0.0,176,3.52,0.02819461328748562,0.013735470847916093,0.00026479208114161927,9.910527225678906e-06,1.3333333923695938,8.377580403607098,8.377580389295272
h002_k20_eps0,0.02,20,0.0,177,3.54,0.08908800365600904,0.007752288377279498,8.563287897032485e-05,1.0165198585990703e-05,1.3333333267435643,8.377580403694015,8.37758038929527
h002_k20_eps0,0.02,20,0.0,178,3.56,0.08635939526172404,0.0006201196620917944,8.582688639006618e-07,1.0683301768534698e-05,1.3333333333510078,8.377580403803464,8.37758038929527
h002_k20_eps0,0.02,20,0.0,179,3.58,0.09145690393209537,0.008513580795210364,9.02020963485611e-05,1.0775307110462792e-05,1.3333333315184392,8.37758040386387,8.377580389295272
h002_k20_eps0,0.02,20,0.0,180,3.6,0.053783681676376795,0.01288589565541035,0.0002169304330429298,1.0233413275124172e-05,1.333333340284035,8.377580403803126,8.377580389295273
h002_k20_eps0,0.02,20,0.0,181,3.62,0.07233813796016561,0.008169182690114303,9.06670087061973e-05,9.994693781989262e-06,1.333333370573473,8.377580403782838,8.377580389295273
h002_k20_eps0,0.02,20,0.0,182,3.64,0.10328669649483417,0.0009572151532551409,1.619092978227982e-06,1.0555434328695792e-05,1.3333332934180842,8.377580403929658,8.377580389295272
h002_k20_eps0,0.02,20,0.0,183,3.66,0.07573062523103134,0.006360227391033527,5.008308120903246e-05,1.0611094447200915e-05,1.3333333810134342,8.377580403952956,8.377580389295272
h002_k20_eps0,0.02,20,0.0,184,3.68,0.07430129198171402,0.012500264253684872,0.00020150623499813703,1.0535199275799096e-05,1.3333332939330875,8.377580403984517,8.377580389295273
h002_k20_eps0,0.02,20,0.0,185,3.7,0.05038459301155268,0.014721499518550066,0.0002892107127175892,1.036218316251974e-05,1.3333333214152456,8.377580403983798,8.377580389295273
h002_k20_eps0,0.02,20,0.0,186,3.72,0.044134208916282405,0.014769219606386448,0.0002963585230518895,1.0503823759496624e-05,1.3333333960196512,8.377580404048652,8.377580389295272
h002_k20_eps0,0.02,20,0.0,187,3.74,0.03256311115984345,0.012824018452053592,0.0002258725208047226,1.0322635308087461e-05,1.333333304775437,8.37758040405643,8.377580389295268
h002_k20_eps0,0.02,20,0.0,188,3.7600000000000002,0.04009481169759819,0.007594349875591889,7.988984362627067e-05,1.007307588449497e-05,1.3333333740718596,8.377580404051178,8.377580389295268
h002_k20_eps0,0.02,20,0.0,189,3.7800000000000002,0.10553321437567073,0.0010540812932159083,1.9804993431135733e-06,1.0731745278438785e-05,1.3333333247565737,8.377580404221735,8.377580389295268
h002_k20_eps0,0.02,20,0.0,190,3.8000000000000003,0.13292957067550987,0.012561021438579558,0.0001974987930305268,1.167254847036655e-05,1.333333329681789,8.377580404422565,8.377580389295268
h002_k20_eps0,0.02,20,0.0,191,3.8200000000000003,0.10786355877828652,0.041618382461546866,0.0024009999327225845,1.1092894331618778e-05,1.3333333393470246,8.377580404356939,8.37758038929527
h002_k20_eps0,0.02,20,0.0,192,3.84,0.08356029327841176,0.06084909069800979,0.005978687401160219,1.0649546381649706e-05,1.333333329954266,8.377580404318797,8.37758038929527
h002_k20_eps0,0.02,20,0.0,193,3.86,0.0934579067990408,0.0615277885691745,0.007360173356205609,1.0811343937085858e-05,1.3333333736546136,8.377580404372793,8.37758038929527
h002_k20_eps0,0.02,20,0.0,194,3.88,0.12872050266308874,0.05097674479631794,0.006076991958255035,1.1114890854197332e-05,1.333333269875566,8.377580404479595,8.377580389295268
h002_k20_eps0,0.02,20,0.0,195,3.9,0.09464379393706614,0.03675996610183177,0.0037729646484588025,1.0741196603792417e-05,1.3333333659466817,8.37758040444055,8.377580389295272
h002_k20_eps0,0.02,20,0.0,196,3.92,0.08355045660769185,0.027400842349951868,0.0022060638232499507,1.062611594430756e-05,1.333333327785125,8.37758040446235,8.377580389295272
h002_k20_eps0,0.02,20,0.0,197,3.94,0.06112019194280918,0.021728712362510606,0.0013022283876220821,1.0479516158768403e-05,1.3333332979336823,8.37758040447771,8.377580389295272
h002_k20_eps0,0.02,20,0.0,198,3.96,0.05709287685158177,0.01823356768666044,0.0007887291992098819,1.0712662486941461e-05,1.3333334006143982,8.377580404557978,8.377580389295273
h002_k20_eps0,0.02,20,0.0,199,3.98,0.030890663528545054,0.01572628327768715,0.0004895607190754812,1.0455495918639127e-05,1.3333333057589913,8.377580404565832,8.377580389295273
h002_k20_eps0,0.02,20,0.0,200,4.0,0.05813176349062107,0.016246129552927712,0.0004319534552676884,1.0582143664024668e-05,1.333333357519771,8.377580404626652,8.377580389295273
h002_k20_eps0,0.02,20,0.0,201,4.0200000000000005,0.12548106849266272,0.0270917636918049,0.0010527624276136791,1.1684957623637653e-05,1.3333333381960784,8.37758040489002,8.377580389295273
h002_k20_eps0,0.02,20,0.0,202,4.04,0.10503945966404964,0.05581221952721065,0.004690059358579464,1.1737876207653963e-05,1.333333335702361,8.377580404931512,8.377580389295273
h002_k20_eps0,0.02,20,0.0,203,4.0600000000000005,0.0927742673298521,0.0799219242506774,0.011573329528501843,1.1062844708257326e-05,1.3333333388360789,8.377580404845537,8.377580389295275
h002_k20_eps0,0.02,20,0.0,204,4.08,0.10181684567724646,0.08201804749716625,0.016233444719533995,1.117318026684867e-05,1.333333327922052,8.377580404915388,8.377580389295277
h002_k20_eps0,0.02,20,0.0,205,4.1,0.13639304738110783,0.06946974527453446,0.015411137614346038,1.178993238463733e-05,1.3333333935436844,8.377580405058605,8.377580389295277
h002_k20_eps0,0.02,20,0.0,206,4.12,0.13374965422342602,0.054904124017123905,0.010638848942561941,1.1851199478546424e-05,1.3333332987362982,8.377580405118808,8.377580389295273
h002_k20_eps0,0.02,20,0.0,207,4.14,0.09872630501161761,0.04508465818232744,0.006608591830087676,1.1361176762291531e-05,1.3333333401354062,8.37758040506205,8.377580389295277
h002_k20_eps0,0.02,20,0.0,208,4.16,0.07951271909493482,0.03750274820523357,0.004556137207227595,1.1248865895342192e-05,1.3333333623997001,8.377580405087466,8.377580389295279
h002_k20_eps0,0.02,20,0.0,209,4.18,0.07102180547968032,0.032176220683980974,0.0033417073227073836,1.1626688924937382e-05,1.3333332875160544,8.377580405199819,8.377580389295277
h002_k20_eps0,0.02,20,0.0,210,4.2,0.057467158524811254,0.028006061473389802,0.002533211316739485,1.1572260058442036e-05,1.3333333852076614,8.37758040523428,8.377580389295277
h002_k20_eps0,0.02,20,0.0,211,4.22,0.0844278331440107,0.025616326666428088,0.002352858558808595,1.1611923191711636e-05,1.3333333353691632,8.377580405296248,8.377580389295277
h002_k20_eps0,0.02,20,0.0,212,4.24,0.0738546380575881,0.027474891668664292,0.002531226500071988,1.1936055260097285e-05,1.3333333039354913,8.37758040538641,8.377580389295277
h002_k20_eps0,0.02,20,0.0,213,4.26,0.05584551311094825,0.031361510689363825,0.002737290156974603,1.1639868145400894e-05,1.3333333533996248,8.377580405396941,8.377580389295277
h002_k20_eps0,0.02,20,0.0,214,4.28,0.04313587851914444,0.03017099613360277,0.0023588647785422307,1.1125099009804642e-05,1.3333333237432552,8.37758040532938,8.377580389295277
h002_k20_eps0,0.02,20,0.0,215,4.3,0.10839067096450046,0.02337306386382488,0.0014616878342228324,1.1248539437011081e-05,1.3333333723444492,8.377580405390008,8.377580389295279
h002_k20_eps0,0.02,20,0.0,216,4.32,0.14384848002409392,0.010840658652126692,0.00029108497394731884,1.215796685034193e-05,1.3333332891990084,8.377580405614763,8.37758038929528
h002_k20_eps0,0.02,20,0.0,217,4.34,0.13345259190749978,0.035036489287587964,0.0014436724189738552,1.1932326295420159e-05,1.3333333941648275,8.377580405604137,8.37758038929528
h002_k20_eps0,0.02,20,0.0,218,4.36,0.10415717131665328,0.07028670169076053,0.007526661769239591,1.140844912289658e-05,1.33333330896003,8.377580405544773,8.377580389295282
h002_k20_eps0,0.02,20,0.0,219,4.38,0.08786176153886566,0.08238708251128746,0.013355427673467824,1.1349256485281177e-05,1.3333333033732973,8.37758040558195,8.377580389295282
h002_k20_eps0,0.02,20,0.0,220,4.4,0.08068863354671871,0.08068863354671871,0.017189272088867964,1.1147915859232881e-05,1.3333333927377207,8.377580405579662,8.377580389295284
h002_k20_eps0,0.02,20,0.0,221,4.42,0.077334187399026,0.077334187399026,0.019867150551747467,1.1240318542484866e-05,1.3333333037937198,8.37758040564713,8.37758038929528
h002_k20_eps0,0.02,20,0.0,222,4.44,0.08570748095893263,0.07291848477462645,0.020574550402284765,1.1275879455823624e-05,1.3333333252920276,8.377580405694383,8.37758038929528
h002_k20_eps0,0.02,20,0.0,223,4.46,0.15674995590183646,0.0687110530144659,0.017906455125542613,1.2313012016702346e-05,1.3333333739847677,8.377580405948855,8.377580389295282
h002_k20_eps0,0.02,20,0.0,224,4.48,0.15348721226701328,0.058108637166844224,0.011868122309069081,1.2389299665922327e-05,1.3333332861320057,8.3775804060031,8.377580389295282
h002_k20_eps0,0.02,20,0.0,225,4.5,0.1432632983438049,0.07888291443703002,0.012328053801849762,1.1865115682679279e-05,1.333333366138958,8.37758040594022,8.37758038929528
h002_k20_eps0,0.02,20,0.0,226,4.5200000000000005,0.13432608437470736,0.11179819054680905,0.01882636549923036,1.24176985371893e-05,1.3333333216696557,8.377580406093994,8.377580389295284
h002_k20_eps0,0.02,20,0.0,227,4.54,0.17254504975582613,0.08681600018941758,0.01353967223725215,1.2874339423789015e-05,1.3333333896914557,8.377580406228565,8.377580389295284
h002_k20_eps0,0.02,20,0.0,228,4.5600000000000005,0.1387098270866503,0.03745180018952723,0.0029767842032107873,1.2090097595682012e-05,1.333333308281071,8.377580406098746,8.377580389295284
h002_k20_eps0,0.02,20,0.0,229,4.58,0.10509993962807981,0.009000088038052238,0.0003237089420522266,1.1690437906694643e-05,1.3333333343696945,8.377580406075738,8.377580389295282
h002_k20_eps0,0.02,20,0.0,230,4.6000000000000005,0.10330907852254907,0.009543653299416914,0.0002749463292987227,1.13564666171155e-05,1.3333333812229715,8.37758040602174,8.377580389295282
h002_k20_eps0,0.02,20,0.0,231,4.62,0.05948058530442758,0.008525275388684915,0.00020874012137914617,1.1082263838310525e-05,1.3333332831076399,8.377580406041405,8.37758038929528
h002_k20_eps0,0.02,20,0.0,232,4.64,0.046628105143377216,0.006986601888723835,0.0001341290301002908,1.1268292650798124e-05,1.3333333539441354,8.37758040609542,8.377580389295282
h002_k20_eps0,0.02,20,0.0,233,4.66,0.09046452067116517,0.0035480789890436617,3.111421823158282e-05,1.190384808503903e-05,1.333333370531148,8.37758040627509,8.37758038929528
h002_k20_eps0,0.02,20,0.0,234,4.68,0.08266856259665727,0.007806709674281178,6.471097900362003e-05,1.2376031024869102e-05,1.3333332470919652,8.377580406403217,8.37758038929528
h002_k20_eps0,0.02,20,0.0,235,4.7,0.07350649372562224,0.017328215119572648,0.00037665913948738296,1.2275345849686645e-05,1.3333334045051024,8.377580406440245,8.377580389295279
h002_k20_eps0,0.02,20,0.0,236,4.72,0.07748804159178513,0.016040628755144663,0.00034839388616033355,1.1876846899495478e-05,1.3333333021245377,8.377580406400327,8.37758038929528
h002_k20_eps0,0.02,20,0.0,237,4.74,0.10432827769258071,0.005643162443209977,4.6955975697191275e-05,1.2645217329096214e-05,1.3333333930309093,8.377580406574438,8.37758038929528
h002_k20_eps0,0.02,20,0.0,238,4.76,0.06572589480903088,0.0002497882182574009,1.266086489544406e-07,1.2284468298400591e-05,1.3333333065486737,8.377580406564617,8.377580389295279
h002_k20_eps0,0.02,20,0.0,239,4.78,0.07950082906303858,0.0022157896412143933,6.255603806063661e-06,1.1831919950154138e-05,1.3333333633651008,8.377580406498506,8.377580389295279
h002_k20_eps0,0.02,20,0.0,240,4.8,0.13131200779904162,0.010830852994349355,0.0001478918554418509,1.2158473454411482e-05,1.3333333334261115,8.377580406602116,8.377580389295279
h002_k20_eps0,0.02,20,0.0,241,4.82,0.12812985191429174,0.04747416586983127,0.003117192720659635,1.2616669289304622e-05,1.33333328531816,8.377580406750258,8.377580389295279
h002_k20_eps0,0.02,20,0.0,242,4.84,0.11576622374249196,0.0924310508071197,0.014632426622145757,1.2617627336404456e-05,1.3333334053998618,8.377580406759533,8.377580389295279
h002_k20_eps0,0.02,20,0.0,243,4.86,0.10672086989632672,0.10672086989632672,0.029196744540673676,1.3012509028835101e-05,1.3333333321603473,8.377580406909164,8.377580389295279
h002_k20_eps0,0.02,20,0.0,244,4.88,0.12038796882604541,0.098848244996238,0.03558268511963422,1.3759853655395405e-05,1.3333332878743338,8.377580407083306,8.377580389295277
h002_k20_eps0,0.02,20,0.0,245,4.9,0.09347580839474975,0.09347580839474975,0.03601962525123333,1.378163009972112e-05,1.3333333631816464,8.377580407157545,8.377580389295277
h002_k20_eps0,0.02,20,0.0,246,4.92,0.09124445156773207,0.09124445156773207,0.035892075802737955,1.4079950122701796e-05,1.3333333160825254,8.377580407250983,8.377580389295277
h002_k20_eps0,0.02,20,0.0,247,4.94,0.09020347585605817,0.09020347585605817,0.035590089460247935,1.4127790846625241e-05,1.3333333272841883,8.377580407305151,8.377580389295279
h002_k20_eps0,0.02,20,0.0,248,4.96,0.1257441059522753,0.08915670267669717,0.03492513991490625,1.5051667932710013e-05,1.3333333926459454,8.377580407571514,8.377580389295279
h002_k20_eps0,0.02,20,0.0,249,4.98,0.14404059229300187,0.0871924590956595,0.040861736370207694,1.5067986543076545e-05,1.3333333036943376,8.377580407609967,8.37758038929528
h002_k20_eps0,0.02,20,0.0,250,5.0,0.13087180470492718,0.13087180470492718,0.06156096011852892,1.4611709061462233e-05,1.3333333362799742,8.377580407529498,8.377580389295279
h002_k20_eps0,0.02,20,0.0,251,5.0200000000000005,0.12901982325900627,0.12901982325900627,0.07437965380589642,1.4921627130102574e-05,1.333333321193349,8.377580407639188,8.37758038929528
h002_k20_eps0,0.02,20,0.0,252,5.04,0.15143478264439955,0.1217955160447666,0.06818136887562473,1.553104817479838e-05,1.3333333585329847,8.377580407829793,8.37758038929528
h002_k20_eps0,0.02,20,0.0,253,5.0600000000000005,0.13557459017041154,0.11154938140385234,0.056385697310992966,1.5136419754962951e-05,1.3333333227699766,8.377580407764016,8.37758038929528
h002_k20_eps0,0.02,20,0.0,254,5.08,0.13290486154210193,0.1050096767912722,0.055481361759085634,1.502494220610279e-05,1.3333333252209614,8.377580407777643,8.377580389295284
h002_k20_eps0,0.02,20,0.0,255,5.1000000000000005,0.13923828280261188,0.11852173729742531,0.05493376475840124,1.5284682664889486e-05,1.333333372716524,8.377580407868674,8.37758038929528
h002_k20_eps0,0.02,20,0.0,256,5.12,0.15003312544997643,0.09264380461833517,0.043867956031327496,1.5029417113190065e-05,1.3333332765289025,8.37758040783613,8.37758038929528
h002_k20_eps0,0.02,20,0.0,257,5.14,0.11336945875512125,0.07626445498407101,0.032484542611417394,1.45746824348617e-05,1.3333333481577179,8.377580407760172,8.37758038929528
h002_k20_eps0,0.02,20,0.0,258,5.16,0.10359366122718182,0.062210204136508476,0.02559736550736435,1.4534412223917605e-05,1.3333333706374326,8.377580407785816,8.37758038929528
h002_k20_eps0,0.02,20,0.0,259,5.18,0.1039355213993722,0.06028740700297752,0.020883116685954703,1.4650772969094309e-05,1.3333332917033276,8.377580407848919,8.377580389295284
h002_k20_eps0,0.02,20,0.0,260,5.2,0.08531409052228905,0.059852808559628386,0.018822274204996138,1.4575320219486612e-05,1.3333333812565056,8.377580407867764,8.377580389295284
h002_k20_eps0,0.02,20,0.0,261,5.22,0.13194980344135834,0.05975876189935455,0.018427431434591697,1.4646887931076428e-05,1.3333333555198195,8.377580407926134,8.377580389295282
h002_k20_eps0,0.02,20,0.0,262,5.24,0.11561539543571753,0.05935811742237989,0.018250663329400223,1.4690167884958829e-05,1.3333332836443126,8.377580407943649,8.37758038929528
h002_k20_eps0,0.02,20,0.0,263,5.26,0.10213529467457184,0.05787615519506805,0.019125902673229164,1.5102220141587965e-05,1.3333333651201336,8.37758040810673,8.377580389295282
h002_k20_eps0,0.02,20,0.0,264,5.28,0.08907528388237733,0.07435037780666637,0.02123686276623448,1.4638926403556905e-05,1.3333333270917125,8.377580408006883,8.377580389295282
h002_k20_eps0,0.02,20,0.0,265,5.3,0.11380244108284306,0.0774399901532377,0.020482946595386454,1.4526785402701666e-05,1.333333383506755,8.377580408008523,8.37758038929528
h002_k20_eps0,0.02,20,0.0,266,5.32,0.17120121457379728,0.0542689368662109,0.014654078161649792,1.53295310735144e-05,1.333333260820235,8.377580408249635,8.37758038929528
h002_k20_eps0,0.02,20,0.0,267,5.34,0.1167051494946276,0.04471874390281463,0.01051158751002386,1.4596323486509725e-05,1.3333334212638115,8.377580408103107,8.377580389295279
h002_k20_eps0,0.02,20,0.0,268,5.36,0.07929033363879033,0.04597181005831412,0.011086310931094079,1.4174409882732681e-05,1.33333328564224,8.377580408018321,8.37758038929528
h002_k20_eps0,0.02,20,0.0,269,5.38,0.05545203402175114,0.046237508606493144,0.011420558635887193,1.3902989214011482e-05,1.333333316092379,8.37758040800736,8.377580389295279
h002_k20_eps0,0.02,20,0.0,270,5.4,0.04807241371003046,0.04807241371003046,0.011384508508381894,1.3895491684828484e-05,1.3333334205384182,8.377580408014005,8.377580389295279
h002_k20_eps0,0.02,20,0.0,271,5.42,0.04890418657895642,0.04890418657895642,0.011249531433623384,1.4260305929846849e-05,1.333333316890806,8.377580408151726,8.37758038929528
h002_k20_eps0,0.02,20,0.0,272,5.44,0.04889266291137933,0.04889266291137933,0.011003081337464212,1.4464475147796875e-05,1.333333308420478,8.377580408218469,8.377580389295279
h002_k20_eps0,0.02,20,0.0,273,5.46,0.10434500517544909,0.04743367620762814,0.010169064610632403,1.5255710255495196e-05,1.3333333864693553,8.377580408472856,8.377580389295277
h002_k20_eps0,0.02,20,0.0,274,5.48,0.0871446627948924,0.04375560602419083,0.008606061150754444,1.557644415987849e-05,1.333333288668018,8.377580408554838,8.377580389295277
h002_k20_eps0,0.02,20,0.0,275,5.5,0.08023205432813342,0.04282780612435073,0.00773220222466201,1.4762794276935403e-05,1.3333333649800985,8.377580408392694,8.377580389295277
h002_k20_eps0,0.02,20,0.0,276,5.5200000000000005,0.12693188655538865,0.04378765611679961,0.008133214157994827,1.5668855434703467e-05,1.3333333207198812,8.377580408655689,8.377580389295277
h002_k20_eps0,0.02,20,0.0,277,5.54,0.07089157534818183,0.047420548825772575,0.009250572487641818,1.5088446212966514e-05,1.3333333731847765,8.377580408508557,8.377580389295277
h002_k20_eps0,0.02,20,0.0,278,5.5600000000000005,0.04958960479402899,0.04958960479402899,0.008992447236346337,1.4263763538668425e-05,1.333333288021171,8.377580408355431,8.377580389295277
h002_k20_eps0,0.02,20,0.0,279,5.58,0.08582437844351928,0.04791529064416306,0.007798756210987885,1.428338112808429e-05,1.3333333180664535,8.377580408381181,8.377580389295277
h002_k20_eps0,0.02,20,0.0,280,5.6000000000000005,0.12730117765813775,0.039315556545717986,0.005115669034437666,1.4969977129745697e-05,1.3333333954334439,8.377580408570239,8.377580389295277
h002_k20_eps0,0.02,20,0.0,281,5.62,0.10282875680932366,0.023024996755612762,0.002380385052483058,1.4789905283604814e-05,1.333333281209406,8.377580408552259,8.377580389295277
h002_k20_eps0,0.02,20,0.0,282,5.64,0.07492037915443045,0.01959033764111881,0.001613079508410894,1.4991279762155378e-05,1.3333333468436788,8.377580408626793,8.377580389295273
h002_k20_eps0,0.02,20,0.0,283,5.66,0.057394630096020596,0.019840217687734276,0.0015698758456529828,1.4757826640324613e-05,1.333333351337251,8.37758040859814,8.377580389295277
h002_k20_eps0,0.02,20,0.0,284,5.68,0.060842226571355344,0.020085917890541743,0.0017343240980749123,1.520989344583828e-05,1.3333332840385077,8.377580408740537,8.377580389295275
h002_k20_eps0,0.02,20,0.0,285,5.7,0.04390297803534894,0.0200541669035223,0.0019081860657515779,1.5193152471081349e-05,1.3333333758822716,8.377580408772229,8.377580389295277
h002_k20_eps0,0.02,20,0.0,286,5.72,0.11959906982699799,0.02022895482155211,0.0016911447982783704,1.5395720564944122e-05,1.3333333776900382,8.37758040885841,8.377580389295279
h002_k20_eps0,0.02,20,0.0,287,5.74,0.12760795287034876,0.018010872501950707,0.001133007415236985,1.5930276018720367e-05,1.3333333089091362,8.377580409007308,8.377580389295279
h002_k20_eps0,0.02,20,0.0,288,5.76,0.10232751435490972,0.024413765554595526,0.001053105570030252,1.5421908723253357e-05,1.3333333442243718,8.37758040891263,8.377580389295277
h002_k20_eps0,0.02,20,0.0,289,5.78,0.12154599857017206,0.023401809073225054,0.0007353731522949974,1.5150615693383063e-05,1.33333332892104,8.377580408852582,8.377580389295277
h002_k20_eps0,0.02,20,0.0,290,5.8,0.15842800864706758,0.007408564968811816,0.0001593450790265367,1.5178630531933744e-05,1.3333333698118108,8.377580408885466,8.37758038929528
h002_k20_eps0,0.02,20,0.0,291,5.82,0.15175936533738202,0.032632449681744925,0.0017773276151474956,1.5615482747809194e-05,1.3333332836705343,8.377580409032085,8.37758038929528
h002_k20_eps0,0.02,20,0.0,292,5.84,0.11595778698439428,0.08141841344319851,0.011255956915338972,1.4965945674755148e-05,1.3333333870950805,8.377580408888724,8.37758038929528
h002_k20_eps0,0.02,20,0.0,293,5.86,0.09766627717369217,0.09766627717369217,0.022512382643777588,1.4867433016186088e-05,1.3333333567976118,8.37758040887914,8.37758038929528
h002_k20_eps0,0.02,20,0.0,294,5.88,0.09203511665954636,0.09015511426813622,0.02726641550647764,1.5067689889334175e-05,1.3333332524736732,8.377580408957986,8.37758038929528
h002_k20_eps0,0.02,20,0.0,295,5.9,0.0879215418826522,0.0879215418826522,0.03034141867468844,1.4780506072767364e-05,1.3333333981881292,8.377580408912705,8.37758038929528
h002_k20_eps0,0.02,20,0.0,296,5.92,0.0870397836326774,0.0870397836326774,0.03211209878912798,1.4952664261203204e-05,1.3333333255779585,8.377580408990006,8.37758038929528
h002_k20_eps0,0.02,20,0.0,297,5.94,0.1167748286688433,0.08566752697945881,0.03170035352660033,1.5135244690803025e-05,1.3333333038162543,8.377580409058723,8.37758038929528
h002_k20_eps0,0.02,20,0.0,298,5.96,0.1561295223298299,0.08289683326189347,0.029413159555562927,1.6311879637771013e-05,1.3333334040825564,8.37758040938562,8.377580389295279
h002_k20_eps0,0.02,20,0.0,299,5.98,0.14275169543637806,0.08722749077083146,0.0339463052682749,1.5959438840116363e-05,1.3333333148021662,8.37758040931824,8.377580389295279
h002_k20_eps0,0.02,20,0.0,300,6.0,0.1285888307842739,0.1285888307842739,0.04860834834351693,1.579140892156313e-05,1.3333333217236916,8.377580409286807,8.37758038929528
