label,beta,cell,time,q,abs_q,hp_edge,hp_ahead_max,hp_ahead_energy
h001_k5_baseline,1.0,0,0.0,-0.002377728294224298,0.002377728294224298,0.0026182562735470385,7.199984915679235e-05,6.362425512200976e-09
h001_k5_baseline,1.0,1,0.01,0.0025342298682096767,0.0025342298682096767,0.004524464993554104,0.0001292392614326515,2.0519665489361728e-08
h001_k5_baseline,1.0,2,0.02,-0.0026506154183942097,0.0026506154183942097,0.003485955738107639,0.0001289811885246544,2.045711643305098e-08
h001_k5_baseline,1.0,3,0.03,0.0028216795588946932,0.0028216795588946932,0.0045209081876461995,0.00014343369894457292,2.5284784361113255e-08
h001_k5_baseline,1.0,4,0.04,-0.0029522394125991403,0.0029522394125991403,0.003507101030649796,0.00013181762967581719,2.1370572508519554e-08
h001_k5_baseline,1.0,5,0.05,0.0031379313126459795,0.0031379313126459795,0.004520739700652308,0.00014431540095423027,2.5597662920621502e-08
h001_k5_baseline,1.0,6,0.06,-0.0032852484502455493,0.0032852484502455493,0.003511401810243041,0.00013205085703192794,2.1446580211193453e-08
h001_k5_baseline,1.0,7,0.07,0.00348935709833362,0.00348935709833362,0.004519921111960539,0.0001444480260054453,2.5644827081857062e-08
h001_k5_baseline,1.0,8,0.08,-0.003656389473731207,0.003656389473731207,0.003513083834744813,0.0001320707331673085,2.1453072446510143e-08
h001_k5_baseline,1.0,9,0.09,0.003881679499646234,0.003881679499646234,0.004519116408584729,0.00014448358402966485,2.565746583729004e-08
h001_k5_baseline,1.0,10,0.1,-0.00407108986353279,0.00407108986353279,0.003515088282399607,0.00013209810630222379,2.1461967473553856e-08
h001_k5_baseline,1.0,11,0.11,0.004320109965775471,0.004320109965775471,0.004493061572825822,0.00014386344264321507,2.5437731564094405e-08
h001_k5_baseline,1.0,12,0.12,-0.004534348983001785,0.004534348983001785,0.0038351386330572118,0.00013993801074780414,2.4083286010096517e-08
h001_k5_baseline,1.0,13,0.13,0.004812135539306789,0.004812135539306789,0.0029654797112780135,0.00010581778462381948,1.3764725785599249e-08
h001_k5_baseline,1.0,14,0.14,-0.005060303046749573,0.005060303046749573,0.00532049447703262,0.00016240844059786847,3.2417211368276396e-08
h001_k5_baseline,1.0,15,0.15,0.005388426260909697,0.005388426260909697,0.006063833001377169,0.00020445574990270109,5.1390188022245004e-08
h001_k5_baseline,1.0,16,0.16,-0.005606281620213392,0.005606281620213392,0.007344825410531577,0.00024828434418265686,7.582724682512523e-08
h001_k5_baseline,1.0,17,0.17,0.005990112307305184,0.005990112307305184,0.006884962634104748,0.00024641324731182706,7.469053338647042e-08
h001_k5_baseline,1.0,18,0.18,-0.006212544267768568,0.006212544267768568,0.007476715399794334,0.0002632932609371003,8.530503389452297e-08
h001_k5_baseline,1.0,19,0.19,0.006658393178558118,0.006658393178558118,0.0069175767452369615,0.0002504717431859374,7.718191633181183e-08
h001_k5_baseline,1.0,20,0.2,-0.006873998852426587,0.006873998852426587,0.00776763805630007,0.00027316192250357067,9.182343959792407e-08
h001_k5_baseline,1.0,21,0.21,0.007347974293414088,0.007347974293414088,0.007488296957232954,0.00027010596018797305,8.976274656158918e-08
h001_k5_baseline,1.0,22,0.22,-0.007595217913499317,0.007595217913499317,0.008407015917962874,0.0002993101465858449,1.1026321760833232e-07
h001_k5_baseline,1.0,23,0.23,0.008106949108532283,0.008106949108532283,0.008008373786527715,0.00029201310465685126,1.04933062596791e-07
h001_k5_baseline,1.0,24,0.24,-0.00839264494917501,0.00839264494917501,0.008380496255642631,0.0003081460034084333,1.1689818863048228e-07
h001_k5_baseline,1.0,25,0.25,0.008974653540204314,0.008974653540204314,0.009480626910616128,0.0003316822599618704,1.3537630808113113e-07
h001_k5_baseline,1.0,26,0.26,-0.009281276418392981,0.009281276418392981,0.008156243012569186,0.0003310419771151395,1.3500023356881873e-07
h001_k5_baseline,1.0,27,0.27,0.009887222798912666,0.009887222798912666,0.008362816448719031,0.00029611196379366087,1.079098012685921e-07
h001_k5_baseline,1.0,28,0.28,-0.010215974262811879,0.010215974262811879,0.009587327339214552,0.00036115962346079677,1.6062263215577776e-07
h001_k5_baseline,1.0,29,0.29,0.010906636550747119,0.010906636550747119,0.011459778466091437,0.00040184231884169634,1.9876559341744473e-07
h001_k5_baseline,1.0,30,0.3,-0.01107894920403131,0.01107894920403131,0.012535264971434973,0.0005018763201110031,3.104567442016272e-07
h001_k5_baseline,1.0,31,0.31,0.011867879816182965,0.011867879816182965,0.0134502866854433,0.0005079160884731887,3.1786788539849595e-07
h001_k5_baseline,1.0,32,0.32,-0.011980853357271809,0.011980853357271809,0.013578964542215279,0.0005815379850021063,4.172151386519241e-07
h001_k5_baseline,1.0,33,0.33,0.012834207812258953,0.012834207812258953,0.014105860134483898,0.0005560638137184154,3.8122597120154384e-07
h001_k5_baseline,1.0,34,0.34,-0.012912846024656765,0.012912846024656765,0.014354402013636178,0.0006288313054732467,4.880380447500398e-07
h001_k5_baseline,1.0,35,0.35000000000000003,0.013808969380830198,0.013808969380830198,0.015200931630932281,0.0006109955054212078,4.604374795142404e-07
h001_k5_baseline,1.0,36,0.36,-0.013816287801943921,0.013816287801943921,0.015916801612591455,0.0007067349767337542,6.167048366126281e-07
h001_k5_baseline,1.0,37,0.37,0.014774443642308756,0.014774443642308756,0.015752134872144195,0.000671437519310881,5.564277721469606e-07
h001_k5_baseline,1.0,38,0.38,-0.014796591835302506,0.014796591835302506,0.017201287180118034,0.000757839132530189,7.092984436454844e-07
h001_k5_baseline,1.0,39,0.39,0.015845715877557745,0.015845715877557745,0.018025752529886346,0.0007829483342226597,7.569553350882192e-07
h001_k5_baseline,1.0,40,0.4,-0.01585230466734104,0.01585230466734104,0.017163508348250443,0.0008183893133542343,8.279737028433229e-07
h001_k5_baseline,1.0,41,0.41000000000000003,0.016929591524959764,0.016929591524959764,0.017462451553744374,0.0007828065423899935,7.570355449915824e-07
h001_k5_baseline,1.0,42,0.42,-0.016920534016265996,0.016920534016265996,0.018531517432229902,0.0008641967110523396,9.232335609209376e-07
h001_k5_baseline,1.0,43,0.43,0.018057467779579277,0.018057467779579277,0.02043970815292398,0.0009131274547961401,1.030382075950062e-06
h001_k5_baseline,1.0,44,0.44,-0.017601043671251926,0.017601043671251926,0.021886861803593848,0.0010804145346595194,1.4445670966159333e-06
h001_k5_baseline,1.0,45,0.45,0.018780245434532373,0.018780245434532373,0.023022983204435604,0.0011142637010820903,1.5366278075381317e-06
h001_k5_baseline,1.0,46,0.46,-0.018027037990947986,0.018027037990947986,0.023349217200713774,0.0012646620605721868,1.9825309340020043e-06
h001_k5_baseline,1.0,47,0.47000000000000003,0.01926966250890423,0.01926966250890423,0.02382462092874949,0.0012381104445345532,1.8997972314763684e-06
h001_k5_baseline,1.0,48,0.48,-0.018319282710554413,0.018319282710554413,0.02402149061220205,0.0013765091948213968,2.3512503280599514e-06
h001_k5_baseline,1.0,49,0.49,0.019567849720142888,0.019567849720142888,0.025082870203434984,0.0013309893714367885,2.197099904907363e-06
h001_k5_baseline,1.0,50,0.5,-0.018190074847725446,0.018190074847725446,0.025240298748551982,0.0015335702890744425,2.921389898124009e-06
h001_k5_baseline,1.0,51,0.51,0.019383873763473926,0.019383873763473926,0.02492538801771082,0.0013986517316539513,2.4287598957906293e-06
h001_k5_baseline,1.0,52,0.52,-0.017681389656203868,0.017681389656203868,0.026983977059900324,0.0016472806164184782,3.372345883589717e-06
h001_k5_baseline,1.0,53,0.53,0.018836259421543877,0.018836259421543877,0.02662676576832632,0.001546183149425416,2.970611618933953e-06
h001_k5_baseline,1.0,54,0.54,-0.016943196437011494,0.016943196437011494,0.02649363696161697,0.0017342302934328822,3.742228420448142e-06
h001_k5_baseline,1.0,55,0.55,0.01804302276194378,0.01804302276194378,0.02551771478271078,0.0015427685468346595,2.9597168132330362e-06
h001_k5_baseline,1.0,56,0.56,-0.01606859550277476,0.01606859550277476,0.02685486720627725,0.0017299641207576591,3.7236950045561234e-06
h001_k5_baseline,1.0,57,0.5700000000000001,0.01709860765132923,0.01709860765132923,0.02726300390258739,0.0016182107146532486,3.255996406029315e-06
h001_k5_baseline,1.0,58,0.58,-0.014319463738934191,0.014319463738934191,0.028994393032833393,0.0019090097226089067,4.53702949928625e-06
h001_k5_baseline,1.0,59,0.59,0.015215975682779093,0.015215975682779093,0.02869762261656764,0.0017985233384585865,4.026889900323094e-06
h001_k5_baseline,1.0,60,0.6,-0.012006539874092597,0.012006539874092597,0.02885679997622112,0.0020274291233115466,5.124346799717101e-06
h001_k5_baseline,1.0,61,0.61,0.012868410313312055,0.012868410313312055,0.02791373844844866,0.0018567347424704608,4.296510786940153e-06
h001_k5_baseline,1.0,62,0.62,-0.009724377652108873,0.009724377652108873,0.027477381249986846,0.0019448750795355353,4.717024764364496e-06
h001_k5_baseline,1.0,63,0.63,0.010508171909833781,0.010508171909833781,0.027973788782413956,0.0018181008316149232,4.11797510883972e-06
h001_k5_baseline,1.0,64,0.64,-0.007291394883852079,0.007291394883852079,0.025621289061614805,0.00184056091646716,4.223983600690752e-06
h001_k5_baseline,1.0,65,0.65,0.008017950961556077,0.008017950961556077,0.02581123183367524,0.001646555347959786,3.3753658368516523e-06
h001_k5_baseline,1.0,66,0.66,-0.004670634118036161,0.004670634118036161,0.02509595361926445,0.001684981010734485,3.5353751415688207e-06
h001_k5_baseline,1.0,67,0.67,0.005357141365164926,0.005357141365164926,0.024911376573214693,0.001521179310113306,2.8776336517194863e-06
h001_k5_baseline,1.0,68,0.68,-0.0021737642607133146,0.0021737642607133146,0.022075498538174546,0.001464957145846844,2.670007187583889e-06
h001_k5_baseline,1.0,69,0.6900000000000001,0.0028294450722366545,0.0028294450722366545,0.021043470747199346,0.0012310441284978518,1.8819693777142024e-06
h001_k5_baseline,1.0,70,0.7000000000000001,3.704615600476444e-05,3.704615600476444e-05,0.019407486179098887,0.0011508738479687457,1.6440937507174573e-06
h001_k5_baseline,1.0,71,0.71,0.0005357255547064673,0.0005357255547064673,0.019340199350380574,0.001003612244194888,1.2478425412758572e-06
h001_k5_baseline,1.0,72,0.72,0.002724043682676444,0.002724043682676444,0.018605809339117502,0.001001041653660537,1.2414680566431797e-06
h001_k5_baseline,1.0,73,0.73,-0.002265579442824436,0.002265579442824436,0.017066221229018522,0.00083666443333261,8.660878175287561e-07
h001_k5_baseline,1.0,74,0.74,0.0056161332265134666,0.0056161332265134666,0.015619388699994236,0.000814815493029711,8.215724570790498e-07
h001_k5_baseline,1.0,75,0.75,-0.005218963311076571,0.005218963311076571,0.011582329993892734,0.0005596877934828642,3.871220398945698e-07
h001_k5_baseline,1.0,76,0.76,0.00828047608251641,0.00828047608251641,0.011452431342855141,0.0005217650741593075,3.361143309067745e-07
h001_k5_baseline,1.0,77,0.77,-0.008049909103222608,0.008049909103222608,0.007586773157072105,0.0003322833372184069,1.3615568987813788e-07
h001_k5_baseline,1.0,78,0.78,0.010763284984629543,0.010763284984629543,0.005634528654156385,0.00024885590997637564,7.632786133911307e-08
h001_k5_baseline,1.0,79,0.79,-0.010730201692963705,0.010730201692963705,0.0019080204376932478,9.169548697229102e-05,1.0355814350227691e-08
h001_k5_baseline,1.0,80,0.8,0.01343806655902057,0.01343806655902057,0.0015177376805262995,6.417038666349296e-05,5.066146993687213e-09
h001_k5_baseline,1.0,81,0.81,-0.013593997453797423,0.013593997453797423,0.002133219754213049,5.175391045650557e-05,3.2863891501560766e-09
h001_k5_baseline,1.0,82,0.8200000000000001,0.016134563560209363,0.016134563560209363,0.00443920834128001,0.0001268844495810773,1.9776894422618604e-08
h001_k5_baseline,1.0,83,0.8300000000000001,-0.016438244966558904,0.016438244966558904,0.008408529778629957,0.00027437064167290455,9.256914554942295e-08
h001_k5_baseline,1.0,84,0.84,0.018780709369593043,0.018780709369593043,0.01040204109034277,0.00035082783266909,1.5141086864561143e-07
h001_k5_baseline,1.0,85,0.85,-0.019156826544652665,0.019156826544652665,0.0113589006464826,0.0004326324511151738,2.3056344443450084e-07
h001_k5_baseline,1.0,86,0.86,0.02157276063069249,0.02157276063069249,0.013406099000019562,0.000498889494927973,3.065723729845339e-07
h001_k5_baseline,1.0,87,0.87,-0.022085661699331682,0.022085661699331682,0.0128556995926364,0.0005346953920845589,3.526018882736075e-07
h001_k5_baseline,1.0,88,0.88,0.024360876601290476,0.024360876601290476,0.017441834235933786,0.0006637063660486574,5.430183056763218e-07
h001_k5_baseline,1.0,89,0.89,-0.024797142917456935,0.024797142917456935,0.017910224573214232,0.0008045358173973281,7.994711108031902e-07
h001_k5_baseline,1.0,90,0.9,0.026909305017725385,0.026909305017725385,0.02101972150182495,0.0008988514148381229,9.978401015138691e-07
h001_k5_baseline,1.0,91,0.91,-0.027309492028847103,0.027309492028847103,0.021529094517720768,0.0010703742023575127,1.417789280732821e-06
h001_k5_baseline,1.0,92,0.92,0.029138129270440107,0.029138129270440107,0.02594653431454171,0.001217121932168679,1.8331706487510113e-06
h001_k5_baseline,1.0,93,0.93,-0.02924859764200289,0.02924859764200289,0.026057223607655267,0.001477575258067236,2.7087771880449695e-06
h001_k5_baseline,1.0,94,0.9400000000000001,0.03091951502728848,0.03091951502728848,0.028643294174096386,0.0015570436504653915,3.0088274580026624e-06
h001_k5_baseline,1.0,95,0.9500000000000001,-0.03081340084358437,0.03081340084358437,0.0292207328371398,0.0018459588255948336,4.238775165745173e-06
h001_k5_baseline,1.0,96,0.96,0.03238918554103599,0.03238918554103599,0.03233099459082943,0.0019478821456770242,4.7212690831542995e-06
h001_k5_baseline,1.0,97,0.97,-0.03146378674756036,0.03146378674756036,0.03539772393119143,0.0025005907866017755,7.80238216503732e-06
h001_k5_baseline,1.0,98,0.98,0.03281304406587218,0.03281304406587218,0.03628112828055978,0.002608285254789203,8.503232855262404e-06
h001_k5_baseline,1.0,99,0.99,-0.030809333515641357,0.030809333515641357,0.03892648302793178,0.0032961580044915213,1.3624086884846122e-05
h001_k5_baseline,1.0,100,1.0,0.031787709942566175,0.031787709942566175,0.0369849070428639,0.003298857037209635,1.3679674059135076e-05
h001_k5_baseline,1.0,101,1.01,-0.029242083896202063,0.029242083896202063,0.03929298894929161,0.0038752183382985625,1.8923589748526132e-05
h001_k5_baseline,1.0,102,1.02,0.029922646473597728,0.029922646473597728,0.039494139991337135,0.003907996491968146,1.9276979830107638e-05
h001_k5_baseline,1.0,103,1.03,-0.025938202165432404,0.025938202165432404,0.04197684073948565,0.004688881234448561,2.7828692621469152e-05
h001_k5_baseline,1.0,104,1.04,0.026000770775110045,0.026000770775110045,0.04031372075915851,0.0047087162642643066,2.8142241980204113e-05
h001_k5_baseline,1.0,105,1.05,-0.020845100233641896,0.020845100233641896,0.043822233979558124,0.005528647215257794,3.890620312488379e-05
h001_k5_baseline,1.0,106,1.06,0.020331629113816814,0.020331629113816814,0.04194647536176217,0.005598440838837727,4.001150079330163e-05
h001_k5_baseline,1.0,107,1.07,-0.013672451244901133,0.013672451244901133,0.045354998607642444,0.0064749153859710445,5.37058572963867e-05
h001_k5_baseline,1.0,108,1.08,0.012584556438755612,0.012584556438755612,0.04249202442554075,0.006410612165498575,5.281157523251707e-05
h001_k5_baseline,1.0,109,1.09,-0.005475001343893395,0.005475001343893395,0.04394726622702487,0.00697834739497836,6.275147656896728e-05
h001_k5_baseline,1.0,110,1.1,0.003966679756214167,0.003966679756214167,0.042670898983009645,0.006813390091768826,5.989500653735035e-05
h001_k5_baseline,1.0,111,1.11,0.00432647111929432,0.00432647111929432,0.043563433475086864,0.007290390915280553,6.870909011870118e-05
h001_k5_baseline,1.0,112,1.12,-0.006266687124077025,0.006266687124077025,0.04213772856130057,0.006999726408392516,6.337459324450598e-05
h001_k5_baseline,1.0,113,1.1300000000000001,0.015196082051406577,0.015196082051406577,0.04109550279901559,0.007203309583760339,6.721090026858437e-05
h001_k5_baseline,1.0,114,1.1400000000000001,-0.017114213285205702,0.017114213285205702,0.03724222888505154,0.006430782702429345,5.353428506904037e-05
h001_k5_baseline,1.0,115,1.1500000000000001,0.024899494272611702,0.024899494272611702,0.03521144337375482,0.005981344339089416,4.622064543387926e-05
h001_k5_baseline,1.0,116,1.16,-0.026645957233262147,0.026645957233262147,0.03276656184872516,0.005031896076966465,3.255549614251678e-05
h001_k5_baseline,1.0,117,1.17,0.03405437707234131,0.03405437707234131,0.030036579762240716,0.004410551864046943,2.49086803707785e-05
h001_k5_baseline,1.0,118,1.18,-0.0356179638134282,0.0356179638134282,0.026219955920320226,0.0034088243150059276,1.4790556800562607e-05
h001_k5_baseline,1.0,119,1.19,0.04212744275188361,0.04212744275188361,0.02305971585367914,0.0027232890046261777,9.388812394566043e-06
h001_k5_baseline,1.0,120,1.2,-0.04349175038288447,0.04349175038288447,0.018719225284254373,0.0019055814982502613,4.568013981124962e-06
h001_k5_baseline,1.0,121,1.21,0.049215817782249614,0.049215817782249614,0.014523939157791694,0.0013390295482814177,2.244586821390904e-06
h001_k5_baseline,1.0,122,1.22,-0.050656388217262954,0.050656388217262954,0.007557834458429749,0.0006670795598429337,5.548823191220329e-07
h001_k5_baseline,1.0,123,1.23,0.055328258128243116,0.055328258128243116,0.0031673109756433547,0.000277955440337616,9.603872782315156e-08
h001_k5_baseline,1.0,124,1.24,-0.05706401262926541,0.05706401262926541,0.0067769962745989065,8.878043650555001e-05,9.598121015742135e-09
h001_k5_baseline,1.0,125,1.25,0.06157230792648311,0.06157230792648311,0.01020948658667816,0.0003097973864804229,1.1793180222394626e-07
h001_k5_baseline,1.0,126,1.26,-0.06321400345050868,0.06321400345050868,0.017953889824556944,0.0006329018782778863,4.933285637018204e-07
h001_k5_baseline,1.0,127,1.27,0.06753795854032549,0.06753795854032549,0.024623698545759413,0.0009615690528017619,1.1407234389338617e-06
h001_k5_baseline,1.0,128,1.28,-0.06798587122059035,0.06798587122059035,0.033888430342001966,0.001689146214703775,3.534125244701832e-06
h001_k5_baseline,1.0,129,1.29,0.07140132478982686,0.07140132478982686,0.03786706983843485,0.0021365714745111676,5.673375067078577e-06
h001_k5_baseline,1.0,130,1.3,-0.06980205802278236,0.06980205802278236,0.04273868272784418,0.0031978198801083536,1.2781380553212413e-05
h001_k5_baseline,1.0,131,1.31,0.07175935396052764,0.07175935396052764,0.04599427070148048,0.0037716623688511287,1.78609865016857e-05
h001_k5_baseline,1.0,132,1.32,-0.06790691395727556,0.06790691395727556,0.04789570705019587,0.005276184719892996,3.5208752632551956e-05
h001_k5_baseline,1.0,133,1.33,0.06785635953709503,0.06785635953709503,0.04998201975288033,0.006088183245037294,4.719057206566224e-05
h001_k5_baseline,1.0,134,1.34,-0.06219263809175972,0.06219263809175972,0.051642308129787005,0.007828760074633786,7.87488946740537e-05
h001_k5_baseline,1.0,135,1.35,0.06016079619175234,0.06016079619175234,0.05305357033968678,0.008829221033000276,0.00010092728207592083
h001_k5_baseline,1.0,136,1.36,-0.052639816825648444,0.052639816825648444,0.05570293354702019,0.011101848508137474,0.00016128782940386457
h001_k5_baseline,1.0,137,1.37,0.0481712286556726,0.0481712286556726,0.05600091473969878,0.012496884630044999,0.00020657426478267217
h001_k5_baseline,1.0,138,1.3800000000000001,-0.03882068294665507,0.03882068294665507,0.05730705102223845,0.015271726811779756,0.0003126260560264442
h001_k5_baseline,1.0,139,1.3900000000000001,0.032273254509465596,0.032273254509465596,0.05495495111412245,0.016987454876732998,0.0003926076865901563
h001_k5_baseline,1.0,140,1.4000000000000001,-0.021654536827979617,0.021654536827979617,0.05495206369217903,0.019700332022301145,0.0005363447293488753
h001_k5_baseline,1.0,141,1.41,0.013936164699293267,0.013936164699293267,0.05440225225401709,0.021496846293755752,0.0006490997974134976
h001_k5_baseline,1.0,142,1.42,0.00018320162382236098,0.00018320162382236098,0.05592567107067888,0.0243685000305884,0.0008483517657335921
h001_k5_baseline,1.0,143,1.43,-0.00838437013187663,0.00838437013187663,0.05322353551159749,0.026051269323890465,0.0009890085609913439
h001_k5_baseline,1.0,144,1.44,0.02361455721193776,0.02361455721193776,0.05149585060481701,0.02785965361443266,0.001152595848507939
h001_k5_baseline,1.0,145,1.45,-0.030389559230218948,0.030389559230218948,0.04755744690864815,0.028118995962385943,0.001195365180137912
h001_k5_baseline,1.0,146,1.46,0.04415720944487168,0.04415720944487168,0.04586814780833089,0.028082038964823062,0.0012064591831766206
h001_k5_baseline,1.0,147,1.47,-0.04912221050022107,0.04912221050022107,0.041921513001111375,0.026539611496673686,0.001086269612258119
h001_k5_baseline,1.0,148,1.48,0.0595655634913002,0.0595655634913002,0.03882716966049935,0.024517186330236,0.0009255191717244745
h001_k5_baseline,1.0,149,1.49,-0.06358015007594113,0.06358015007594113,0.03434092002066508,0.021459495359688035,0.0007032885875081098
h001_k5_baseline,1.0,150,1.5,0.071783825827187,0.071783825827187,0.03040464261170575,0.018139401382945963,0.0004938964938110658
h001_k5_baseline,1.0,151,1.51,-0.07548758387423138,0.07548758387423138,0.02519033085778457,0.014225254627480005,0.00029712237479937955
h001_k5_baseline,1.0,152,1.52,0.08220808862313458,0.08220808862313458,0.02005132447210365,0.010443540145292352,0.00015589798138648166
h001_k5_baseline,1.0,153,1.53,-0.08592391783528297,0.08592391783528297,0.015370129804627812,0.006648374391570104,6.156213176833151e-05
h001_k5_baseline,1.0,154,1.54,0.09145419659924722,0.09145419659924722,0.017332428296942436,0.0036247428502573934,1.7856251738331044e-05
h001_k5_baseline,1.0,155,1.55,-0.09497933611583488,0.09497933611583488,0.017500145467599516,0.0013975152391533575,2.6234628152910717e-06
h001_k5_baseline,1.0,156,1.56,0.10009286986989638,0.10009286986989638,0.024623679692827413,5.184996774507981e-05,5.687266011376414e-09
h001_k5_baseline,1.0,157,1.57,-0.10251945896204073,0.10251945896204073,0.030531061007873294,0.0010002082893017217,1.2242281957455395e-06
h001_k5_baseline,1.0,158,1.58,0.10636217574055515,0.10636217574055515,0.04143426352252565,0.0018323739786200847,4.151930849485019e-06
h001_k5_baseline,1.0,159,1.59,-0.10507528121822653,0.10507528121822653,0.04365424361572254,0.0031665688269116705,1.2514586497912682e-05
h001_k5_baseline,1.0,160,1.6,0.10597655880718516,0.10597655880718516,0.05181154216045703,0.004084779690958575,2.0940676304054642e-05
h001_k5_baseline,1.0,161,1.61,-0.09950937721793354,0.09950937721793354,0.05132697010628286,0.006157265888963999,4.809073040535703e-05
h001_k5_baseline,1.0,162,1.62,0.0965371976529405,0.0965371976529405,0.05304526197535014,0.0073235918168646115,6.865673033088835e-05
h001_k5_baseline,1.0,163,1.6300000000000001,-0.0858798443097824,0.0858798443097824,0.05530573517184415,0.009637213524511938,0.00012033273849225231
h001_k5_baseline,1.0,164,1.6400000000000001,0.0799057241781037,0.0799057241781037,0.053289972306532464,0.01071638884609026,0.0001504494000349384
h001_k5_baseline,1.0,165,1.6500000000000001,-0.06719127877090729,0.06719127877090729,0.05243501484973725,0.012532545485123569,0.00020814158688848877
h001_k5_baseline,1.0,166,1.6600000000000001,0.0594672949481379,0.0594672949481379,0.049794488041630246,0.013046764590557007,0.00022768727265799136
h001_k5_baseline,1.0,167,1.67,-0.04389247369047809,0.04389247369047809,0.05005842675012867,0.014334062533166556,0.0002769565393405487
h001_k5_baseline,1.0,168,1.68,0.03446818697882549,0.03446818697882549,0.04616884197760795,0.01440162296404792,0.0002815958655883594
h001_k5_baseline,1.0,169,1.69,-0.017274137743387895,0.017274137743387895,0.045644317471852644,0.01489079712993975,0.0003024079962153995
h001_k5_baseline,1.0,170,1.7,0.007769260394299645,0.007769260394299645,0.041147275251287384,0.01409437101213667,0.0002718525236036213
h001_k5_baseline,1.0,171,1.71,0.010647230346056896,0.010647230346056896,0.04279488398786438,0.013829387368081458,0.00026113205658112614
h001_k5_baseline,1.0,172,1.72,-0.019944994375793494,0.019944994375793494,0.038200355469100236,0.012688849071356225,0.00021943421540191987
h001_k5_baseline,1.0,173,1.73,0.03807339998425619,0.03807339998425619,0.03839351562776105,0.011809010547812743,0.00018901820465952842
h001_k5_baseline,1.0,174,1.74,-0.04501311397597647,0.04501311397597647,0.0329197213079925,0.01008551622090398,0.00013707840352948118
h001_k5_baseline,1.0,175,1.75,0.059375813054696504,0.059375813054696504,0.030234378517783607,0.008462891553334477,9.565931264388604e-05
h001_k5_baseline,1.0,176,1.76,-0.06334398434256384,0.06334398434256384,0.023687394310505427,0.006246094302456366,5.157843696869022e-05
h001_k5_baseline,1.0,177,1.77,0.0728538618564412,0.0728538618564412,0.01834286316288382,0.004300381736109206,2.4148811508848848e-05
h001_k5_baseline,1.0,178,1.78,-0.07595120030053674,0.07595120030053674,0.01027153557051472,0.0023669621556278372,7.233343619489021e-06
h001_k5_baseline,1.0,179,1.79,0.0820669158295849,0.0820669158295849,0.008098171870194749,0.0009555475717500227,1.171239640650286e-06
h001_k5_baseline,1.0,180,1.8,-0.08558132403773408,0.08558132403773408,0.012158678196705224,3.797686322734541e-05,2.39740821155718e-09
h001_k5_baseline,1.0,181,1.81,0.09102117426735329,0.09102117426735329,0.02246563295871371,0.0006082789477456692,4.535947185863111e-07
h001_k5_baseline,1.0,182,1.82,-0.09371268829065635,0.09371268829065635,0.028915401723107158,0.0012771727873944923,2.015115343370064e-06
h001_k5_baseline,1.0,183,1.83,0.09839519476819296,0.09839519476819296,0.041998920518435214,0.0020193112161279955,5.053873953220033e-06
h001_k5_baseline,1.0,184,1.84,-0.09782879502657682,0.09782879502657682,0.0441032948395368,0.003404506426199327,1.4488617489285713e-05
h001_k5_baseline,1.0,185,1.85,0.10044852718683314,0.10044852718683314,0.051048063240627314,0.004249795325927531,2.2701336689036465e-05
h001_k5_baseline,1.0,186,1.86,-0.09677587305539363,0.09677587305539363,0.05119674935572196,0.006242423930104368,4.9475877192812883e-05
h001_k5_baseline,1.0,187,1.87,0.09653745086462079,0.09653745086462079,0.05394441452312885,0.007512718964371846,7.22970589532533e-05
h001_k5_baseline,1.0,188,1.8800000000000001,-0.08974980475882688,0.08974980475882688,0.05862140236907001,0.010274120379925164,0.0001369212951014095
h001_k5_baseline,1.0,189,1.8900000000000001,0.08569492957983238,0.08569492957983238,0.05958627394772996,0.012352878665286513,0.00020063383343163125
h001_k5_baseline,1.0,190,1.9000000000000001,-0.07535527251563787,0.07535527251563787,0.06145636596999702,0.016108848856975222,0.00034726543893711834
h001_k5_baseline,1.0,191,1.9100000000000001,0.06726668039675474,0.06726668039675474,0.05905353696636813,0.018936657162135415,0.0004897740337723697
h001_k5_baseline,1.0,192,1.92,-0.05357833152825504,0.05357833152825504,0.06032379698380699,0.023149001247778404,0.0007488495144387659
h001_k5_baseline,1.0,193,1.93,0.04171816579091098,0.04171816579091098,0.05833542732848301,0.026315999443268005,0.0009941103597828104
h001_k5_baseline,1.0,194,1.94,-0.024454175502678702,0.024454175502678702,0.05813217517655815,0.03011071502432827,0.001338088611206359
h001_k5_baseline,1.0,195,1.95,0.011159806089557342,0.011159806089557342,0.053626799225816486,0.03231494067601031,0.001590505429794157
h001_k5_baseline,1.0,196,1.96,0.007582687862486779,0.007582687862486779,0.05303204833480189,0.0342305727716382,0.0018337114681921014
h001_k5_baseline,1.0,197,1.97,-0.019687555066706573,0.019687555066706573,0.05031343188136485,0.03490339254117852,0.0019564419400545908
h001_k5_baseline,1.0,198,1.98,0.038217109967023,0.038217109967023,0.048037090917925324,0.03499474138610383,0.002006640356808618
h001_k5_baseline,1.0,199,1.99,-0.04609264872379781,0.04609264872379781,0.043927625806701405,0.0336198377515663,0.001881151738670942
h001_k5_baseline,1.0,200,2.0,0.06080146354389561,0.06080146354389561,0.04090565038588583,0.03175183014064903,0.0016855083270713156
h001_k5_baseline,1.0,201,2.0100000000000002,-0.06559451868545949,0.06559451868545949,0.03654591844727685,0.028683414028870678,0.0013711024966156587
h001_k5_baseline,1.0,202,2.02,0.0767146065988808,0.0767146065988808,0.03342164429857276,0.02538883591053178,0.0010569664566483002
h001_k5_baseline,1.0,203,2.0300000000000002,-0.08048259258285204,0.08048259258285204,0.02872773923980405,0.021165758952307785,0.0007183886540672799
h001_k5_baseline,1.0,204,2.04,0.08892788631778364,0.08892788631778364,0.02437936929666649,0.01684291903781809,0.0004409681764510198
h001_k5_baseline,1.0,205,2.05,-0.09241129371752194,0.09241129371752194,0.021943741680388668,0.012003130405698512,0.000216751971577575
h001_k5_baseline,1.0,206,2.06,0.09934835975699288,0.09934835975699288,0.029702476691811606,0.007700629532341471,8.615939456268839e-05
h001_k5_baseline,1.0,207,2.07,-0.10253276855593338,0.10253276855593338,0.027643728401801314,0.0038686046068451057,2.1196105492567334e-05
h001_k5_baseline,1.0,208,2.08,0.10844838170546092,0.10844838170546092,0.038920106774715885,0.0011722553729679615,1.989717994679011e-06
h001_k5_baseline,1.0,209,2.09,-0.10942894505048334,0.10942894505048334,0.04139785868936028,0.0010233497678931837,1.2360018441363842e-06
h001_k5_baseline,1.0,210,2.1,0.11319695235621297,0.11319695235621297,0.04928371497703232,0.002249627798803156,6.241143820378799e-06
h001_k5_baseline,1.0,211,2.11,-0.1107341149322346,0.1107341149322346,0.04899434990993233,0.0041131133858123125,2.1184839402545362e-05
h001_k5_baseline,1.0,212,2.12,0.11127088502935734,0.11127088502935734,0.055352989770045324,0.005386385723684762,3.66463162885819e-05
h001_k5_baseline,1.0,213,2.13,-0.10391585041475201,0.10391585041475201,0.05614736177902214,0.00794740694411678,8.081653019862008e-05
h001_k5_baseline,1.0,214,2.14,0.1004639485310957,0.1004639485310957,0.05793888881692407,0.009753289261330062,0.0001231985473421436
h001_k5_baseline,1.0,215,2.15,-0.08841327093335127,0.08841327093335127,0.059327601762322116,0.012918685936516796,0.00021966385926496348
h001_k5_baseline,1.0,216,2.16,0.08233978548243708,0.08233978548243708,0.056632382362908004,0.014855101740400247,0.00029526123986172825
h001_k5_baseline,1.0,217,2.17,-0.06787670432859212,0.06787670432859212,0.05570504478003239,0.017628931035409932,0.0004228907040088907
h001_k5_baseline,1.0,218,2.18,0.06014207083501686,0.06014207083501686,0.052904936178816836,0.019276404169034075,0.0005142172787736318
h001_k5_baseline,1.0,219,2.19,-0.04202185603634241,0.04202185603634241,0.05414954193144429,0.02153466033076308,0.0006516462422546931
h001_k5_baseline,1.0,220,2.2,0.03268610173493187,0.03268610173493187,0.051060289773523,0.022685914851793245,0.0007351160945035087
h001_k5_baseline,1.0,221,2.21,-0.01202013667969317,0.01202013667969317,0.050477451848541015,0.023879828071583356,0.0008253138996792021
h001_k5_baseline,1.0,222,2.22,0.0011190625562772756,0.0011190625562772756,0.047444304684947244,0.024071680036428414,0.0008482566944072956
h001_k5_baseline,1.0,223,2.23,0.02311002557351262,0.02311002557351262,0.04590083022913698,0.024278686454901555,0.0008695801374486523
h001_k5_baseline,1.0,224,2.24,-0.032932248722484236,0.032932248722484236,0.04035766256425798,0.022819825840435452,0.000773123723850801
h001_k5_baseline,1.0,225,2.25,0.05365444660544944,0.05365444660544944,0.03727009814418087,0.02098766076538764,0.0006525228308665196
h001_k5_baseline,1.0,226,2.2600000000000002,-0.060554896595279614,0.060554896595279614,0.03189385768448203,0.01783703926806768,0.00046804911701990056
h001_k5_baseline,1.0,227,2.27,0.07519638544389617,0.07519638544389617,0.02746792603725346,0.014582847334344966,0.0003076954484967839
h001_k5_baseline,1.0,228,2.2800000000000002,-0.07953864276874492,0.07953864276874492,0.021277654896706615,0.010722363918482572,0.0001630997081162727
h001_k5_baseline,1.0,229,2.29,0.0887976517603217,0.0887976517603217,0.015456751731147148,0.007215890261191909,7.213014734126442e-05
h001_k5_baseline,1.0,230,2.3000000000000003,-0.09256517401466637,0.09256517401466637,0.015222734112645561,0.003924111179114081,2.089533236898011e-05
h001_k5_baseline,1.0,231,2.31,0.09934848192968775,0.09934848192968775,0.02239898458599218,0.0015821849632705932,3.3627931949971097e-06
h001_k5_baseline,1.0,232,2.32,-0.10302211546303312,0.10302211546303312,0.025716966534409653,4.871970725489431e-05,2.9476688367964927e-09
h001_k5_baseline,1.0,233,2.33,0.10908540908107597,0.10908540908107597,0.03644820982470963,0.001039533677737372,1.3209009121432462e-06
h001_k5_baseline,1.0,234,2.34,-0.11047618925687375,0.11047618925687375,0.042357679767820414,0.0024223730462803223,7.281622784633891e-06
h001_k5_baseline,1.0,235,2.35,0.11450412502971154,0.11450412502971154,0.050616395884878145,0.0034264252000892866,1.4665098283151324e-05
h001_k5_baseline,1.0,236,2.36,-0.11249194518305253,0.11249194518305253,0.0499009823793327,0.005285639147511735,3.5266817365827064e-05
h001_k5_baseline,1.0,237,2.37,0.11330764085202154,0.11330764085202154,0.058146318077400574,0.006839998562334821,5.9559327342365416e-05
h001_k5_baseline,1.0,238,2.38,-0.10650282253881438,0.10650282253881438,0.060840548486594655,0.010078496235627479,0.00013123647406981058
h001_k5_baseline,1.0,239,2.39,0.10234861335124504,0.10234861335124504,0.06390763971524106,0.012923900050613892,0.00021926632833400297
h001_k5_baseline,1.0,240,2.4,-0.09046301372506911,0.09046301372506911,0.06463310792454095,0.017757043403690293,0.00042346740059061327
h001_k5_baseline,1.0,241,2.41,0.08216331652152895,0.08216331652152895,0.0615344679455263,0.02177431469664685,0.0006539349127880478
h001_k5_baseline,1.0,242,2.42,-0.06799876426033775,0.06799876426033775,0.06237197660424306,0.0268194347301939,0.0010233535514272691
h001_k5_baseline,1.0,243,2.43,0.05736229852756668,0.05736229852756668,0.06010515686108388,0.03089374675753396,0.0014049829364050372
h001_k5_baseline,1.0,244,2.44,-0.04006276484356864,0.04006276484356864,0.05875484244636562,0.035359438856163376,0.0019090522656653747
h001_k5_baseline,1.0,245,2.45,0.027639347629885895,0.027639347629885895,0.05783932582136225,0.038737810999096955,0.0023851883316702827
h001_k5_baseline,1.0,246,2.46,-0.007706506790039376,0.007706506790039376,0.05691235036085486,0.04188863276377732,0.0029059768931727127
h001_k5_baseline,1.0,247,2.47,-0.004369162309349561,0.004369162309349561,0.0535737634510526,0.043524076358023044,0.003276822722558137
h001_k5_baseline,1.0,248,2.48,0.02567201170810226,0.02567201170810226,0.05281745396651946,0.04500492768456992,0.0036415098837560608
h001_k5_baseline,1.0,249,2.49,-0.03473336623291999,0.03473336623291999,0.050593797339746026,0.044825843935219004,0.003762222004074903
h001_k5_baseline,1.0,250,2.5,0.052083715901813675,0.052083715901813675,0.04887846442769304,0.04434788441124159,0.0037948250344046943
h001_k5_baseline,1.0,251,2.5100000000000002,-0.057729214650832306,0.057729214650832306,0.04583115359906506,0.04264031490817727,0.0036004915766941303
h001_k5_baseline,1.0,252,2.52,0.07135949901506938,0.07135949901506938,0.04359479851715489,0.04090435728655286,0.0033491351588877663
h001_k5_baseline,1.0,253,2.5300000000000002,-0.07489951633450678,0.07489951633450678,0.04005777660500295,0.03800069035966482,0.0029042619624361746
h001_k5_baseline,1.0,254,2.54,0.08501993087067311,0.08501993087067311,0.037156971651995635,0.03504937678745173,0.0024404063047384367
h001_k5_baseline,1.0,255,2.5500000000000003,-0.08702913383203778,0.08702913383203778,0.04024470276843655,0.030547475800607404,0.001823715530497558
h001_k5_baseline,1.0,256,2.56,0.09433070161624718,0.09433070161624718,0.04712651454555257,0.026115143011074777,0.0012839466919783555
h001_k5_baseline,1.0,257,2.57,-0.0943035211122947,0.0943035211122947,0.049393426409700014,0.02019127144193914,0.000740025590804288
h001_k5_baseline,1.0,258,2.58,0.09961900894885505,0.09961900894885505,0.0540671384093694,0.014923565637298245,0.00038198387878137223
h001_k5_baseline,1.0,259,2.59,-0.09810339239946667,0.09810339239946667,0.05071665727046577,0.009102464877582199,0.00013653835969367416
h001_k5_baseline,1.0,260,2.6,0.10158853424082057,0.10158853424082057,0.056729869238606935,0.00460599654077309,3.3861886230077395e-05
h001_k5_baseline,1.0,261,2.61,-0.09871885746262454,0.09871885746262454,0.048761456145350775,0.0007725458834017141,1.3260265998750843e-06
h001_k5_baseline,1.0,262,2.62,0.10055726791034238,0.10055726791034238,0.05571350002345709,0.001448702705613612,2.416621400879397e-06
h001_k5_baseline,1.0,263,2.63,-0.09504650732826786,0.09504650732826786,0.05034948918936177,0.00386455322000174,1.8531364330187905e-05
h001_k5_baseline,1.0,264,2.64,0.09405558524783124,0.09405558524783124,0.05537087065468769,0.005294535011685652,3.5319717125803e-05
h001_k5_baseline,1.0,265,2.65,-0.08449552852555015,0.08449552852555015,0.054049239000136,0.007592568278302482,7.36858894092135e-05
h001_k5_baseline,1.0,266,2.66,0.08086526693215591,0.08086526693215591,0.05380635697260836,0.008958983845156589,0.0001037583754252276
h001_k5_baseline,1.0,267,2.67,-0.0674295114503119,0.0674295114503119,0.05560990723908911,0.011124147177744403,0.00016194685771905545
h001_k5_baseline,1.0,268,2.68,0.06134233242752171,0.06134233242752171,0.05402530017808577,0.012544799499847202,0.0002083734395329472
h001_k5_baseline,1.0,269,2.69,-0.0407482526009913,0.0407482526009913,0.05569631217379771,0.014791414361857462,0.0002932446993369577
h001_k5_baseline,1.0,270,2.7,0.03204184171863129,0.03204184171863129,0.05019027999494713,0.015949875495423076,0.0003456472450753806
h001_k5_baseline,1.0,271,2.71,-0.006635923113491633,0.006635923113491633,0.048441231097288664,0.017089302513342335,0.00040155913183053397
h001_k5_baseline,1.0,272,2.72,-0.0012503277091509592,0.0012503277091509592,0.04164330377302445,0.016210178118511203,0.00036495320566119657
h001_k5_baseline,1.0,273,2.73,0.026351968606380737,0.026351968606380737,0.037987196442838704,0.014894066748314613,0.0003084707441253641
h001_k5_baseline,1.0,274,2.74,-0.03320106335835829,0.03320106335835829,0.030210456014972204,0.012165847028066999,0.00020513744508708016
h001_k5_baseline,1.0,275,2.75,0.05514621647177097,0.05514621647177097,0.02464785872467371,0.009286625092210033,0.00011811633266914862
h001_k5_baseline,1.0,276,2.7600000000000002,-0.06068262526347432,0.06068262526347432,0.016576321004773752,0.006036297894877869,4.918045743937733e-05
h001_k5_baseline,1.0,277,2.77,0.07874383532629917,0.07874383532629917,0.011222404860487208,0.0035770493948629367,1.6938267658745976e-05
h001_k5_baseline,1.0,278,2.7800000000000002,-0.0833297864555182,0.0833297864555182,0.01088650382280758,0.0014966571842680763,2.9336760784796767e-06
h001_k5_baseline,1.0,279,2.79,0.0965894285507815,0.0965894285507815,0.01602358989554276,0.00032518386878958606,1.4152793362237778e-07
h001_k5_baseline,1.0,280,2.8000000000000003,-0.09994453307294067,0.09994453307294067,0.024732528078214633,0.0006663488325172124,5.416055097162482e-07
h001_k5_baseline,1.0,281,2.81,0.10906209861770114,0.10906209861770114,0.032810509643542866,0.001217541478542847,1.82737931417555e-06
h001_k5_baseline,1.0,282,2.82,-0.11066330682786388,0.11066330682786388,0.03846250984046302,0.0022799360538866558,6.456788371232749e-06
h001_k5_baseline,1.0,283,2.83,0.11735738096413344,0.11735738096413344,0.047419079011864505,0.0029969514970455574,1.1202368872858156e-05
h001_k5_baseline,1.0,284,2.84,-0.11634992115182737,0.11634992115182737,0.05019166198978227,0.004768545341322427,2.861567322913159e-05
h001_k5_baseline,1.0,285,2.85,0.11903681378271652,0.11903681378271652,0.06273441675085056,0.00656286021353207,5.463812468859467e-05
h001_k5_baseline,1.0,286,2.86,-0.11180418820319009,0.11180418820319009,0.0661008383099503,0.010755832600779754,0.00014932258490256512
h001_k5_baseline,1.0,287,2.87,0.1071975691248048,0.1071975691248048,0.06970719321467152,0.014766705156252568,0.000287376364418302
h001_k5_baseline,1.0,288,2.88,-0.09376973605238632,0.09376973605238632,0.06971260448785097,0.021635976119948382,0.000636120011282831
h001_k5_baseline,1.0,289,2.89,0.08235867262461674,0.08235867262461674,0.06945522380491723,0.0282948111586138,0.001130559441005193
h001_k5_baseline,1.0,290,2.9,-0.06535106040627528,0.06535106040627528,0.06687104899307994,0.036123338355133906,0.0019375001070287977
h001_k5_baseline,1.0,291,2.91,0.05139534362431067,0.05139534362431067,0.06489275405022266,0.04239196715915571,0.002827446244834187
h001_k5_baseline,1.0,292,2.92,-0.034247562400445325,0.034247562400445325,0.061984858439299406,0.04747431175466296,0.0037882034937014937
h001_k5_baseline,1.0,293,2.93,0.02044549285333855,0.02044549285333855,0.05929130893563144,0.05064286608480764,0.004617048606863546
h001_k5_baseline,1.0,294,2.94,-0.0016886807194112213,0.0016886807194112213,0.058281069313773484,0.052725355300318466,0.005365385697807291
h001_k5_baseline,1.0,295,2.95,-0.010713016079309353,0.010713016079309353,0.05571726677630776,0.05323709000039886,0.005874611561541031
h001_k5_baseline,1.0,296,2.96,0.0293784423748974,0.0293784423748974,0.05341113389380625,0.05324462712644266,0.006275788808557782
h001_k5_baseline,1.0,297,2.97,-0.037840561461959146,0.037840561461959146,0.05196265937105717,0.05196265937105717,0.006391194186806229
h001_k5_baseline,1.0,298,2.98,0.05502561134565589,0.05502561134565589,0.05091610326312976,0.05091610326312976,0.006463423120383075
h001_k5_baseline,1.0,299,2.99,-0.06087466138955714,0.06087466138955714,0.049135966663491494,0.049135966663491494,0.0063291017916433006
h001_k5_baseline,1.0,300,3.0,0.07673949601647681,0.07673949601647681,0.04766464884663289,0.04766464884663289,0.006166414987087297
h001_k5_baseline,1.0,301,3.0100000000000002,-0.07933617388018462,0.07933617388018462,0.04504914952329895,0.04504914952329895,0.005717063444271039
h001_k5_baseline,1.0,302,3.02,0.09033698326266941,0.09033698326266941,0.045831091621815624,0.0429267360044046,0.005257592755541409
h001_k5_baseline,1.0,303,3.0300000000000002,-0.08951856146595699,0.08951856146595699,0.0587868839349342,0.03915979214138973,0.004464698170490342
h001_k5_baseline,1.0,304,3.04,0.09509624857199059,0.09509624857199059,0.06555318028364947,0.03606062577363959,0.003716991129980729
h001_k5_baseline,1.0,305,3.0500000000000003,-0.08919217407616006,0.08919217407616006,0.07175964254458002,0.03069942585581192,0.002695414275812969
h001_k5_baseline,1.0,306,3.06,0.08901642058813947,0.08901642058813947,0.07655839081955047,0.026167768284188007,0.0018562364350696542
h001_k5_baseline,1.0,307,3.0700000000000003,-0.07817621609605607,0.07817621609605607,0.06918170671897961,0.019638153882937593,0.0010198442031698225
h001_k5_baseline,1.0,308,3.08,0.0746150026518261,0.0746150026518261,0.072871933111446,0.014395969359187678,0.000503988303977061
h001_k5_baseline,1.0,309,3.09,-0.062474557006399714,0.062474557006399714,0.06403199309332563,0.008008813258786442,0.00015786237169046155
h001_k5_baseline,1.0,310,3.1,0.05790676384841219,0.05790676384841219,0.06738097157650512,0.0034666513844981164,3.077597183697487e-05
h001_k5_baseline,1.0,311,3.11,-0.04347830710128403,0.04347830710128403,0.06087798035635392,0.0017858456658137365,3.3345172905498487e-06
h001_k5_baseline,1.0,312,3.12,0.03838517169261982,0.03838517169261982,0.057082058188996955,0.004460060065551786,2.349764961021059e-05
h001_k5_baseline,1.0,313,3.13,-0.025313796862737985,0.025313796862737985,0.05389349770958701,0.007050681588032293,6.258233464685872e-05
h001_k5_baseline,1.0,314,3.14,0.019929513190170025,0.019929513190170025,0.053487022868264254,0.008395761957559629,9.053390847144447e-05
h001_k5_baseline,1.0,315,3.15,-0.0028246284526694497,0.0028246284526694497,0.05472654464301089,0.010418540687764885,0.00014142628486417654
h001_k5_baseline,1.0,316,3.16,-0.005361659020942995,0.005361659020942995,0.053648738101138,0.011766854813687918,0.00018245977022373293
h001_k5_baseline,1.0,317,3.17,0.029698217234574227,0.029698217234574227,0.0538202152969208,0.013678751405725382,0.0002495285436767466
h001_k5_baseline,1.0,318,3.18,-0.03928585645121407,0.03928585645121407,0.04687353524948085,0.014294176293724186,0.0002757895380752633
h001_k5_baseline,1.0,319,3.19,0.06587342343914275,0.06587342343914275,0.043413134833852764,0.01441938536516816,0.0002830354468104939
h001_k5_baseline,1.0,320,3.2,-0.07235507658086981,0.07235507658086981,0.034159142013082386,0.012524176495532842,0.00021474319992316511
h001_k5_baseline,1.0,321,3.21,0.09178385684347393,0.09178385684347393,0.027076769683573084,0.00982377134140523,0.00013154990814596127
h001_k5_baseline,1.0,322,3.22,-0.0947963055609015,0.0947963055609015,0.020772258070262856,0.006191310671768706,5.1908228145499385e-05
h001_k5_baseline,1.0,323,3.23,0.10643457482384643,0.10643457482384643,0.01393579406040933,0.0033103638947993594,1.4598396461727624e-05
h001_k5_baseline,1.0,324,3.24,-0.10885075462886974,0.10885075462886974,0.024857712386474388,0.0009581490022625556,1.238735746887053e-06
h001_k5_baseline,1.0,325,3.25,0.11816821603771178,0.11816821603771178,0.02783559307663709,0.0002520833186980657,7.227793654140864e-08
h001_k5_baseline,1.0,326,3.2600000000000002,-0.11832403907065395,0.11832403907065395,0.0440346533473643,0.00183481480910912,4.150138969399848e-06
h001_k5_baseline,1.0,327,3.27,0.12406403568496681,0.12406403568496681,0.047499173990775516,0.0027025226899301965,9.082130834702939e-06
h001_k5_baseline,1.0,328,3.2800000000000002,-0.11955731883797122,0.11955731883797122,0.05187942737702703,0.004745269924032146,2.8293108272991354e-05
h001_k5_baseline,1.0,329,3.29,0.1211180107163459,0.1211180107163459,0.05125339041173226,0.005582805860928841,3.950735607143346e-05
h001_k5_baseline,1.0,330,3.3000000000000003,-0.11389077104451742,0.11389077104451742,0.051704534290323186,0.007521370308787732,7.24630921003841e-05
h001_k5_baseline,1.0,331,3.31,0.11093541228241197,0.11093541228241197,0.05177155249027725,0.00826742864945726,8.824573964958792e-05
h001_k5_baseline,1.0,332,3.3200000000000003,-0.10018437515901134,0.10018437515901134,0.05085577803814782,0.009954780456031053,0.00012925868824141784
h001_k5_baseline,1.0,333,3.33,0.08961810668871638,0.08961810668871638,0.05205148592441522,0.010530254238745597,0.00014559627887664154
h001_k5_baseline,1.0,334,3.34,-0.07044852148053027,0.07044852148053027,0.04635317534272594,0.011694295245547924,0.00018134329069332346
h001_k5_baseline,1.0,335,3.35,0.050220211171852935,0.050220211171852935,0.0433393277374434,0.011051055589156778,0.00016271639919532087
h001_k5_baseline,1.0,336,3.36,-0.021274209991954236,0.021274209991954236,0.03294762286500458,0.009985221953515788,0.00013338324681495017
h001_k5_baseline,1.0,337,3.37,-0.0006584703735837416,0.0006584703735837416,0.02389594759685291,0.007249916142021076,7.007775875458703e-05
h001_k5_baseline,1.0,338,3.38,0.027742275018281394,0.027742275018281394,0.014770001804119848,0.004350996230668219,2.5069777003107075e-05
h001_k5_baseline,1.0,339,3.39,-0.04493058741726983,0.04493058741726983,0.013568702534648003,0.0019757272688781936,5.113676494363866e-06
h001_k5_baseline,1.0,340,3.4,0.07022138221480578,0.07022138221480578,0.016828364172528136,0.0005028741015411812,3.3524682636606997e-07
h001_k5_baseline,1.0,341,3.41,-0.0817745810752857,0.0817745810752857,0.023369134708398607,0.00042782982975445483,2.2065949559263445e-07
h001_k5_baseline,1.0,342,3.42,0.10100464965800351,0.10100464965800351,0.031045236372782746,0.0010867758377183984,1.4540105334046579e-06
h001_k5_baseline,1.0,343,3.43,-0.10453326283548016,0.10453326283548016,0.043666118984503344,0.0022273132397567417,6.150720734971659e-06
h001_k5_baseline,1.0,344,3.44,0.11584853381263058,0.11584853381263058,0.045346854217948734,0.0029763670238869945,1.1052130663793679e-05
h001_k5_baseline,1.0,345,3.45,-0.11494924216878952,0.11494924216878952,0.05697155607072664,0.0048603612804528525,2.9690652514550383e-05
h001_k5_baseline,1.0,346,3.46,0.12087452059206294,0.12087452059206294,0.05332519577980452,0.006296415250364856,5.0367540701457485e-05
h001_k5_baseline,1.0,347,3.47,-0.11739233524842216,0.11739233524842216,0.06264928363527046,0.00905187571090573,0.00010525057304999089
h001_k5_baseline,1.0,348,3.48,0.11806541670602662,0.11806541670602662,0.06329810302069531,0.011996536002176652,0.000187883727719851
h001_k5_baseline,1.0,349,3.49,-0.11021436537715718,0.11021436537715718,0.07106136735531145,0.017072674267937075,0.00038848982307900415
h001_k5_baseline,1.0,350,3.5,0.1034262925181385,0.1034262925181385,0.07102079034341284,0.023056222327639993,0.0007295004069691689
h001_k5_baseline,1.0,351,3.5100000000000002,-0.08589629932118958,0.08589629932118958,0.0762759638027497,0.03294163915675499,0.0015527769750113822
h001_k5_baseline,1.0,352,3.52,0.06784365107186627,0.06784365107186627,0.07287865625832918,0.043128604234409305,0.0028352972510268656
h001_k5_baseline,1.0,353,3.5300000000000002,-0.04190282878239182,0.04190282878239182,0.07236514267464542,0.05356735209524132,0.004764185065010839
h001_k5_baseline,1.0,354,3.54,0.02277229034232927,0.02277229034232927,0.06775439621684902,0.059331678080497656,0.006516731702233182
h001_k5_baseline,1.0,355,3.5500000000000003,0.0013778290462211585,0.0013778290462211585,0.06461877243112239,0.06212508193341175,0.008059699113827421
h001_k5_baseline,1.0,356,3.56,-0.016946691716192026,0.016946691716192026,0.061525752529940345,0.061525752529940345,0.009002391214111413
h001_k5_baseline,1.0,357,3.5700000000000003,0.040263519415433005,0.040263519415433005,0.05989739775413802,0.05989739775413802,0.009718831398221167
h001_k5_baseline,1.0,358,3.58,-0.050229651396472216,0.050229651396472216,0.05641297645880904,0.05641297645880904,0.009887837092886492
h001_k5_baseline,1.0,359,3.59,0.0700091557839532,0.0700091557839532,0.05521163245489403,0.05521163245489403,0.010005164419810454
h001_k5_baseline,1.0,360,3.6,-0.07265768530673497,0.07265768530673497,0.05333157430434406,0.05333157430434406,0.009646648462676525
h001_k5_baseline,1.0,361,3.61,0.08704071076144673,0.08704071076144673,0.05416357470863819,0.0516558922286245,0.009375785983703568
h001_k5_baseline,1.0,362,3.62,-0.08527056580472328,0.08527056580472328,0.05894829177605481,0.04897008293487948,0.008722751209057841
h001_k5_baseline,1.0,363,3.63,0.0941276429064343,0.0941276429064343,0.06323594554632649,0.046737274319541534,0.008171517668795874
h001_k5_baseline,1.0,364,3.64,-0.08940363774164603,0.08940363774164603,0.06481964400462874,0.04381210181718512,0.007320655491839553
h001_k5_baseline,1.0,365,3.65,0.0929942448232198,0.0929942448232198,0.06954493947886127,0.04161457124130124,0.006547056750970654
h001_k5_baseline,1.0,366,3.66,-0.08530101512724064,0.08530101512724064,0.07397970940480597,0.03858499018898892,0.005506999292200065
h001_k5_baseline,1.0,367,3.67,0.08150352218870857,0.08150352218870857,0.08173671970171607,0.03494293145159391,0.0044070281697510625
h001_k5_baseline,1.0,368,3.68,-0.06544895791823588,0.06544895791823588,0.09305848401281674,0.02980285177104943,0.0030159457079806254
h001_k5_baseline,1.0,369,3.69,0.05184982322711658,0.05184982322711658,0.09126174191560307,0.023630906442272684,0.0017505597430717318
h001_k5_baseline,1.0,370,3.7,-0.03006164109781862,0.03006164109781862,0.0871525774958529,0.01640564166584063,0.0007498074902748328
h001_k5_baseline,1.0,371,3.71,0.014650173492256138,0.014650173492256138,0.08513764378241616,0.009185501818523005,0.0002575201503391683
h001_k5_baseline,1.0,372,3.72,0.007772385944066327,0.007772385944066327,0.07873532650831405,0.014373254899334895,0.00022930824028948206
h001_k5_baseline,1.0,373,3.73,-0.02130841241059428,0.02130841241059428,0.07222629730157401,0.020566112586091926,0.0004857560208067744
h001_k5_baseline,1.0,374,3.74,0.04428948893688149,0.04428948893688149,0.06346652857863967,0.02517284659909678,0.0008256129536425097
h001_k5_baseline,1.0,375,3.75,-0.054953983707485464,0.054953983707485464,0.05479784399687528,0.027216300750377745,0.001040748006671869
h001_k5_baseline,1.0,376,3.7600000000000002,0.07660529445829875,0.07660529445829875,0.04948484016484172,0.027756129322060594,0.0011319549323449394
h001_k5_baseline,1.0,377,3.77,-0.084576973482778,0.084576973482778,0.04311113009678404,0.02608440286118325,0.0010255695442610577
h001_k5_baseline,1.0,378,3.7800000000000002,0.10361171210349816,0.10361171210349816,0.038715279612601024,0.023818005341492095,0.0008611368710708295
h001_k5_baseline,1.0,379,3.79,-0.10951062065112124,0.10951062065112124,0.03145615350031161,0.019742043041174478,0.0005905455004947053
h001_k5_baseline,1.0,380,3.8000000000000003,0.12564041136369875,0.12564041136369875,0.027010541259364085,0.01593435215207031,0.00037732152493343257
h001_k5_baseline,1.0,381,3.81,-0.13104627968562077,0.13104627968562077,0.02002406857267159,0.011338947064506,0.00018689188473438816
h001_k5_baseline,1.0,382,3.8200000000000003,0.14441559497420564,0.14441559497420564,0.026848602912227335,0.007401769136649863,7.74695461063425e-05
h001_k5_baseline,1.0,383,3.83,-0.14829023215156117,0.14829023215156117,0.034278904832836604,0.00318019568324332,1.4241996512993725e-05
h001_k5_baseline,1.0,384,3.84,0.15645675001084156,0.15645675001084156,0.048420930048670444,0.0004522753397471726,3.4935154664550855e-07
h001_k5_baseline,1.0,385,3.85,-0.15298983961648882,0.15298983961648882,0.06268637769075197,0.003126168501408324,1.199895302491268e-05
h001_k5_baseline,1.0,386,3.86,0.15132764310021693,0.15132764310021693,0.06606724820018692,0.005474875076525353,3.763199472569027e-05
h001_k5_baseline,1.0,387,3.87,-0.13577126626603772,0.13577126626603772,0.0662960577955037,0.009973955162387815,0.0001276510551799995
h001_k5_baseline,1.0,388,3.88,0.12496477494366384,0.12496477494366384,0.06309517571155304,0.012910522078475005,0.00021857368878146425
h001_k5_baseline,1.0,389,3.89,-0.10445966914212358,0.10445966914212358,0.05553670076473213,0.016315542359144192,0.0003576365705785633
h001_k5_baseline,1.0,390,3.9,0.09093871292616293,0.09093871292616293,0.05142872423889599,0.017590139568697597,0.00042363218024328266
h001_k5_baseline,1.0,391,3.91,-0.07172237268010292,0.07172237268010292,0.044752030101989734,0.01781683972203497,0.00044200385713479094
h001_k5_baseline,1.0,392,3.92,0.05750305355954957,0.05750305355954957,0.04218079525306134,0.01681159167512355,0.0003953335606418255
h001_k5_baseline,1.0,393,3.93,-0.03742430970439983,0.03742430970439983,0.03590615556978268,0.01501544133052587,0.0003157902120643397
h001_k5_baseline,1.0,394,3.94,0.024587858096377726,0.024587858096377726,0.03189575454264551,0.01259413881759736,0.0002203079182909814
h001_k5_baseline,1.0,395,3.95,-0.0077127912257053816,0.0077127912257053816,0.025057549295782054,0.00956413291326457,0.00012564594450216706
h001_k5_baseline,1.0,396,3.96,-0.004548637686957779,0.004548637686957779,0.022476356951404267,0.007054703729873293,6.696356372963105e-05
h001_k5_baseline,1.0,397,3.97,0.02783613608474581,0.02783613608474581,0.02157833603282977,0.005040486829123237,3.349077103571475e-05
h001_k5_baseline,1.0,398,3.98,-0.04455420491453142,0.04455420491453142,0.022043153849221262,0.003645976262845607,1.717694742669382e-05
h001_k5_baseline,1.0,399,3.99,0.07735843977071474,0.07735843977071474,0.015675620883022042,0.002394422812062255,7.324891793832802e-06
h001_k5_baseline,1.0,400,4.0,-0.08922863019796293,0.08922863019796293,0.007922169055004254,0.0009130531944391421,1.0628593678856268e-06
h001_k5_baseline,1.0,401,4.01,0.11127873249212569,0.11127873249212569,0.01851874278699748,0.0001744778521516277,3.573124469774598e-08
h001_k5_baseline,1.0,402,4.0200000000000005,-0.11452998725764704,0.11452998725764704,0.041992670778305624,0.0016934594180342396,3.5382340914789945e-06
h001_k5_baseline,1.0,403,4.03,0.12448660737140367,0.12448660737140367,0.049804869154192064,0.002796015207684374,9.721661151149095e-06
h001_k5_baseline,1.0,404,4.04,-0.121818821806275,0.121818821806275,0.06807191777413964,0.006431778304332606,5.2108349290051936e-05
h001_k5_baseline,1.0,405,4.05,0.12292475144367296,0.12292475144367296,0.06698785400963987,0.009796552332128568,0.00012323523719424119
h001_k5_baseline,1.0,406,4.0600000000000005,-0.11331917860929366,0.11331917860929366,0.0796028168996853,0.017493099734019992,0.00040374505932615944
h001_k5_baseline,1.0,407,4.07,0.10813844609283285,0.10813844609283285,0.0735820956129329,0.024901321096088974,0.0008521978127179406
h001_k5_baseline,1.0,408,4.08,-0.09506057177219052,0.09506057177219052,0.08088950756213478,0.037598063026509955,0.002047928029749649
h001_k5_baseline,1.0,409,4.09,0.08595265131409088,0.08595265131409088,0.07785829431057652,0.050200509349888046,0.003959353675141076
h001_k5_baseline,1.0,410,4.1,-0.07427634770752947,0.07427634770752947,0.07821323555651812,0.06401857128319702,0.007190631140223128
h001_k5_baseline,1.0,411,4.11,0.06680492088958181,0.06680492088958181,0.07735149736873562,0.0728523068548501,0.010887178037914585
h001_k5_baseline,1.0,412,4.12,-0.06044266328538678,0.06044266328538678,0.07625982450412877,0.07625982450412877,0.014619357777056788
h001_k5_baseline,1.0,413,4.13,0.054453854532621165,0.054453854532621165,0.07414673885360248,0.07414673885360248,0.017829059244565872
h001_k5_baseline,1.0,414,4.14,-0.046627504397491616,0.046627504397491616,0.07552771080841549,0.07552771080841549,0.02051063056379395
h001_k5_baseline,1.0,415,4.15,0.036317881793634724,0.036317881793634724,0.07536457243041883,0.07536457243041883,0.02257534289647644
h001_k5_baseline,1.0,416,4.16,-0.01902892516082972,0.01902892516082972,0.07523668957141268,0.07523668957141268,0.024032597138274128
h001_k5_baseline,1.0,417,4.17,0.005619550214257316,0.005619550214257316,0.07634749183209982,0.07634749183209982,0.024861742260592356
h001_k5_baseline,1.0,418,4.18,0.016683198852814565,0.016683198852814565,0.0757528264753316,0.0757528264753316,0.02523484972424201
h001_k5_baseline,1.0,419,4.19,-0.02447217043497142,0.02447217043497142,0.07581852662481424,0.07581852662481424,0.02534683643476119
h001_k5_baseline,1.0,420,4.2,0.03845328274661567,0.03845328274661567,0.07646742446813695,0.07646742446813695,0.02532957693576455
h001_k5_baseline,1.0,421,4.21,-0.040531433194599925,0.040531433194599925,0.07551395677353966,0.07551395677353966,0.02528620579334583
h001_k5_baseline,1.0,422,4.22,0.04791691059019561,0.04791691059019561,0.07585664865304967,0.07585664865304967,0.02524999132246143
h001_k5_baseline,1.0,423,4.23,-0.0456990420746082,0.0456990420746082,0.07627873748738143,0.07627873748738143,0.02520784298081008
h001_k5_baseline,1.0,424,4.24,0.04726860996237303,0.04726860996237303,0.075099162006798,0.075099162006798,0.025212057816245907
h001_k5_baseline,1.0,425,4.25,-0.03781558138995073,0.03781558138995073,0.07772848946687178,0.07586123659364656,0.025314684858776967
h001_k5_baseline,1.0,426,4.26,0.031920058335356466,0.031920058335356466,0.07603572338495189,0.07603572338495189,0.025581827895973214
h001_k5_baseline,1.0,427,4.2700000000000005,-0.019974187007110934,0.019974187007110934,0.07665507158548178,0.07457442163120268,0.02629175728485895
h001_k5_baseline,1.0,428,4.28,0.014045923620040647,0.014045923620040647,0.07584934751641381,0.07584934751641381,0.027227936170888062
h001_k5_baseline,1.0,429,4.29,-0.009365989193598354,0.009365989193598354,0.07572326944057345,0.07572326944057345,0.028329672946412976
h001_k5_baseline,1.0,430,4.3,0.0073796319843627105,0.0073796319843627105,0.07463209762685617,0.07463209762685617,0.029152848490796503
h001_k5_baseline,1.0,431,4.3100000000000005,-0.005358262456912748,0.005358262456912748,0.07584656682985698,0.07584656682985698,0.02988729004037597
h001_k5_baseline,1.0,432,4.32,0.004962839160354503,0.004962839160354503,0.07538329603410532,0.07538329603410532,0.030413877695988363
h001_k5_baseline,1.0,433,4.33,-0.003334264790525981,0.003334264790525981,0.07498341938581873,0.07498341938581873,0.031133260079100646
h001_k5_baseline,1.0,434,4.34,0.0012278412490270877,0.0012278412490270877,0.07584026616153827,0.07584026616153827,0.032060317832724755
h001_k5_baseline,1.0,435,4.3500000000000005,0.0058186921672876086,0.0058186921672876086,0.07499911934002364,0.07499911934002364,0.03363668595299889
h001_k5_baseline,1.0,436,4.36,-0.009841193444424927,0.009841193444424927,0.07530896081601324,0.07530896081601324,0.035675693221302256
h001_k5_baseline,1.0,437,4.37,0.023729566232556547,0.023729566232556547,0.07577340468485039,0.07577340468485039,0.03828960807943757
h001_k5_baseline,1.0,438,4.38,-0.028183322578152155,0.028183322578152155,0.07453620651619225,0.07453620651619225,0.040720677585505315
h001_k5_baseline,1.0,439,4.39,0.042378941161706866,0.042378941161706866,0.07555998162340936,0.07555998162340936,0.042792531888837644
h001_k5_baseline,1.0,440,4.4,-0.0455007206097016,0.0455007206097016,0.07561787882925101,0.07561787882925101,0.044055878062252585
h001_k5_baseline,1.0,441,4.41,0.05300792743916151,0.05300792743916151,0.07437112205304526,0.07437112205304526,0.04469920449340704
h001_k5_baseline,1.0,442,4.42,-0.05439707459091153,0.05439707459091153,0.07572050425322806,0.07572050425322806,0.044829812581713736
h001_k5_baseline,1.0,443,4.43,0.05727578450099684,0.05727578450099684,0.07536608554892908,0.07536608554892908,0.04467796688069102
h001_k5_baseline,1.0,444,4.44,-0.047879627537085925,0.047879627537085925,0.07484310620936947,0.07484310620936947,0.04419182253350304
h001_k5_baseline,1.0,445,4.45,0.04251677307829357,0.04251677307829357,0.07578511353164163,0.07578511353164163,0.04378502200083798
h001_k5_baseline,1.0,446,4.46,-0.027599162860721584,0.027599162860721584,0.0750164047528366,0.0750164047528366,0.0433126221637122
h001_k5_baseline,1.0,447,4.47,0.021627546748167574,0.021627546748167574,0.07522324854822073,0.07522324854822073,0.043083200744542256
h001_k5_baseline,1.0,448,4.48,-0.015831419510061836,0.015831419510061836,0.07575087551165055,0.07575087551165055,0.04293838415655734
h001_k5_baseline,1.0,449,4.49,0.013943079383608588,0.013943079383608588,0.07456884250801306,0.07456884250801306,0.04287753808398674
h001_k5_baseline,1.0,450,4.5,-0.011785165050715717,0.011785165050715717,0.07550698375860918,0.07550698375860918,0.04284763415346508
h001_k5_baseline,1.0,451,4.51,0.012616865975862647,0.012616865975862647,0.07561593769143667,0.07561593769143667,0.04283630069299797
h001_k5_baseline,1.0,452,4.5200000000000005,-0.009785995319264745,0.009785995319264745,0.07429578808955875,0.07429578808955875,0.04283371577053353
h001_k5_baseline,1.0,453,4.53,0.009728730427197461,0.009728730427197461,0.07569087665382211,0.07569087665382211,0.04283549383925564
h001_k5_baseline,1.0,454,4.54,-0.00399628853068804,0.00399628853068804,0.07537948666571445,0.07537948666571445,0.042861303287117666
h001_k5_baseline,1.0,455,4.55,-0.0005953189990628499,0.0005953189990628499,0.0747909683248144,0.0747909683248144,0.042914923857796106
h001_k5_baseline,1.0,456,4.5600000000000005,0.01897321114334708,0.01897321114334708,0.08215766926397411,0.07577276765097547,0.043184450430731484
h001_k5_baseline,1.0,457,4.57,-0.032600025265953125,0.032600025265953125,0.0773075778334039,0.075041763045542,0.04382989799514084
h001_k5_baseline,1.0,458,4.58,0.0605459004891197,0.0605459004891197,0.07711925720380298,0.07518786837659219,0.04521303039783367
h001_k5_baseline,1.0,459,4.59,-0.07072357857717115,0.07072357857717115,0.07575157283458324,0.07575157283458324,0.04690544093544706
h001_k5_baseline,1.0,460,4.6000000000000005,0.08711344326379422,0.08711344326379422,0.07460385312360084,0.07460385312360084,0.04842354594848832
h001_k5_baseline,1.0,461,4.61,-0.09219748205925421,0.09219748205925421,0.07548415872528642,0.07548415872528642,0.04915476914659955
h001_k5_baseline,1.0,462,4.62,0.101115630942986,0.101115630942986,0.0756270218338708,0.0756270218338708,0.04932989049365577
h001_k5_baseline,1.0,463,4.63,-0.0985364282632254,0.0985364282632254,0.0742507927816934,0.0742507927816934,0.04863221754277114
h001_k5_baseline,1.0,464,4.64,0.10087163987320354,0.10087163987320354,0.07567822827344732,0.07567822827344732,0.04790445333237095
h001_k5_baseline,1.0,465,4.65,-0.09293652632122762,0.09293652632122762,0.07539948801094981,0.07539948801094981,0.04685152064972799
h001_k5_baseline,1.0,466,4.66,0.09316412529622917,0.09316412529622917,0.0747553676955091,0.0747553676955091,0.04609330200379072
h001_k5_baseline,1.0,467,4.67,-0.08885363100257386,0.08885363100257386,0.07576906245042211,0.07576906245042211,0.04530343793745795
h001_k5_baseline,1.0,468,4.68,0.09129567055568052,0.09129567055568052,0.07506989441335517,0.07506989441335517,0.04471421842775131
h001_k5_baseline,1.0,469,4.69,-0.08916342894436372,0.08916342894436372,0.07516076817111553,0.07516076817111553,0.04414533277783261
h001_k5_baseline,1.0,470,4.7,0.09474313504611417,0.09474313504611417,0.07575618138796959,0.07575618138796959,0.04369863712290327
h001_k5_baseline,1.0,471,4.71,-0.09270012136679802,0.09270012136679802,0.07463966048124702,0.07463966048124702,0.04324298305878872
h001_k5_baseline,1.0,472,4.72,0.0947402498899235,0.0947402498899235,0.07546514427353275,0.07546514427353275,0.042871748686758616
h001_k5_baseline,1.0,473,4.73,-0.08637150723715262,0.08637150723715262,0.07563960651139669,0.07563960651139669,0.04255791602760426
h001_k5_baseline,1.0,474,4.74,0.07778163714115584,0.07778163714115584,0.07420897409707963,0.07420897409707963,0.042393659003648734
h001_k5_baseline,1.0,475,4.75,-0.04959489445826336,0.04959489445826336,0.07566711685840889,0.07566711685840889,0.0423183675510265
h001_k5_baseline,1.0,476,4.76,0.03057393890546875,0.03057393890546875,0.07203981879778502,0.07541984058089261,0.04230486625922504
h001_k5_baseline,1.0,477,4.7700000000000005,0.0075815628366585,0.0075815628366585,0.0640126841422165,0.0747210423756492,0.04230366482204268
h001_k5_baseline,1.0,478,4.78,-0.018389083249172378,0.018389083249172378,0.0631266543590642,0.07576577336621192,0.04230405793118622
h001_k5_baseline,1.0,479,4.79,0.04355027164994872,0.04355027164994872,0.06292285135542768,0.07509785372457169,0.04230620314879353
h001_k5_baseline,1.0,480,4.8,-0.04215000791770271,0.04215000791770271,0.06235996535236342,0.07513398640791132,0.042318459744788636
h001_k5_baseline,1.0,481,4.8100000000000005,0.05329229178774768,0.05329229178774768,0.06321655028267907,0.07576066748332098,0.04234022565495943
h001_k5_baseline,1.0,482,4.82,-0.0445985215750372,0.0445985215750372,0.06906657366808822,0.07467507096360854,0.042419859062129
h001_k5_baseline,1.0,483,4.83,0.04477112721428954,0.04477112721428954,0.0721814585628014,0.07544597597074694,0.04256231429021578
h001_k5_baseline,1.0,484,4.84,-0.032121856823809684,0.032121856823809684,0.0747754206984181,0.07565181898715628,0.04295488507950586
h001_k5_baseline,1.0,485,4.8500000000000005,0.03081609235199802,0.03081609235199802,0.06912351814067151,0.07416695408810606,0.04346620746997219
h001_k5_baseline,1.0,486,4.86,-0.02447806775424658,0.02447806775424658,0.06389276783696754,0.07565562400840017,0.04420414885460973
h001_k5_baseline,1.0,487,4.87,0.03418477872834615,0.03418477872834615,0.06306741292811628,0.07543971181923444,0.04476001569677337
h001_k5_baseline,1.0,488,4.88,-0.03476281750498307,0.03476281750498307,0.062053943634181846,0.07468632690360277,0.04538680653278561
h001_k5_baseline,1.0,489,4.89,0.05077717229170782,0.05077717229170782,0.06316954142110578,0.07576199621412158,0.04592482298282901
h001_k5_baseline,1.0,490,4.9,-0.048520080044891875,0.048520080044891875,0.06282923670603535,0.07512528942785054,0.04684993229917556
h001_k5_baseline,1.0,491,4.91,0.05340686885020194,0.05340686885020194,0.06292926746562859,0.07510672014514679,0.048169055707623525
h001_k5_baseline,1.0,492,4.92,-0.0451889193148248,0.0451889193148248,0.07074083220022322,0.07576461774543387,0.050869217565785704
h001_k5_baseline,1.0,493,4.93,0.03849747881259197,0.03849747881259197,0.07631596283303946,0.07483082945593132,0.05517052748727326
h001_k5_baseline,1.0,494,4.94,-0.021436053390700094,0.021436053390700094,0.0844835131335481,0.0844835131335481,0.062185263882063274
h001_k5_baseline,1.0,495,4.95,0.012757756170059677,0.012757756170059677,0.08788164695752267,0.08788164695752267,0.06938289313503242
h001_k5_baseline,1.0,496,4.96,0.005166194989438298,0.005166194989438298,0.08977084678618166,0.08977084678618166,0.07479109434057923
h001_k5_baseline,1.0,497,4.97,-0.010059530870541927,0.010059530870541927,0.09028997896625937,0.09028997896625937,0.07723848833710187
h001_k5_baseline,1.0,498,4.98,0.02208578184537239,0.02208578184537239,0.09033191899477273,0.09033191899477273,0.07797899813003778
h001_k5_baseline,1.0,499,4.99,-0.026315273864891374,0.026315273864891374,0.09016093673154783,0.09016093673154783,0.07807389536542061
h001_k5_baseline,1.0,500,5.0,0.03257858474101844,0.03257858474101844,0.08991756967293904,0.08991756967293904,0.0780249606556471
h001_k5_baseline,1.0,501,5.01,-0.03129373620862731,0.03129373620862731,0.08962845820646023,0.08962845820646023,0.0779577187179443
h001_k5_baseline,1.0,502,5.0200000000000005,0.031874422986604395,0.031874422986604395,0.08931732531520868,0.08931732531520868,0.07795552876859763
h001_k5_baseline,1.0,503,5.03,-0.02493139805071525,0.02493139805071525,0.08898244130838963,0.08898244130838963,0.0780138832173039
h001_k5_baseline,1.0,504,5.04,0.02309057316382495,0.02309057316382495,0.08870119047755885,0.08870119047755885,0.07809677471186946
h001_k5_baseline,1.0,505,5.05,-0.0195203707333078,0.0195203707333078,0.08901209017683266,0.08901209017683266,0.0781901274676115
h001_k5_baseline,1.0,506,5.0600000000000005,0.020461072162052344,0.020461072162052344,0.08930560593901404,0.08930560593901404,0.07820267645323942
h001_k5_baseline,1.0,507,5.07,-0.019717148043356475,0.019717148043356475,0.08957740133559093,0.08957740133559093,0.07816036223982083
h001_k5_baseline,1.0,508,5.08,0.026091883675274923,0.026091883675274923,0.089826684754868,0.089826684754868,0.07808348468784922
h001_k5_baseline,1.0,509,5.09,-0.024940162921336363,0.024940162921336363,0.09005547865818067,0.09005547865818067,0.07803534693127609
h001_k5_baseline,1.0,510,5.1000000000000005,0.029432521890595545,0.029432521890595545,0.09026949553180469,0.09026949553180469,0.0779735608074858
h001_k5_baseline,1.0,511,5.11,-0.02487134164315161,0.02487134164315161,0.09047869245000287,0.09047869245000287,0.07797478509876019
h001_k5_baseline,1.0,512,5.12,0.023545701787319157,0.023545701787319157,0.09069875826271916,0.09069875826271916,0.07795309277846799
h001_k5_baseline,1.0,513,5.13,-0.011716819213968055,0.011716819213968055,0.09095261891636885,0.09095261891636885,0.07823161341558962
h001_k5_baseline,1.0,514,5.14,0.001677414129943846,0.001677414129943846,0.09127150261309958,0.09127150261309958,0.07896633895653492
h001_k5_baseline,1.0,515,5.15,0.022856108432360852,0.022856108432360852,0.09169252728496344,0.09169252728496344,0.08124957169755957
h001_k5_baseline,1.0,516,5.16,-0.034141248919320265,0.034141248919320265,0.09225012804502264,0.09225012804502264,0.08487673932809764
h001_k5_baseline,1.0,517,5.17,0.052174477083876784,0.052174477083876784,0.09295506167696141,0.09295506167696141,0.08923812993162544
h001_k5_baseline,1.0,518,5.18,-0.05737776349272265,0.05737776349272265,0.09374565648971911,0.09374565648971911,0.09233013289736511
h001_k5_baseline,1.0,519,5.19,0.06771039555006308,0.06771039555006308,0.0944151646030707,0.0944151646030707,0.09395654691622075
h001_k5_baseline,1.0,520,5.2,-0.06818144813956678,0.06818144813956678,0.09502403969909108,0.09502403969909108,0.09357077708742967
h001_k5_baseline,1.0,521,5.21,0.07138072553955331,0.07138072553955331,0.09861694047211912,0.09861694047211912,0.09209812614682927
h001_k5_baseline,1.0,522,5.22,-0.0647334690619135,0.0647334690619135,0.10163000602162102,0.10163000602162102,0.08971361915019149
h001_k5_baseline,1.0,523,5.23,0.06315503370946694,0.06315503370946694,0.10228287709554824,0.10228287709554824,0.08728866066048137
h001_k5_baseline,1.0,524,5.24,-0.05760742802795324,0.05760742802795324,0.1043103898967045,0.1043103898967045,0.08498179096239353
h001_k5_baseline,1.0,525,5.25,0.05634212807175723,0.05634212807175723,0.10678059507622298,0.10678059507622298,0.0831868473178596
h001_k5_baseline,1.0,526,5.26,-0.05037829042563892,0.05037829042563892,0.10541951714590216,0.10541951714590216,0.0823281663903759
h001_k5_baseline,1.0,527,5.2700000000000005,0.050476857311684296,0.050476857311684296,0.10681609605724524,0.10681609605724524,0.08305768157212214
h001_k5_baseline,1.0,528,5.28,-0.04398812279150502,0.04398812279150502,0.10325105251487585,0.10325105251487585,0.08556920573843041
h001_k5_baseline,1.0,529,5.29,0.041763740759879896,0.041763740759879896,0.1018851147775809,0.1018851147775809,0.08913611621598844
h001_k5_baseline,1.0,530,5.3,-0.030994023185431804,0.030994023185431804,0.09752346292660662,0.09752346292660662,0.09233595557763108
h001_k5_baseline,1.0,531,5.3100000000000005,0.019647092529875024,0.019647092529875024,0.09476342844976395,0.09476342844976395,0.09459166569773132
h001_k5_baseline,1.0,532,5.32,0.0033599669095552356,0.0033599669095552356,0.09343142908583828,0.09343142908583828,0.09656816148042842
h001_k5_baseline,1.0,533,5.33,-0.022945666371328433,0.022945666371328433,0.09274025550360433,0.09274025550360433,0.09892834693817369
h001_k5_baseline,1.0,534,5.34,0.05783014133001438,0.05783014133001438,0.09234400454112826,0.09234400454112826,0.10231566804698712
h001_k5_baseline,1.0,535,5.3500000000000005,-0.07477916185081548,0.07477916185081548,0.09210064200468122,0.09210064200468122,0.10569038224694169
h001_k5_baseline,1.0,536,5.36,0.10215347466809283,0.10215347466809283,0.09194121266383126,0.09194121266383126,0.10849493112645575
h001_k5_baseline,1.0,537,5.37,-0.10506991928582718,0.10506991928582718,0.09182870810389196,0.09182870810389196,0.10949991503738697
h001_k5_baseline,1.0,538,5.38,0.11835533752917775,0.11835533752917775,0.09174226272830181,0.09174226272830181,0.10957906335657963
h001_k5_baseline,1.0,539,5.39,-0.11341211116564431,0.11341211116564431,0.0916696625931609,0.0916696625931609,0.10820274341414927
h001_k5_baseline,1.0,540,5.4,0.11589511086751414,0.11589511086751414,0.08736594619804991,0.09160370138568494,0.10668631526688085
h001_k5_baseline,1.0,541,5.41,-0.10429668056037318,0.10429668056037318,0.08807562201661889,0.09154012583772411,0.10444256901556899
h001_k5_baseline,1.0,542,5.42,0.09869205430381904,0.09869205430381904,0.083187220363076,0.09147642742217577,0.10264911409897653
h001_k5_baseline,1.0,543,5.43,-0.08566545819468227,0.08566545819468227,0.08420743449153947,0.09141114064623891,0.10080081307158632
h001_k5_baseline,1.0,544,5.44,0.07849118676281575,0.07849118676281575,0.07687632997000586,0.09134341723188508,0.09945683123368339
h001_k5_baseline,1.0,545,5.45,-0.06768103449678137,0.06768103449678137,0.07487432397562538,0.09127277109389748,0.09825888278861596
h001_k5_baseline,1.0,546,5.46,0.059261417249330504,0.059261417249330504,0.07558426538974793,0.09119892788899314,0.09728432749578991
h001_k5_baseline,1.0,547,5.47,-0.046525375836819226,0.046525375836819226,0.07328981001247716,0.09112173573029009,0.09645946856660519
h001_k5_baseline,1.0,548,5.48,0.03401499763803965,0.03401499763803965,0.07356099919099912,0.09104111312720392,0.09587475097690315
h001_k5_baseline,1.0,549,5.49,-0.01650301098404742,0.01650301098404742,0.07411937222918633,0.09095701892306508,0.09547756368550993
h001_k5_baseline,1.0,550,5.5,-0.0039967891297215535,0.0039967891297215535,0.07796929682560926,0.09086943498663376,0.09521205543108328
h001_k5_baseline,1.0,551,5.51,0.04048494064101404,0.04048494064101404,0.07819683731934098,0.09077835635919786,0.0950828543648039
h001_k5_baseline,1.0,552,5.5200000000000005,-0.06402116624535512,0.06402116624535512,0.07128496926579535,0.0906837856735677,0.09506591113310642
h001_k5_baseline,1.0,553,5.53,0.0968681554382874,0.0968681554382874,0.06285961034103968,0.09058573000278686,0.09505618319045307
h001_k5_baseline,1.0,554,5.54,-0.10921848892900418,0.10921848892900418,0.061698393686531225,0.09048419909059324,0.09496850491936931
h001_k5_baseline,1.0,555,5.55,0.13021179208691422,0.13021179208691422,0.06269404567732098,0.09037920435948808,0.0948544158341746
h001_k5_baseline,1.0,556,5.5600000000000005,-0.13646114472176682,0.13646114472176682,0.06264300418119247,0.09027075835530203,0.09477269169720227
h001_k5_baseline,1.0,557,5.57,0.14836586825766468,0.14836586825766468,0.06166213276742012,0.09015887443635813,0.09476248504849638
h001_k5_baseline,1.0,558,5.58,-0.15156921209178625,0.15156921209178625,0.06271143251604104,0.0900435665990346,0.09478594448330104
h001_k5_baseline,1.0,559,5.59,0.15709893006533143,0.15709893006533143,0.062399161932975025,0.09011582445222124,0.09480750352323601
h001_k5_baseline,1.0,560,5.6000000000000005,-0.1501486497902762,0.1501486497902762,0.06533806811023195,0.09022899941676406,0.09489602679954684
h001_k5_baseline,1.0,561,5.61,0.14842045007865476,0.14842045007865476,0.0626777363726243,0.09033874130564613,0.09496878246753383
h001_k5_baseline,1.0,562,5.62,-0.135721316573492,0.135721316573492,0.06773719304452698,0.09044503607071518,0.09519861068904567
h001_k5_baseline,1.0,563,5.63,0.12941524446600278,0.12941524446600278,0.062036058757930626,0.09054787011130411,0.09537580978828647
h001_k5_baseline,1.0,564,5.64,-0.11951806358647872,0.11951806358647872,0.06259227614433366,0.09064723026788324,0.09561271552559401
h001_k5_baseline,1.0,565,5.65,0.11007046869161223,0.11007046869161223,0.06181539466172312,0.09074310381973155,0.09575766378197788
h001_k5_baseline,1.0,566,5.66,-0.09035266098319589,0.09035266098319589,0.06211982141084573,0.09083547848481906,0.09601454340724683
h001_k5_baseline,1.0,567,5.67,0.06927357615906458,0.06927357615906458,0.062463982095003444,0.09092434242088464,0.09622014563523651
h001_k5_baseline,1.0,568,5.68,-0.03686560115119775,0.03686560115119775,0.06149667805762933,0.09100968422713429,0.09638179090397855
h001_k5_baseline,1.0,569,5.69,0.011138929100350092,0.011138929100350092,0.0621438376551434,0.09109149294623542,0.0963210577342136
h001_k5_baseline,1.0,570,5.7,0.025808657855135586,0.025808657855135586,0.06230447842894087,0.09116975806641898,0.09608538274032603
h001_k5_baseline,1.0,571,5.71,-0.05243935516691242,0.05243935516691242,0.06117839429236715,0.09124446952357951,0.09576700533576729
h001_k5_baseline,1.0,572,5.72,0.09825177991216823,0.09825177991216823,0.06211753569718198,0.0913156177033009,0.09542228881049233
h001_k5_baseline,1.0,573,5.73,-0.11829826598302991,0.11829826598302991,0.062125871841269206,0.09138319344275923,0.09512257273502664
h001_k5_baseline,1.0,574,5.74,0.14820984169792906,0.14820984169792906,0.06091223378813359,0.0914471880324571,0.09492003948354652
h001_k5_baseline,1.0,575,5.75,-0.1502209070362092,0.1502209070362092,0.06205051476755774,0.09150759321774635,0.09482981225459218
h001_k5_baseline,1.0,576,5.76,0.16013017448746908,0.16013017448746908,0.062365395350146756,0.09156440120008355,0.09481610624526943
h001_k5_baseline,1.0,577,5.7700000000000005,-0.1547363071897382,0.1547363071897382,0.06417996153913522,0.09161760463795049,0.09483852487598071
h001_k5_baseline,1.0,578,5.78,0.15190660760267977,0.15190660760267977,0.06972172679361116,0.09166719664734711,0.09488481315284786
h001_k5_baseline,1.0,579,5.79,-0.13691584947385776,0.13691584947385776,0.06285389977825259,0.09171317080173008,0.0949931261382651
h001_k5_baseline,1.0,580,5.8,0.1243406134213232,0.1243406134213232,0.06087106180555472,0.09175552113122844,0.09504370695249004
h001_k5_baseline,1.0,581,5.8100000000000005,-0.10584088307101877,0.10584088307101877,0.06182930484925736,0.0917942421208985,0.09506253813733247
h001_k5_baseline,1.0,582,5.82,0.08836914143229332,0.08836914143229332,0.06158470792963217,0.09182932870769833,0.09500116065315849
h001_k5_baseline,1.0,583,5.83,-0.06113994881372246,0.06113994881372246,0.060770444030672714,0.0918607762757391,0.0949452448496303
h001_k5_baseline,1.0,584,5.84,0.040986302440696155,0.040986302440696155,0.061689079660551066,0.09188858064920875,0.09487547926958212
h001_k5_baseline,1.0,585,5.8500000000000005,-0.012606977410806585,0.012606977410806585,0.06148875006694329,0.09191273808213844,0.09484332698741606
h001_k5_baseline,1.0,586,5.86,-0.0027916227408572476,0.0027916227408572476,0.06097755318417335,0.09193324524387622,0.09483006730208907
h001_k5_baseline,1.0,587,5.87,0.035206823796024134,0.035206823796024134,0.06153502379162415,0.09195009919871343,0.09482954511348166
h001_k5_baseline,1.0,588,5.88,-0.05233967263037059,0.05233967263037059,0.06129674244014512,0.0919632973775363,0.09483078312334045
h001_k5_baseline,1.0,589,5.89,0.08874072127439814,0.08874072127439814,0.06042680785986176,0.09197283753859524,0.09483337821306159
h001_k5_baseline,1.0,590,5.9,-0.09790915376352832,0.09790915376352832,0.06136848800016383,0.09197871771341626,0.09484718611918137
h001_k5_baseline,1.0,591,5.91,0.1278132901915476,0.1278132901915476,0.061183970691797596,0.09198093613242492,0.09486455851399908
h001_k5_baseline,1.0,592,5.92,-0.12729986146105265,0.12729986146105265,0.0664797600993324,0.09197949112287052,0.09494011631009966
h001_k5_baseline,1.0,593,5.93,0.1366456951396464,0.1366456951396464,0.07844999747815107,0.0919743809689351,0.09508868323797809
h001_k5_baseline,1.0,594,5.94,-0.12319305407791052,0.12319305407791052,0.08193671186640408,0.09196560372023216,0.09567877540853978
h001_k5_baseline,1.0,595,5.95,0.114005092093518,0.114005092093518,0.08659957424940655,0.09195315692989156,0.09694181314508837
h001_k5_baseline,1.0,596,5.96,-0.09672619244089421,0.09672619244089421,0.08449051508093913,0.09193703729661107,0.09982431901054625
h001_k5_baseline,1.0,597,5.97,0.07828284073253575,0.07828284073253575,0.08274435550851345,0.0919172401757925,0.10402146453245828
h001_k5_baseline,1.0,598,5.98,-0.05332234450461873,0.05332234450461873,0.08022524719887049,0.09189375891228992,0.10902998681076725
h001_k5_baseline,1.0,599,5.99,0.026266423958526346,0.026266423958526346,0.07982879882144064,0.09186658393020262,0.11336661090523058
h001_k5_baseline,1.0,600,6.0,0.008211403268181244,0.008211403268181244,0.07876693152500226,0.0918357014919475,0.11639411892937582
h001_k5_baseline,1.0,601,6.01,-0.023900088208442166,0.023900088208442166,0.0762189751766863,0.09180109200738705,0.11750677029033185
h001_k5_baseline,1.0,602,6.0200000000000005,0.04738183034715013,0.04738183034715013,0.07442757639940127,0.09176272773116476,0.11781973043790711
h001_k5_baseline,1.0,603,6.03,-0.05393296421222844,0.05393296421222844,0.07400911640164384,0.0917205696286994,0.11741790828607082
h001_k5_baseline,1.0,604,6.04,0.07419089923936266,0.07419089923936266,0.07208884693669773,0.0916745631132591,0.11707588122980501
h001_k5_baseline,1.0,605,6.05,-0.07266394250348698,0.07266394250348698,0.07701102899111666,0.09162463225114087,0.1165148814190394
h001_k5_baseline,1.0,606,6.0600000000000005,0.08475175881155372,0.08475175881155372,0.07093812734946545,0.09157067188982661,0.11611758420935289
h001_k5_baseline,1.0,607,6.07,-0.07812243714751169,0.07812243714751169,0.07969002621158543,0.09151253697257979,0.11579500780072453
h001_k5_baseline,1.0,608,6.08,0.08232021222938211,0.08232021222938211,0.07578496951001647,0.0914500280457609,0.11571839269199466
h001_k5_baseline,1.0,609,6.09,-0.072373847329309,0.072373847329309,0.08630803572485929,0.09138287162047765,0.1162503695240169
h001_k5_baseline,1.0,610,6.1000000000000005,0.06741337828924437,0.06741337828924437,0.08763792363819269,0.09131069358981055,0.11794772074922735
h001_k5_baseline,1.0,611,6.11,-0.0582498212698348,0.0582498212698348,0.09199592002126128,0.091232983290542,0.12209040157839471
h001_k5_baseline,1.0,612,6.12,0.0512910473327091,0.0512910473327091,0.09585055343653825,0.09369070451858912,0.12894121010376114
h001_k5_baseline,1.0,613,6.13,-0.043165135656908674,0.043165135656908674,0.09991832038940213,0.09991832038940213,0.13701141754229884
h001_k5_baseline,1.0,614,6.140000000000001,0.03564047123770432,0.03564047123770432,0.10375741782557106,0.10375741782557106,0.1433869180929142
h001_k5_baseline,1.0,615,6.15,-0.014630067442424424,0.014630067442424424,0.10766232814116863,0.10766232814116863,0.14643832011248337
h001_k5_baseline,1.0,616,6.16,0.0051949555813178535,0.0051949555813178535,0.11044501159398454,0.11044501159398454,0.1455752232390357
h001_k5_baseline,1.0,617,6.17,0.013787660093028639,0.013787660093028639,0.11166650435621824,0.11166650435621824,0.1429148070506523
h001_k5_baseline,1.0,618,6.18,-0.020456837766904986,0.020456837766904986,0.1122650732861243,0.1122650732861243,0.1399694711958525
h001_k5_baseline,1.0,619,6.19,0.03404519723989145,0.03404519723989145,0.11656362258251159,0.11656362258251159,0.1376429949051155
h001_k5_baseline,1.0,620,6.2,-0.037430549157852364,0.037430549157852364,0.11494203025303237,0.11494203025303237,0.13705277942462157
h001_k5_baseline,1.0,621,6.21,0.044712581298187386,0.044712581298187386,0.11318015621881618,0.11318015621881618,0.13934916825682017
h001_k5_baseline,1.0,622,6.22,-0.042488319762583576,0.042488319762583576,0.11118912147270205,0.11118912147270205,0.14481670750470826
h001_k5_baseline,1.0,623,6.23,0.04387110989080892,0.04387110989080892,0.10587293170560262,0.10587293170560262,0.15118132932732103
h001_k5_baseline,1.0,624,6.24,-0.037084876321799846,0.037084876321799846,0.10156544395104813,0.10156544395104813,0.1571174664165808
h001_k5_baseline,1.0,625,6.25,0.03542117297597147,0.03542117297597147,0.09858647726923857,0.09858647726923857,0.16088726409509002
h001_k5_baseline,1.0,626,6.26,-0.028609231265088166,0.028609231265088166,0.09629262723948179,0.09629262723948179,0.16361033381852386
h001_k5_baseline,1.0,627,6.2700000000000005,0.026387845816994916,0.026387845816994916,0.09441980089445624,0.09441980089445624,0.16506933559734846
h001_k5_baseline,1.0,628,6.28,-0.022905113644132682,0.022905113644132682,0.09323434976584054,0.09323434976584054,0.16587666962321468
h001_k5_baseline,1.0,629,6.29,0.028369666384703708,0.028369666384703708,0.09282752270885519,0.09282752270885519,0.1664094193736431
h001_k5_baseline,1.0,630,6.3,-0.027546582104574443,0.027546582104574443,0.0923671976729967,0.0923671976729967,0.166909502072759
h001_k5_baseline,1.0,631,6.3100000000000005,0.030825802251967228,0.030825802251967228,0.09186856216269308,0.09186856216269308,0.1673182902690368
h001_k5_baseline,1.0,632,6.32,-0.02889924889165383,0.02889924889165383,0.09183707321075242,0.09183707321075242,0.1676394128793648
h001_k5_baseline,1.0,633,6.33,0.029190608797169792,0.029190608797169792,0.0929170475126851,0.0929170475126851,0.16786631697585747
h001_k5_baseline,1.0,634,6.34,-0.023854547557378515,0.023854547557378515,0.0937586731914179,0.0937586731914179,0.16799972617225137
h001_k5_baseline,1.0,635,6.3500000000000005,0.022215536706510643,0.022215536706510643,0.09444596983551093,0.09444596983551093,0.16805297127345373
h001_k5_baseline,1.0,636,6.36,-0.012015837491481387,0.012015837491481387,0.09503933527583587,0.09503933527583587,0.16802794072287483
h001_k5_baseline,1.0,637,6.37,0.00980651237707052,0.00980651237707052,0.09558099907378759,0.09558099907378759,0.16793686243782746
h001_k5_baseline,1.0,638,6.38,0.0007006332291906083,0.0007006332291906083,0.09610174590051652,0.09610174590051652,0.16778657459476615
h001_k5_baseline,1.0,639,6.390000000000001,-0.002554167846346272,0.002554167846346272,0.09662382006063493,0.09662382006063493,0.1675889733944813
h001_k5_baseline,1.0,640,6.4,0.012189881092767339,0.012189881092767339,0.09716376682359053,0.09716376682359053,0.16735022354990936
h001_k5_baseline,1.0,641,6.41,-0.013496567434050097,0.013496567434050097,0.09773400307022446,0.09773400307022446,0.16708355415448928
h001_k5_baseline,1.0,642,6.42,0.016990010971954777,0.016990010971954777,0.0983441020453591,0.0983441020453591,0.16679163237847977
h001_k5_baseline,1.0,643,6.43,-0.01827049984005369,0.01827049984005369,0.09900184318671666,0.09900184318671666,0.166469941847767
h001_k5_baseline,1.0,644,6.44,0.02022164975142432,0.02022164975142432,0.09971430346702548,0.09971430346702548,0.16611066906703204
h001_k5_baseline,1.0,645,6.45,-0.02082602664076297,0.02082602664076297,0.10048907118011026,0.10048907118011026,0.16570544179852348
h001_k5_baseline,1.0,646,6.46,0.025364132414304484,0.025364132414304484,0.10133585715988999,0.10133585715988999,0.16524300486815638
h001_k5_baseline,1.0,647,6.47,-0.027735240411581482,0.027735240411581482,0.10226784340918026,0.10226784340918026,0.1647098358511707
h001_k5_baseline,1.0,648,6.48,0.04053295562472822,0.04053295562472822,0.10330400460208744,0.10330400460208744,0.16408572804643395
h001_k5_baseline,1.0,649,6.49,-0.04452912434103261,0.04452912434103261,0.10447326094455539,0.10447326094455539,0.16334693729235072
h001_k5_baseline,1.0,650,6.5,0.05925442469255865,0.05925442469255865,0.1058186644367927,0.1058186644367927,0.16245377212233345
