label,alpha,alpha_c,cell,time,q,abs_q,hp_edge,hp_ahead_max,hp_ahead_energy
h002_k20_rank1_a12,0.13894216412,0.11578513683838942,0,0.0,0.0010285545804928063,0.0010285545804928063,0.0022728876417005823,4.74930271732156e-05,2.767991624957142e-09
h002_k20_rank1_a12,0.13894216412,0.11578513683838942,1,0.02,-0.0010035088081595312,0.0010035088081595312,0.002753021111045626,5.624217364152388e-05,3.884672598902816e-09
h002_k20_rank1_a12,0.13894216412,0.11578513683838942,2,0.04,0.0009741954721932874,0.0009741954721932874,0.002148181995561609,7.523888575628161e-05,6.958499797340243e-09
h002_k20_rank1_a12,0.13894216412,0.11578513683838942,3,0.06,-0.0009499040294673073,0.0009499040294673073,0.0022378506329446216,5.355094042319203e-05,3.5233911852667703e-09
h002_k20_rank1_a12,0.13894216412,0.11578513683838942,4,0.08,0.0009232611617672438,0.0009232611617672438,0.0017498591180537403,6.337280465830826e-05,4.937102094953182e-09
h002_k20_rank1_a12,0.13894216412,0.11578513683838942,5,0.1,-0.0008997849822480489,0.0008997849822480489,0.0017967064940712738,4.048449460244937e-05,2.013844838459637e-09
h002_k20_rank1_a12,0.13894216412,0.11578513683838942,6,0.12,0.000874374121260529,0.000874374121260529,0.001147836885883069,4.6207234062346334e-05,2.624846152677224e-09
h002_k20_rank1_a12,0.13894216412,0.11578513683838942,7,0.14,-0.0008517495537889982,0.0008517495537889982,0.001585757211013695,3.120261298355019e-05,1.1961315907426673e-09
h002_k20_rank1_a12,0.13894216412,0.11578513683838942,8,0.16,0.0008285370411948655,0.0008285370411948655,0.0004927570307813937,1.6820358894347453e-05,3.4796838682394853e-10
h002_k20_rank1_a12,0.13894216412,0.11578513683838942,9,0.18,-0.0008063785239413362,0.0008063785239413362,0.001338710429819592,3.518870413061632e-05,1.5209878611434257e-09
h002_k20_rank1_a12,0.13894216412,0.11578513683838942,10,0.2,0.0007805680900108698,0.0007805680900108698,0.002807208324154455,5.8485709325969645e-05,4.199524403124641e-09
h002_k20_rank1_a12,0.13894216412,0.11578513683838942,11,0.22,-0.0007616030524589285,0.0007616030524589285,0.0005695191344060747,2.4477506352051386e-05,7.369702112840492e-10
h002_k20_rank1_a12,0.13894216412,0.11578513683838942,12,0.24,0.0007424559010616408,0.0007424559010616408,0.0026333059766830646,6.81588248383816e-05,5.706390828347296e-09
h002_k20_rank1_a12,0.13894216412,0.11578513683838942,13,0.26,-0.0007281442198311086,0.0007281442198311086,0.0012165915196330561,4.772023036016774e-06,2.769748257136372e-11
h002_k20_rank1_a12,0.13894216412,0.11578513683838942,14,0.28,0.0007091073475409525,0.0007091073475409525,0.0008120451757846272,2.2055499367176846e-05,5.975907611371367e-10
h002_k20_rank1_a12,0.13894216412,0.11578513683838942,15,0.3,-0.0006923501331394907,0.0006923501331394907,0.0016577095342776035,4.128636260901639e-05,2.0929500925668573e-09
h002_k20_rank1_a12,0.13894216412,0.11578513683838942,16,0.32,0.0006677492501948174,0.0006677492501948174,0.0016284653858901087,4.155571411293787e-05,2.121196945904088e-09
h002_k20_rank1_a12,0.13894216412,0.11578513683838942,17,0.34,-0.0006479588920515293,0.0006479588920515293,0.0023063740010535296,7.034929728173176e-05,6.0799471495508395e-09
h002_k20_rank1_a12,0.13894216412,0.11578513683838942,18,0.36,0.0006280375905888632,0.0006280375905888632,0.0015729659589323848,3.775103567467387e-05,1.7512180490305703e-09
h002_k20_rank1_a12,0.13894216412,0.11578513683838942,19,0.38,-0.0006148968531501723,0.0006148968531501723,0.004298338157529339,0.00012226827749890195,1.8366371763468816e-08
h002_k20_rank1_a12,0.13894216412,0.11578513683838942,20,0.4,0.0005960173361630921,0.0005960173361630921,0.0034143157482566066,9.822622638099501e-05,1.1859070705457248e-08
h002_k20_rank1_a12,0.13894216412,0.11578513683838942,21,0.42,-0.0005811217683286379,0.0005811217683286379,0.0034567996824707665,0.00010917417935870632,1.4647466006238805e-08
h002_k20_rank1_a12,0.13894216412,0.11578513683838942,22,0.44,0.0005649615591413152,0.0005649615591413152,0.0018026074205860305,5.59965045630965e-05,3.855100114301445e-09
h002_k20_rank1_a12,0.13894216412,0.11578513683838942,23,0.46,-0.0005578016755207302,0.0005578016755207302,0.0012002434829346677,5.714386515950369e-06,4.0394228512764686e-11
h002_k20_rank1_a12,0.13894216412,0.11578513683838942,24,0.48,0.000544909464897362,0.000544909464897362,0.0007790596126805375,2.2481231064997126e-05,6.207547576108217e-10
h002_k20_rank1_a12,0.13894216412,0.11578513683838942,25,0.5,-0.0005468582335853124,0.0005468582335853124,0.00428525438874964,0.00010213000992334544,1.2809796794495057e-08
h002_k20_rank1_a12,0.13894216412,0.11578513683838942,26,0.52,0.0005343263398811282,0.0005343263398811282,0.0020492941414851193,7.245425838923475e-05,6.450978691111839e-09
h002_k20_rank1_a12,0.13894216412,0.11578513683838942,27,0.54,-0.0005228149080857287,0.0005228149080857287,0.003763353557057359,9.965627983537046e-05,1.2200736964159832e-08
h002_k20_rank1_a12,0.13894216412,0.11578513683838942,28,0.56,0.0005082573813627062,0.0005082573813627062,0.0021755050012132516,7.116616222999116e-05,6.223444813971451e-09
h002_k20_rank1_a12,0.13894216412,0.11578513683838942,29,0.58,-0.0004958089571340297,0.0004958089571340297,0.003793184767759849,0.00010768348687123024,1.424827004259585e-08
h002_k20_rank1_a12,0.13894216412,0.11578513683838942,30,0.6,0.00047775614235167913,0.00047775614235167913,0.0011469999186234268,4.315365162565675e-05,2.2893028968587e-09
h002_k20_rank1_a12,0.13894216412,0.11578513683838942,31,0.62,-0.0004627696609152069,0.0004627696609152069,0.0008588611099358161,8.636224127223764e-06,9.2274821121746e-11
h002_k20_rank1_a12,0.13894216412,0.11578513683838942,32,0.64,0.0004239704623416106,0.0004239704623416106,0.00432383530107389,0.00011274475178111486,1.5612071173456082e-08
h002_k20_rank1_a12,0.13894216412,0.11578513683838942,33,0.66,-0.0004042595499045024,0.0004042595499045024,0.004075020381043841,0.00011011755285287156,1.4897036757076651e-08
h002_k20_rank1_a12,0.13894216412,0.11578513683838942,34,0.68,0.000353077464101181,0.000353077464101181,0.008595469529720958,0.0002608851136673244,8.369047188471037e-08
h002_k20_rank1_a12,0.13894216412,0.11578513683838942,35,0.7000000000000001,-0.00033350274883177573,0.00033350274883177573,0.006223869893716998,0.00019219767071062237,4.542711063920488e-08
h002_k20_rank1_a12,0.13894216412,0.11578513683838942,36,0.72,0.0003158763030361382,0.0003158763030361382,0.0058192794317493985,0.0002012531050351477,4.983926765174983e-08
h002_k20_rank1_a12,0.13894216412,0.11578513683838942,37,0.74,-0.00031082837635704283,0.00031082837635704283,0.0035182491907219783,0.00011315404443493908,1.5746345817817102e-08
h002_k20_rank1_a12,0.13894216412,0.11578513683838942,38,0.76,0.00030208803003409636,0.00030208803003409636,0.002104520319974039,8.031481937069223e-05,7.937021766290139e-09
h002_k20_rank1_a12,0.13894216412,0.11578513683838942,39,0.78,-0.0003128271359911547,0.0003128271359911547,0.0002575364048680783,5.097987284362873e-06,3.5157527983332937e-11
h002_k20_rank1_a12,0.13894216412,0.11578513683838942,40,0.8,0.0003139514876606492,0.0003139514876606492,0.004982245217702832,9.846278646858762e-05,1.1908110738295491e-08
h002_k20_rank1_a12,0.13894216412,0.11578513683838942,41,0.8200000000000001,-0.000355922966265256,0.000355922966265256,0.0062800729656812635,0.00019959763290270833,4.8992391672409226e-08
h002_k20_rank1_a12,0.13894216412,0.11578513683838942,42,0.84,0.00036383261660348216,0.00036383261660348216,0.009400359515434293,0.0002636710188967071,8.546822385956453e-08
h002_k20_rank1_a12,0.13894216412,0.11578513683838942,43,0.86,-0.00039739745160473306,0.00039739745160473306,0.009945009408865415,0.00034612568458517525,1.4750193109014424e-07
h002_k20_rank1_a12,0.13894216412,0.11578513683838942,44,0.88,0.00040663608011564024,0.00040663608011564024,0.00939092692835572,0.00030378130090313833,1.135790566801891e-07
h002_k20_rank1_a12,0.13894216412,0.11578513683838942,45,0.9,-0.00041041929799605077,0.00041041929799605077,0.0041574504687723465,0.00018595554992837396,4.26259482473501e-08
h002_k20_rank1_a12,0.13894216412,0.11578513683838942,46,0.92,0.00035721509946480757,0.00035721509946480757,0.0014806794747298196,6.643713728720956e-05,5.4511308773040895e-09
h002_k20_rank1_a12,0.13894216412,0.11578513683838942,47,0.9400000000000001,-0.0002931703693560613,0.0002931703693560613,0.0054251860813908795,0.00011846467121042899,1.7249762487668895e-08
h002_k20_rank1_a12,0.13894216412,0.11578513683838942,48,0.96,0.00018804733040761945,0.00018804733040761945,0.005679001583449619,0.0001672673181538019,3.44199715479986e-08
h002_k20_rank1_a12,0.13894216412,0.11578513683838942,49,0.98,-0.00010021595889117899,0.00010021595889117899,0.012212383110081855,0.0003484316089375234,1.4930820934289092e-07
h002_k20_rank1_a12,0.13894216412,0.11578513683838942,50,1.0,-5.477992445060637e-06,5.477992445060637e-06,0.012316022214329805,0.00043624621506105013,2.3445898795574936e-07
h002_k20_rank1_a12,0.13894216412,0.11578513683838942,51,1.02,6.501240813975521e-05,6.501240813975521e-05,0.014458105765018325,0.00047965649067954644,2.834128978879169e-07
h002_k20_rank1_a12,0.13894216412,0.11578513683838942,52,1.04,-0.00010383610803339533,0.00010383610803339533,0.011977200261753205,0.00047072446027260134,2.7330920299420023e-07
h002_k20_rank1_a12,0.13894216412,0.11578513683838942,53,1.06,0.00011592579037306247,0.00011592579037306247,0.009084208883761912,0.0003470397716851078,1.4852567438417322e-07
h002_k20_rank1_a12,0.13894216412,0.11578513683838942,54,1.08,-5.962408071580024e-05,5.962408071580024e-05,0.001523377179978736,0.00010245067459589993,1.3085860933894337e-08
h002_k20_rank1_a12,0.13894216412,0.11578513683838942,55,1.1,-0.000168099942654192,0.000168099942654192,0.007607380932402429,0.00013165475235591683,2.1412319943738357e-08
h002_k20_rank1_a12,0.13894216412,0.11578513683838942,56,1.12,0.0004026693028969996,0.0004026693028969996,0.012780240676408138,0.0003654863728941217,1.6443174119155302e-07
h002_k20_rank1_a12,0.13894216412,0.11578513683838942,57,1.1400000000000001,-0.0006962955999023396,0.0006962955999023396,0.015975790438481696,0.000544232490800904,3.650676000251969e-07
h002_k20_rank1_a12,0.13894216412,0.11578513683838942,58,1.16,0.0008778554919385104,0.0008778554919385104,0.01844161493298313,0.0006455004378637131,5.139536439901007e-07
h002_k20_rank1_a12,0.13894216412,0.11578513683838942,59,1.18,-0.0009868373219672755,0.0009868373219672755,0.017741811123583258,0.0007348251273742274,6.670493255401616e-07
h002_k20_rank1_a12,0.13894216412,0.11578513683838942,60,1.2,0.0010319174973867605,0.0010319174973867605,0.013140917191945298,0.0005547575092310652,3.8053461740128096e-07
h002_k20_rank1_a12,0.13894216412,0.11578513683838942,61,1.22,-0.000983670269432014,0.000983670269432014,0.009282181729572377,0.0004086813106212431,2.0684077718913076e-07
h002_k20_rank1_a12,0.13894216412,0.11578513683838942,62,1.24,0.0007583186280937544,0.0007583186280937544,0.004125094920521798,6.0432521996387447e-05,5.385740589452548e-09
h002_k20_rank1_a12,0.13894216412,0.11578513683838942,63,1.26,-0.00041917378523919366,0.00041917378523919366,0.00863076972300106,0.00020025870157943493,5.032148447777201e-08
h002_k20_rank1_a12,0.13894216412,0.11578513683838942,64,1.28,-0.00030436318139863373,0.00030436318139863373,0.0205841313182499,0.000649140673801382,5.200935555485204e-07
h002_k20_rank1_a12,0.13894216412,0.11578513683838942,65,1.3,0.0008643367018586921,0.0008643367018586921,0.02410277630607505,0.0008656846939975284,9.263060785068409e-07
h002_k20_rank1_a12,0.13894216412,0.11578513683838942,66,1.32,-0.001427626064746303,0.001427626064746303,0.02638200305677124,0.0012162821909566812,1.8323412458768189e-06
h002_k20_rank1_a12,0.13894216412,0.11578513683838942,67,1.34,0.0016855792675418264,0.0016855792675418264,0.021673282165747158,0.0010388187068587345,1.3396083661219724e-06
h002_k20_rank1_a12,0.13894216412,0.11578513683838942,68,1.36,-0.0017526637993851958,0.0017526637993851958,0.01619887646624606,0.000917445193404847,1.0470096813202066e-06
h002_k20_rank1_a12,0.13894216412,0.11578513683838942,69,1.3800000000000001,0.0015657917301576676,0.0015657917301576676,0.0050051944060850685,0.00036361967698505447,1.6865146541786307e-07
h002_k20_rank1_a12,0.13894216412,0.11578513683838942,70,1.4000000000000001,-0.0010957456653413427,0.0010957456653413427,0.0072408086897119955,3.599582559130127e-05,6.8252511461891886e-09
h002_k20_rank1_a12,0.13894216412,0.11578513683838942,71,1.42,0.0001352536191643783,0.0001352536191643783,0.017376953500064758,0.0005048793086607111,3.210684801581535e-07
h002_k20_rank1_a12,0.13894216412,0.11578513683838942,72,1.44,0.0008310305105156406,0.0008310305105156406,0.024982856100293542,0.0008083027497775606,8.148099913031683e-07
h002_k20_rank1_a12,0.13894216412,0.11578513683838942,73,1.46,-0.0022416404838549284,0.0022416404838549284,0.0322771270587019,0.0014820533285853504,2.730040655967979e-06
h002_k20_rank1_a12,0.13894216412,0.11578513683838942,74,1.48,0.003014130694891169,0.003014130694891169,0.032308204306979005,0.0015888671625737488,3.1477721793873343e-06
h002_k20_rank1_a12,0.13894216412,0.11578513683838942,75,1.5,-0.0034633529236577604,0.0034633529236577604,0.024464450467680435,0.0016542351019624756,3.425757080930915e-06
h002_k20_rank1_a12,0.13894216412,0.11578513683838942,76,1.52,0.003591356644476848,0.003591356644476848,0.014681446004575511,0.0010156274114019206,1.309183971112176e-06
h002_k20_rank1_a12,0.13894216412,0.11578513683838942,77,1.54,-0.0030912270806624474,0.0030912270806624474,0.007942522194383248,0.00030466611527744117,1.48419956878019e-07
h002_k20_rank1_a12,0.13894216412,0.11578513683838942,78,1.56,0.0017243465763274748,0.0017243465763274748,0.016195439245080878,0.0003536998231862588,1.9419490791205758e-07
h002_k20_rank1_a12,0.13894216412,0.11578513683838942,79,1.58,4.844467294300159e-05,4.844467294300159e-05,0.029426955001589428,0.0008981430854653309,1.0453095358362855e-06
h002_k20_rank1_a12,0.13894216412,0.11578513683838942,80,1.6,-0.0025224457780649227,0.0025224457780649227,0.03388290763365662,0.0016454126928635746,3.418349212366418e-06
h002_k20_rank1_a12,0.13894216412,0.11578513683838942,81,1.62,0.00412259488682233,0.00412259488682233,0.03674683368156934,0.0018933424993243845,4.53581968920414e-06
h002_k20_rank1_a12,0.13894216412,0.11578513683838942,82,1.6400000000000001,-0.005369181446889099,0.005369181446889099,0.030998907199809404,0.002166490370816909,5.957158754330889e-06
h002_k20_rank1_a12,0.13894216412,0.11578513683838942,83,1.6600000000000001,0.0058068938787798115,0.0058068938787798115,0.023574555204024062,0.001700096430616814,3.739230472149741e-06
h002_k20_rank1_a12,0.13894216412,0.11578513683838942,84,1.68,-0.005562062849602539,0.005562062849602539,0.007556567594229961,0.0008428155310134772,1.0534330312567937e-06
h002_k20_rank1_a12,0.13894216412,0.11578513683838942,85,1.7,0.004331949114260996,0.004331949114260996,0.015235635718995248,0.00020173521981374038,2.0832034110316747e-07
h002_k20_rank1_a12,0.13894216412,0.11578513683838942,86,1.72,-0.0019491649531127439,0.0019491649531127439,0.031807132075347966,0.0008919169206495446,1.229009917907629e-06
h002_k20_rank1_a12,0.13894216412,0.11578513683838942,87,1.74,-0.0020676720501278546,0.0020676720501278546,0.04033410975520678,0.0019357899628645256,4.931276075342467e-06
h002_k20_rank1_a12,0.13894216412,0.11578513683838942,88,1.76,0.005088447725213539,0.005088447725213539,0.043558561402531004,0.0025103359076833246,8.149864719230147e-06
h002_k20_rank1_a12,0.13894216412,0.11578513683838942,89,1.78,-0.007683215646165892,0.007683215646165892,0.035782630886423965,0.0029596786578040624,1.129340980915759e-05
h002_k20_rank1_a12,0.13894216412,0.11578513683838942,90,1.8,0.008412717126818613,0.008412717126818613,0.023912041137897827,0.0022984200240760613,7.163015515517633e-06
h002_k20_rank1_a12,0.13894216412,0.11578513683838942,91,1.82,-0.008282541175526317,0.008282541175526317,0.011026793190257591,0.00128885864022109,2.6248256312747696e-06
h002_k20_rank1_a12,0.13894216412,0.11578513683838942,92,1.84,0.007176687076277322,0.007176687076277322,0.01627434864236811,0.0009910217373275288,1.5635474245196467e-06
h002_k20_rank1_a12,0.13894216412,0.11578513683838942,93,1.86,-0.0045715134313969955,0.0045715134313969955,0.03052380566156757,0.0013694999442209021,4.128877213959517e-06
h002_k20_rank1_a12,0.13894216412,0.11578513683838942,94,1.8800000000000001,-0.0004280443161246584,0.0004280443161246584,0.045223487866682774,0.0020972834660987582,1.0565626607574599e-05
h002_k20_rank1_a12,0.13894216412,0.11578513683838942,95,1.9000000000000001,0.004868965783176627,0.004868965783176627,0.04911519437438438,0.0029927646617605706,1.790444555670903e-05
h002_k20_rank1_a12,0.13894216412,0.11578513683838942,96,1.92,-0.00961886362384486,0.00961886362384486,0.04259893113342513,0.003939745631497785,2.7547930946084858e-05
h002_k20_rank1_a12,0.13894216412,0.11578513683838942,97,1.94,0.010859556511517912,0.010859556511517912,0.02843424116190624,0.0032965976381263942,2.275590329020645e-05
h002_k20_rank1_a12,0.13894216412,0.11578513683838942,98,1.96,-0.01082313292927372,0.01082313292927372,0.014661971154299376,0.002057355452956507,1.5045138632471479e-05
h002_k20_rank1_a12,0.13894216412,0.11578513683838942,99,1.98,0.009319383161717397,0.009319383161717397,0.022779294765511014,0.0013304993053040643,1.0377389278168129e-05
h002_k20_rank1_a12,0.13894216412,0.11578513683838942,100,2.0,-0.006001014754127942,0.006001014754127942,0.03414032517333732,0.001323350315437423,1.1838161301381852e-05
h002_k20_rank1_a12,0.13894216412,0.11578513683838942,101,2.02,-0.0002800848522968701,0.0002800848522968701,0.04766688508366791,0.002322910961704368,1.973740886398583e-05
h002_k20_rank1_a12,0.13894216412,0.11578513683838942,102,2.04,0.005789893715999044,0.005789893715999044,0.050276749665028944,0.003214447209576053,2.9088995269168983e-05
h002_k20_rank1_a12,0.13894216412,0.11578513683838942,103,2.06,-0.011881294120933689,0.011881294120933689,0.042847661965626734,0.004218922363864928,4.203741729520858e-05
h002_k20_rank1_a12,0.13894216412,0.11578513683838942,104,2.08,0.013388381744985725,0.013388381744985725,0.03005716274421033,0.0035900654399634024,3.851342538485664e-05
h002_k20_rank1_a12,0.13894216412,0.11578513683838942,105,2.1,-0.013471280529273667,0.013471280529273667,0.014990034264175478,0.002286386781941962,2.9693489829135967e-05
h002_k20_rank1_a12,0.13894216412,0.11578513683838942,106,2.12,0.011997401692811466,0.011997401692811466,0.023656407313431133,0.0019036313853407604,2.3343973540217215e-05
h002_k20_rank1_a12,0.13894216412,0.11578513683838942,107,2.14,-0.007793835636182763,0.007793835636182763,0.04251566804933473,0.001909125273745603,2.57115248999829e-05
h002_k20_rank1_a12,0.13894216412,0.11578513683838942,108,2.16,-0.0009171827494391799,0.0009171827494391799,0.053606645659171163,0.003019119169299656,3.834498878592698e-05
h002_k20_rank1_a12,0.13894216412,0.11578513683838942,109,2.18,0.008214934854745677,0.008214934854745677,0.053717296788934145,0.004149800651427427,5.154849508393572e-05
h002_k20_rank1_a12,0.13894216412,0.11578513683838942,110,2.2,-0.015298351884287215,0.015298351884287215,0.03988928347830897,0.004847301873000308,6.465743581464468e-05
h002_k20_rank1_a12,0.13894216412,0.11578513683838942,111,2.22,0.016574873613821022,0.016574873613821022,0.02690354804458447,0.0037357736454960884,5.938376126115646e-05
h002_k20_rank1_a12,0.13894216412,0.11578513683838942,112,2.24,-0.016399064226917504,0.016399064226917504,0.013695144352525718,0.002660578553912256,5.188277764652668e-05
h002_k20_rank1_a12,0.13894216412,0.11578513683838942,113,2.2600000000000002,0.014654048377815282,0.014654048377815282,0.027553752409942095,0.0026539532883289555,5.096595308553616e-05
h002_k20_rank1_a12,0.13894216412,0.11578513683838942,114,2.2800000000000002,-0.009684607766981938,0.009684607766981938,0.04996266227115022,0.0026457417172600227,5.675343881629964e-05
h002_k20_rank1_a12,0.13894216412,0.11578513683838942,115,2.3000000000000003,-8.713863709575685e-06,8.713863709575685e-06,0.05709351493113783,0.003715861490411442,7.264739999958034e-05
h002_k20_rank1_a12,0.13894216412,0.11578513683838942,116,2.32,0.00875921888105315,0.00875921888105315,0.05806891580614285,0.005329622757858941,9.139554431101309e-05
h002_k20_rank1_a12,0.13894216412,0.11578513683838942,117,2.34,-0.017043592175526645,0.017043592175526645,0.04299846730257475,0.006203857000584907,0.00010682556898811709
h002_k20_rank1_a12,0.13894216412,0.11578513683838942,118,2.36,0.018121831685666053,0.018121831685666053,0.026432908654805513,0.004737636678351039,9.25684845003848e-05
h002_k20_rank1_a12,0.13894216412,0.11578513683838942,119,2.38,-0.017487626505139825,0.017487626505139825,0.02216333440574441,0.003073883575366404,7.914640018933771e-05
h002_k20_rank1_a12,0.13894216412,0.11578513683838942,120,2.4,0.014265386749646173,0.014265386749646173,0.03766966635753214,0.0030999725818015933,8.156864858202873e-05
h002_k20_rank1_a12,0.13894216412,0.11578513683838942,121,2.42,-0.007562490524730712,0.007562490524730712,0.056070177224026074,0.003081664442748784,9.416893052648999e-05
h002_k20_rank1_a12,0.13894216412,0.11578513683838942,122,2.44,-0.004086693829773027,0.004086693829773027,0.057430248995048505,0.004205271848686394,0.00011946593443282079
h002_k20_rank1_a12,0.13894216412,0.11578513683838942,123,2.46,0.012983729069084102,0.012983729069084102,0.05224964222904329,0.005494251336226107,0.00014407860295582984
h002_k20_rank1_a12,0.13894216412,0.11578513683838942,124,2.48,-0.020365883084114727,0.020365883084114727,0.03686046520371863,0.00551696045829332,0.00015273608393231723
h002_k20_rank1_a12,0.13894216412,0.11578513683838942,125,2.5,0.020795282309333786,0.020795282309333786,0.018614598955739643,0.003620756025755949,0.0001343614599055339
h002_k20_rank1_a12,0.13894216412,0.11578513683838942,126,2.52,-0.019551765427984924,0.019551765427984924,0.02962573843292525,0.003126347548006751,0.00011968246270592963
h002_k20_rank1_a12,0.13894216412,0.11578513683838942,127,2.54,0.014768267392970026,0.014768267392970026,0.0503052716469655,0.0031469160899458325,0.00012033192987109142
h002_k20_rank1_a12,0.13894216412,0.11578513683838942,128,2.56,-0.006072472425676188,0.006072472425676188,0.06584854223634602,0.003456423996872582,0.00013566451258276954
h002_k20_rank1_a12,0.13894216412,0.11578513683838942,129,2.58,-0.008304733762198459,0.008304733762198459,0.06154715624440931,0.006613731357495129,0.00018087523734981164
h002_k20_rank1_a12,0.13894216412,0.11578513683838942,130,2.6,0.016033626191461106,0.016033626191461106,0.04959008011654784,0.007858803209019433,0.00021353798387746965
h002_k20_rank1_a12,0.13894216412,0.11578513683838942,131,2.62,-0.020924966587615154,0.020924966587615154,0.03440826855457478,0.0071744402694260525,0.00021589525003791433
h002_k20_rank1_a12,0.13894216412,0.11578513683838942,132,2.64,0.020701641378511944,0.020701641378511944,0.01972103340332462,0.005087731381714924,0.00019662207623188734
h002_k20_rank1_a12,0.13894216412,0.11578513683838942,133,2.66,-0.017965948923459155,0.017965948923459155,0.04036222759990464,0.005499235378750829,0.00020111834359955896
h002_k20_rank1_a12,0.13894216412,0.11578513683838942,134,2.68,0.010314509512423367,0.010314509512423367,0.05429649842128901,0.005511534989624373,0.0002216167805147435
h002_k20_rank1_a12,0.13894216412,0.11578513683838942,135,2.7,0.001060465194408753,0.001060465194408753,0.06445054236595467,0.005511421750791016,0.00024411348027805337
h002_k20_rank1_a12,0.13894216412,0.11578513683838942,136,2.72,-0.017385616898357558,0.017385616898357558,0.051668130558208854,0.005719509717060842,0.0002736279425761097
h002_k20_rank1_a12,0.13894216412,0.11578513683838942,137,2.74,0.024227356653542677,0.024227356653542677,0.03728775384184644,0.0054741347320554235,0.00027415127888820597
h002_k20_rank1_a12,0.13894216412,0.11578513683838942,138,2.7600000000000002,-0.027210868732600237,0.027210868732600237,0.017434296380114678,0.005437269940585248,0.00025816317264130116
h002_k20_rank1_a12,0.13894216412,0.11578513683838942,139,2.7800000000000002,0.02625140790619988,0.02625140790619988,0.03749355048985369,0.005388599475423559,0.00024689065776002986
h002_k20_rank1_a12,0.13894216412,0.11578513683838942,140,2.8000000000000003,-0.021537609290743866,0.021537609290743866,0.060079961475226505,0.0053459329962877895,0.0002506430270496227
h002_k20_rank1_a12,0.13894216412,0.11578513683838942,141,2.82,0.010326720432398148,0.010326720432398148,0.06958368185893465,0.0053926246099419385,0.00028253831660285
h002_k20_rank1_a12,0.13894216412,0.11578513683838942,142,2.84,0.0025766627354587707,0.0025766627354587707,0.06968848923820563,0.008787288041983787,0.00035268008557162554
h002_k20_rank1_a12,0.13894216412,0.11578513683838942,143,2.86,-0.01676922342095208,0.01676922342095208,0.056263824277099604,0.011726383560667481,0.0004501862584397944
h002_k20_rank1_a12,0.13894216412,0.11578513683838942,144,2.88,0.02033900898386082,0.02033900898386082,0.04027436036515244,0.011395146215022531,0.00046163389743886983
h002_k20_rank1_a12,0.13894216412,0.11578513683838942,145,2.9,-0.0213085011194631,0.0213085011194631,0.024964306276240064,0.008587638307945499,0.0003978106360189064
h002_k20_rank1_a12,0.13894216412,0.11578513683838942,146,2.92,0.019213440258986192,0.019213440258986192,0.040928816547113625,0.005453253575925284,0.0003240120394236443
h002_k20_rank1_a12,0.13894216412,0.11578513683838942,147,2.94,-0.011439736562157195,0.011439736562157195,0.06349346570745468,0.0054311620927801636,0.00030927286046886183
h002_k20_rank1_a12,0.13894216412,0.11578513683838942,148,2.96,-0.004983651727733478,0.004983651727733478,0.06336414969647822,0.0060093075790702295,0.0003513731758906338
h002_k20_rank1_a12,0.13894216412,0.11578513683838942,149,2.98,0.019793152944360543,0.019793152944360543,0.05426676051980557,0.009013005563615045,0.00044112761047468153
h002_k20_rank1_a12,0.13894216412,0.11578513683838942,150,3.0,-0.031257402657351434,0.031257402657351434,0.029958154859984997,0.009463211574256267,0.0005115635410212656
h002_k20_rank1_a12,0.13894216412,0.11578513683838942,151,3.02,0.03127543284208385,0.03127543284208385,0.02030739543832085,0.009550295461003364,0.000534816678724775
h002_k20_rank1_a12,0.13894216412,0.11578513683838942,152,3.04,-0.029421952075944675,0.029421952075944675,0.04956818897315668,0.009585268368469058,0.000546861186650827
h002_k20_rank1_a12,0.13894216412,0.11578513683838942,153,3.06,0.02330797993613888,0.02330797993613888,0.06626968633316553,0.009568185335625154,0.000573360944516232
h002_k20_rank1_a12,0.13894216412,0.11578513683838942,154,3.08,-0.012149625051918595,0.012149625051918595,0.07722739603221741,0.009499834098828373,0.0006371569397387782
h002_k20_rank1_a12,0.13894216412,0.11578513683838942,155,3.1,-0.005595282530510021,0.005595282530510021,0.06938373950665135,0.012204310524365295,0.0007806607272588614
h002_k20_rank1_a12,0.13894216412,0.11578513683838942,156,3.12,0.017068220381516702,0.017068220381516702,0.05839546388811033,0.01542284451376406,0.000909779478359233
h002_k20_rank1_a12,0.13894216412,0.11578513683838942,157,3.14,-0.02556813110991825,0.02556813110991825,0.04393788521812556,0.015577335067604647,0.0009270527374021557
h002_k20_rank1_a12,0.13894216412,0.11578513683838942,158,3.16,0.025414060761004033,0.025414060761004033,0.034272146052143786,0.011754497249474657,0.0007939950936446535
h002_k20_rank1_a12,0.13894216412,0.11578513683838942,159,3.18,-0.02190364296845778,0.02190364296845778,0.06589376639434835,0.009009182957857772,0.0006600108270460023
h002_k20_rank1_a12,0.13894216412,0.11578513683838942,160,3.2,0.01096859079168759,0.01096859079168759,0.0720858701090394,0.009001976133234101,0.0006139778379022288
h002_k20_rank1_a12,0.13894216412,0.11578513683838942,161,3.22,0.005322433961588139,0.005322433961588139,0.07464094890861718,0.008945478761595394,0.0006456088668419552
h002_k20_rank1_a12,0.13894216412,0.11578513683838942,162,3.24,-0.02365133428031549,0.02365133428031549,0.04938004385768246,0.008841398147582061,0.0007080507590015642
h002_k20_rank1_a12,0.13894216412,0.11578513683838942,163,3.2600000000000002,0.027520933603900948,0.027520933603900948,0.026525970365876207,0.009001927572257947,0.0007640670911056066
h002_k20_rank1_a12,0.13894216412,0.11578513683838942,164,3.2800000000000002,-0.027591049788598585,0.027591049788598585,0.021473136355221516,0.01132409044671331,0.000858143903174947
h002_k20_rank1_a12,0.13894216412,0.11578513683838942,165,3.3000000000000003,0.024844418433690035,0.024844418433690035,0.04803977746658446,0.011596905671985952,0.0009779265381418027
h002_k20_rank1_a12,0.13894216412,0.11578513683838942,166,3.3200000000000003,-0.01673057878795893,0.01673057878795893,0.06819297426048032,0.012466696792767637,0.0010523360014872375
h002_k20_rank1_a12,0.13894216412,0.11578513683838942,167,3.34,-1.1973726279835076e-05,1.1973726279835076e-05,0.06773709566178666,0.013169328673051428,0.0011154725672066414
h002_k20_rank1_a12,0.13894216412,0.11578513683838942,168,3.36,0.017181953497009995,0.017181953497009995,0.06261545766315608,0.01354040385351195,0.0012165555832351883
h002_k20_rank1_a12,0.13894216412,0.11578513683838942,169,3.38,-0.033381436271360365,0.033381436271360365,0.0441286241974314,0.01362646230269416,0.0012472843686148092
h002_k20_rank1_a12,0.13894216412,0.11578513683838942,170,3.4,0.03464126441224524,0.03464126441224524,0.026143492298974093,0.013477127773715672,0.0011608418673007938
h002_k20_rank1_a12,0.13894216412,0.11578513683838942,171,3.42,-0.03305820468543973,0.03305820468543973,0.05544240952242526,0.013265139258804345,0.0012243794209483168
h002_k20_rank1_a12,0.13894216412,0.11578513683838942,172,3.44,0.025894059842402513,0.025894059842402513,0.07528181676149917,0.015141902099680516,0.0015913828291289598
h002_k20_rank1_a12,0.13894216412,0.11578513683838942,173,3.46,-0.011854925352719778,0.011854925352719778,0.08294213030820163,0.02301431320936214,0.0021806847884823905
h002_k20_rank1_a12,0.13894216412,0.11578513683838942,174,3.48,-0.009909260042678012,0.009909260042678012,0.07006191356756307,0.026906746355118024,0.002960626225239008
h002_k20_rank1_a12,0.13894216412,0.11578513683838942,175,3.5,0.021628852479957356,0.021628852479957356,0.052140937587855936,0.032541672198963624,0.0038006114334438027
h002_k20_rank1_a12,0.13894216412,0.11578513683838942,176,3.52,-0.027761612724498962,0.027761612724498962,0.037102197989844245,0.034490760510437805,0.004632276844137752
h002_k20_rank1_a12,0.13894216412,0.11578513683838942,177,3.54,0.02739269454287474,0.02739269454287474,0.03849363952701575,0.039124798779891876,0.0056718684777649665
h002_k20_rank1_a12,0.13894216412,0.11578513683838942,178,3.56,-0.02219001880129137,0.02219001880129137,0.06814980918256244,0.04323488965040729,0.007307820336966466
h002_k20_rank1_a12,0.13894216412,0.11578513683838942,179,3.58,0.008682245454725065,0.008682245454725065,0.0643160459758471,0.050108629938843435,0.009443562031622627
h002_k20_rank1_a12,0.13894216412,0.11578513683838942,180,3.6,0.012142735231823635,0.012142735231823635,0.07188720175381323,0.05766132651886383,0.010881025769687865
h002_k20_rank1_a12,0.13894216412,0.11578513683838942,181,3.62,-0.034893726358208324,0.034893726358208324,0.040025754953688195,0.057623532184572744,0.010569905297371363
h002_k20_rank1_a12,0.13894216412,0.11578513683838942,182,3.64,0.03889370887252998,0.03889370887252998,0.021203016131980723,0.06399846432810558,0.009753736999818378
h002_k20_rank1_a12,0.13894216412,0.11578513683838942,183,3.66,-0.038733198485576485,0.038733198485576485,0.03893468237626293,0.059283101185907,0.010109308172405013
h002_k20_rank1_a12,0.13894216412,0.11578513683838942,184,3.68,0.034692065623869846,0.034692065623869846,0.07405493048304215,0.061512885284171016,0.011872532731198149
h002_k20_rank1_a12,0.13894216412,0.11578513683838942,185,3.7,-0.023732232699019785,0.023732232699019785,0.08786068590433287,0.05285882558118704,0.014078988980960357
h002_k20_rank1_a12,0.13894216412,0.11578513683838942,186,3.72,0.004206682867795774,0.004206682867795774,0.08119467762778605,0.04614411580619165,0.015635311796762405
h002_k20_rank1_a12,0.13894216412,0.11578513683838942,187,3.74,0.013728062735518206,0.013728062735518206,0.07379056759082564,0.054529396766148555,0.016360575253953402
h002_k20_rank1_a12,0.13894216412,0.11578513683838942,188,3.7600000000000002,-0.028210641835655408,0.028210641835655408,0.05898897553440639,0.053188745557861634,0.016106121106341482
h002_k20_rank1_a12,0.13894216412,0.11578513683838942,189,3.7800000000000002,0.03074421936150052,0.03074421936150052,0.04866261042550773,0.054049259707264895,0.015954170750446833
h002_k20_rank1_a12,0.13894216412,0.11578513683838942,190,3.8000000000000003,-0.029725990120804957,0.029725990120804957,0.07899663113608683,0.05156767429616126,0.0165963406356219
h002_k20_rank1_a12,0.13894216412,0.11578513683838942,191,3.8200000000000003,0.020448594914939347,0.020448594914939347,0.08423172972199937,0.04671170147140354,0.017462674396480485
h002_k20_rank1_a12,0.13894216412,0.11578513683838942,192,3.84,-0.0020451147046051353,0.0020451147046051353,0.0861033673607338,0.04747250651674361,0.01850921557409862
h002_k20_rank1_a12,0.13894216412,0.11578513683838942,193,3.86,-0.023339326835983474,0.023339326835983474,0.05930407665431197,0.050430485934237664,0.019264197775326994
h002_k20_rank1_a12,0.13894216412,0.11578513683838942,194,3.88,0.030041380323539823,0.030041380323539823,0.021198063409822786,0.04642419690763835,0.019782208688306983
h002_k20_rank1_a12,0.13894216412,0.11578513683838942,195,3.9,-0.031223256547883767,0.031223256547883767,0.02139120742993536,0.04850395402689795,0.020751639024576347
h002_k20_rank1_a12,0.13894216412,0.11578513683838942,196,3.92,0.028782046939545662,0.028782046939545662,0.060158065027320094,0.050240322853921854,0.02208331625316427
h002_k20_rank1_a12,0.13894216412,0.11578513683838942,197,3.94,-0.01959240212351055,0.01959240212351055,0.0858284893528449,0.04814069267834419,0.02347615435882673
h002_k20_rank1_a12,0.13894216412,0.11578513683838942,198,3.96,0.0024275001885741,0.0024275001885741,0.07447165423882765,0.050268702633981054,0.024999380369499304
h002_k20_rank1_a12,0.13894216412,0.11578513683838942,199,3.98,0.017630382120322943,0.017630382120322943,0.07484735677529802,0.04892111711659659,0.026418545887972184
h002_k20_rank1_a12,0.13894216412,0.11578513683838942,200,4.0,-0.03596518292412697,0.03596518292412697,0.05928995072564413,0.05017997305798871,0.027180291247257262
h002_k20_rank1_a12,0.13894216412,0.11578513683838942,201,4.0200000000000005,0.03873558255152491,0.03873558255152491,0.04277026333762932,0.047152239798170896,0.0272374745112946
h002_k20_rank1_a12,0.13894216412,0.11578513683838942,202,4.04,-0.03770030026270521,0.03770030026270521,0.07205090984557988,0.04498860047621844,0.02667893018879697
h002_k20_rank1_a12,0.13894216412,0.11578513683838942,203,4.0600000000000005,0.027543452186938988,0.027543452186938988,0.08857459429749076,0.047615699122517764,0.02595151419066879
h002_k20_rank1_a12,0.13894216412,0.11578513683838942,204,4.08,-0.007919636767630623,0.007919636767630623,0.0848074290225122,0.05097915021098828,0.02549793609234084
h002_k20_rank1_a12,0.13894216412,0.11578513683838942,205,4.1,-0.020727474349998543,0.020727474349998543,0.05938786345297858,0.05075328565875443,0.025600240324529802
h002_k20_rank1_a12,0.13894216412,0.11578513683838942,206,4.12,0.032664467592092045,0.032664467592092045,0.028510705465082976,0.05090346344391529,0.02633424188716254
h002_k20_rank1_a12,0.13894216412,0.11578513683838942,207,4.14,-0.035672386698171396,0.035672386698171396,0.03221192528930029,0.0505251177309973,0.027412211129062374
h002_k20_rank1_a12,0.13894216412,0.11578513683838942,208,4.16,0.03383683949041964,0.03383683949041964,0.043321345848667855,0.04965991113168642,0.028523763588008302
h002_k20_rank1_a12,0.13894216412,0.11578513683838942,209,4.18,-0.02316321942548086,0.02316321942548086,0.08235221776497896,0.05273116711866723,0.029667596491497344
h002_k20_rank1_a12,0.13894216412,0.11578513683838942,210,4.2,0.0013629472673954476,0.0013629472673954476,0.06846806654683286,0.05151599775097519,0.030694621946469953
h002_k20_rank1_a12,0.13894216412,0.11578513683838942,211,4.22,0.02441348769930209,0.02441348769930209,0.06574973114285353,0.051734206860556416,0.0316589306897703
h002_k20_rank1_a12,0.13894216412,0.11578513683838942,212,4.24,-0.0481165922256671,0.0481165922256671,0.048925193144242485,0.05318880605198548,0.03262442796480168
h002_k20_rank1_a12,0.13894216412,0.11578513683838942,213,4.26,0.04948504924787116,0.04948504924787116,0.048728914620195365,0.05465353154168583,0.03248977885641214
h002_k20_rank1_a12,0.13894216412,0.11578513683838942,214,4.28,-0.047482949591217696,0.047482949591217696,0.06520426922336957,0.05867925488791987,0.031742094496374954
h002_k20_rank1_a12,0.13894216412,0.11578513683838942,215,4.3,0.03825876222561811,0.03825876222561811,0.08924186839929281,0.06036437224798097,0.031152939693946356
h002_k20_rank1_a12,0.13894216412,0.11578513683838942,216,4.32,-0.01897002739329825,0.01897002739329825,0.08701865899533577,0.05889390849693967,0.03201217541708402
h002_k20_rank1_a12,0.13894216412,0.11578513683838942,217,4.34,-0.008857263241176125,0.008857263241176125,0.06674469572563224,0.05986841457122913,0.033840388991771345
h002_k20_rank1_a12,0.13894216412,0.11578513683838942,218,4.36,0.02687083568034541,0.02687083568034541,0.05068415357302733,0.05247038986838649,0.03513577497132054
h002_k20_rank1_a12,0.13894216412,0.11578513683838942,219,4.38,-0.035156755824648334,0.035156755824648334,0.045696957358586796,0.052563740594029795,0.03544870950476482
h002_k20_rank1_a12,0.13894216412,0.11578513683838942,220,4.4,0.03501498876929458,0.03501498876929458,0.05360178089006508,0.05869968812071154,0.03542526068110091
h002_k20_rank1_a12,0.13894216412,0.11578513683838942,221,4.42,-0.0285785278107038,0.0285785278107038,0.08991287982244243,0.05947449413773868,0.0363762310759041
h002_k20_rank1_a12,0.13894216412,0.11578513683838942,222,4.44,0.010985983812461367,0.010985983812461367,0.08639200408821085,0.06287695659493822,0.03798923468058199
h002_k20_rank1_a12,0.13894216412,0.11578513683838942,223,4.46,0.009388677046801994,0.009388677046801994,0.0726431562762115,0.0597650745086179,0.039370948306020045
h002_k20_rank1_a12,0.13894216412,0.11578513683838942,224,4.48,-0.0312731215548325,0.0312731215548325,0.05668047329181851,0.05521990067606195,0.0402491617171807
h002_k20_rank1_a12,0.13894216412,0.11578513683838942,225,4.5,0.03208499666735956,0.03208499666735956,0.04799078731119751,0.052644583321326405,0.04050418225492775
h002_k20_rank1_a12,0.13894216412,0.11578513683838942,226,4.5200000000000005,-0.030180733979021553,0.030180733979021553,0.052116177229820274,0.051868193815886435,0.04073749793238034
h002_k20_rank1_a12,0.13894216412,0.11578513683838942,227,4.54,0.021727696878087666,0.021727696878087666,0.07009907758483441,0.05607816499899397,0.0409967388516922
h002_k20_rank1_a12,0.13894216412,0.11578513683838942,228,4.5600000000000005,-0.0018739734220862801,0.0018739734220862801,0.08627638304092765,0.05642614551840068,0.04070783293271507
h002_k20_rank1_a12,0.13894216412,0.11578513683838942,229,4.58,-0.02326813377533723,0.02326813377533723,0.05561440974976281,0.05355618135240659,0.040330280640752475
h002_k20_rank1_a12,0.13894216412,0.11578513683838942,230,4.6000000000000005,0.03946037092327939,0.03946037092327939,0.055927047937083606,0.055927047937083606,0.039889434881487856
h002_k20_rank1_a12,0.13894216412,0.11578513683838942,231,4.62,-0.04750250987635799,0.04750250987635799,0.053661800349407866,0.053661800349407866,0.039754356360522713
h002_k20_rank1_a12,0.13894216412,0.11578513683838942,232,4.64,0.04567008426207769,0.04567008426207769,0.052053395120999775,0.05274111091596474,0.04025672626482363
h002_k20_rank1_a12,0.13894216412,0.11578513683838942,233,4.66,-0.039256046230486424,0.039256046230486424,0.08445228976401134,0.05131383173815066,0.04153149594704264
h002_k20_rank1_a12,0.13894216412,0.11578513683838942,234,4.68,0.02108476762592165,0.02108476762592165,0.09218449396243668,0.05459812253717948,0.04257210587651677
h002_k20_rank1_a12,0.13894216412,0.11578513683838942,235,4.7,0.0029827474171477044,0.0029827474171477044,0.08119626785609636,0.05041124236465036,0.04400479966914323
h002_k20_rank1_a12,0.13894216412,0.11578513683838942,236,4.72,-0.029746001237806134,0.029746001237806134,0.06368835005815371,0.052355263222815064,0.045805458781443965
h002_k20_rank1_a12,0.13894216412,0.11578513683838942,237,4.74,0.035978667759585053,0.035978667759585053,0.053924338814267156,0.053924338814267156,0.047700361968486295
h002_k20_rank1_a12,0.13894216412,0.11578513683838942,238,4.76,-0.03610057442702047,0.03610057442702047,0.07092041480794581,0.05076865920789383,0.04887865516822581
h002_k20_rank1_a12,0.13894216412,0.11578513683838942,239,4.78,0.030527754653614375,0.030527754653614375,0.07653081870785282,0.05290542637632076,0.0490182211032955
h002_k20_rank1_a12,0.13894216412,0.11578513683838942,240,4.8,-0.012907634023990673,0.012907634023990673,0.09459618409081647,0.05257470764771792,0.048472058012438035
h002_k20_rank1_a12,0.13894216412,0.11578513683838942,241,4.82,-0.013843416883770691,0.013843416883770691,0.05977316503025991,0.05185201605318564,0.048272963896061206
h002_k20_rank1_a12,0.13894216412,0.11578513683838942,242,4.84,0.03210758645585412,0.03210758645585412,0.05315844204811942,0.05315844204811942,0.04900610139862748
h002_k20_rank1_a12,0.13894216412,0.11578513683838942,243,4.86,-0.043906761605802716,0.043906761605802716,0.05051629424424143,0.0537115338410189,0.05002052352391684
h002_k20_rank1_a12,0.13894216412,0.11578513683838942,244,4.88,0.041973041375854225,0.041973041375854225,0.05433691149081072,0.05433691149081072,0.05131592408067735
h002_k20_rank1_a12,0.13894216412,0.11578513683838942,245,4.9,-0.03579488377722844,0.03579488377722844,0.08524544501649835,0.05360454922640211,0.05278985342650214
h002_k20_rank1_a12,0.13894216412,0.11578513683838942,246,4.92,0.01763592792995714,0.01763592792995714,0.09118646277354621,0.05786681106155069,0.05427840205939021
h002_k20_rank1_a12,0.13894216412,0.11578513683838942,247,4.94,0.009522121631986112,0.009522121631986112,0.07994672571912778,0.07542605067774792,0.05598514803800704
h002_k20_rank1_a12,0.13894216412,0.11578513683838942,248,4.96,-0.036091304527441775,0.036091304527441775,0.08562676409948503,0.0833724430927165,0.05745634172001486
h002_k20_rank1_a12,0.13894216412,0.11578513683838942,249,4.98,0.04549876091746608,0.04549876091746608,0.08424339258303574,0.08424339258303574,0.05800439561868105
h002_k20_rank1_a12,0.13894216412,0.11578513683838942,250,5.0,-0.049215070431592206,0.049215070431592206,0.08832608350795575,0.07798852147010475,0.05853423978042896
