label,epsilon,a0,cell,time,hp_edge,hp_ahead_max,hp_ahead_energy,mismatch_l2
h002_k20_eps019,0.19,0.005,0,0.0,0.004999999999999999,6.190044951127509e-05,4.359029713500543e-09,0.0154768699444206
h002_k20_eps019,0.19,0.005,1,0.02,0.006048177676261491,7.026930915392794e-05,5.5662541617396136e-09,0.015474521957512014
h002_k20_eps019,0.19,0.005,2,0.04,0.005975062740385867,5.43733281531443e-05,3.288199277838441e-09,0.013840035864680014
h002_k20_eps019,0.19,0.005,3,0.06,0.004759564773553361,4.075143767822676e-05,1.8236207207630214e-09,0.011081318728089665
h002_k20_eps019,0.19,0.005,4,0.08,0.002662997778171589,7.5508879704351845e-06,5.7879551314155426e-11,0.00943247245127814
h002_k20_eps019,0.19,0.005,5,0.1,0.0007348518879989161,1.918982999261422e-05,4.52659306541939e-10,0.010668311697769682
h002_k20_eps019,0.19,0.005,6,0.12,0.0027508663471186323,4.416184041185777e-05,2.2600289484464193e-09,0.013332017313039892
h002_k20_eps019,0.19,0.005,7,0.14,0.004731580117922675,5.990598710260152e-05,4.094186950137796e-09,0.01547622870368857
h002_k20_eps019,0.19,0.005,8,0.16,0.00593291933685966,7.028476314786137e-05,5.579826570265749e-09,0.015722379059161396
h002_k20_eps019,0.19,0.005,9,0.18,0.0060324903573423716,5.631106681925115e-05,3.5335481995353523e-09,0.014226162946842012
h002_k20_eps019,0.19,0.005,10,0.2,0.004914657539711412,4.325041007081032e-05,2.0589663007821324e-09,0.011422795083171183
h002_k20_eps019,0.19,0.005,11,0.22,0.0029314096545068847,1.077148213964841e-05,1.18530336620248e-10,0.009497869872113283
h002_k20_eps019,0.19,0.005,12,0.24,0.0006169118178844945,1.5500303376751093e-05,3.0213636712512077e-10,0.010337516084699207
h002_k20_eps019,0.19,0.005,13,0.26,0.002439263845705812,4.079113552799648e-05,1.9346764796728085e-09,0.012899945401939051
h002_k20_eps019,0.19,0.005,14,0.28,0.004463158216606996,5.791959852704042e-05,3.83316319718643e-09,0.015180478272303118
h002_k20_eps019,0.19,0.005,15,0.3,0.005809790843562886,6.974898749330593e-05,5.502790681226447e-09,0.01570296725678174
h002_k20_eps019,0.19,0.005,16,0.32,0.006035344097220708,5.736559480167012e-05,3.672226226013665e-09,0.014411544705016625
h002_k20_eps019,0.19,0.005,17,0.34,0.005125335667733935,4.702089742249143e-05,2.4436678574227013e-09,0.011794058184569937
h002_k20_eps019,0.19,0.005,18,0.36,0.003243311039963015,1.4451949153975986e-05,2.1663575885891977e-10,0.009597666549489937
h002_k20_eps019,0.19,0.005,19,0.38,0.0006959690532270677,1.1753034020675052e-05,1.813012067442181e-10,0.010012493489606108
h002_k20_eps019,0.19,0.005,20,0.4,0.00213706904726054,3.780790066483768e-05,1.6693093529380906e-09,0.012466788537325968
h002_k20_eps019,0.19,0.005,21,0.42,0.004193405007794663,5.587869035972235e-05,3.572983770119691e-09,0.014872999162183348
h002_k20_eps019,0.19,0.005,22,0.44,0.005654600509103345,6.864007367376561e-05,5.333880176661072e-09,0.015601833743138123
h002_k20_eps019,0.19,0.005,23,0.46,0.005996007539740246,5.792574404764043e-05,3.7498730956569045e-09,0.01452005929413176
h002_k20_eps019,0.19,0.005,24,0.48,0.005256538037741039,4.962594215862758e-05,2.729176369065442e-09,0.01204070889675467
h002_k20_eps019,0.19,0.005,25,0.5,0.0034847055085115387,1.756398494845644e-05,3.237462053530926e-10,0.009660098029923047
h002_k20_eps019,0.19,0.005,26,0.52,0.0010432854799274107,7.566837598142864e-06,8.283286474440828e-11,0.009727995217734898
h002_k20_eps019,0.19,0.005,27,0.54,0.001812779990244493,3.444460250585841e-05,1.3928556689238858e-09,0.012027628891014731
h002_k20_eps019,0.19,0.005,28,0.56,0.003931436380403674,5.383622386553572e-05,3.323018554025179e-09,0.014557710028146459
h002_k20_eps019,0.19,0.005,29,0.58,0.00550567483341553,6.775626502470008e-05,5.204085513215631e-09,0.01554556491083366
h002_k20_eps019,0.19,0.005,30,0.6,0.006010349179459475,5.9398332091353084e-05,3.950812491036119e-09,0.014740693177380068
h002_k20_eps019,0.19,0.005,31,0.62,0.005392060921663934,5.2063951968030344e-05,3.0088583731480073e-09,0.012332935249492227
h002_k20_eps019,0.19,0.005,32,0.64,0.0037394004338583346,2.080748642896625e-05,4.5899016213937436e-10,0.009819910074938714
h002_k20_eps019,0.19,0.005,33,0.66,0.0013714873991332276,3.74970838637022e-06,2.7855213536635148e-11,0.009485788303684479
h002_k20_eps019,0.19,0.005,34,0.68,0.001495663253403555,3.121946315870148e-05,1.1508813546019487e-09,0.011584974645567559
h002_k20_eps019,0.19,0.005,35,0.7000000000000001,0.0036588526713687945,5.138283261486412e-05,3.032872160608114e-09,0.014173783512153593
h002_k20_eps019,0.19,0.005,36,0.72,0.005288995496776945,6.57860191444457e-05,4.910288628261539e-09,0.015353570277179358
h002_k20_eps019,0.19,0.005,37,0.74,0.0059524749009030875,6.004875158036276e-05,4.045116944602916e-09,0.0148198495367358
h002_k20_eps019,0.19,0.005,38,0.76,0.005491179591469584,5.428839220539352e-05,3.2784462259680987e-09,0.012592340549602262
h002_k20_eps019,0.19,0.005,39,0.78,0.003994672225705759,2.4385996130629552e-05,6.365290979803291e-10,0.010042834433892523
h002_k20_eps019,0.19,0.005,40,0.8,0.001693244352629324,1.9135119784819275e-06,5.9445946510820044e-12,0.009294482500777922
h002_k20_eps019,0.19,0.005,41,0.8200000000000001,0.0011747039852253573,2.7946418111654416e-05,9.291252665090603e-10,0.01118105884635409
h002_k20_eps019,0.19,0.005,42,0.84,0.0034043905572293956,4.9269267795525927e-05,2.794540112596242e-09,0.013845823136903072
h002_k20_eps019,0.19,0.005,43,0.86,0.005113182929245112,6.448052010340774e-05,4.722669067544033e-09,0.015239851165776386
h002_k20_eps019,0.19,0.005,44,0.88,0.005900618364264779,6.0507107016108034e-05,4.112496296503362e-09,0.014924716767569388
h002_k20_eps019,0.19,0.005,45,0.9,0.005575103509440058,5.616258846155012e-05,3.5147369854576326e-09,0.012850534938017705
h002_k20_eps019,0.19,0.005,46,0.92,0.004205868404929343,2.7346497858504228e-05,8.054350904799062e-10,0.01024747506787905
h002_k20_eps019,0.19,0.005,47,0.9400000000000001,0.0020030476416652994,3.891818803333494e-06,1.654674115769221e-11,0.009143818606609991
h002_k20_eps019,0.19,0.005,48,0.96,0.0008959018275393907,2.4219757678087178e-05,7.050236728737866e-10,0.010748339735198294
h002_k20_eps019,0.19,0.005,49,0.98,0.003102774434665307,4.650127674032986e-05,2.4957042519495486e-09,0.013425696116632142
h002_k20_eps019,0.19,0.005,50,1.0,0.004893685480073765,6.272784804076235e-05,4.475825400026676e-09,0.015028599749245997
h002_k20_eps019,0.19,0.005,51,1.02,0.005817543908674482,6.080657464825272e-05,4.159831951985746e-09,0.014975871643729257
h002_k20_eps019,0.19,0.005,52,1.04,0.00565842509952556,5.823160228980277e-05,3.785364381921172e-09,0.013119228699170631
h002_k20_eps019,0.19,0.005,53,1.06,0.004412234674827697,3.0262111741717353e-05,9.91545898708779e-10,0.010494124386494701
h002_k20_eps019,0.19,0.005,54,1.08,0.0023009371201515357,7.620683360169223e-06,5.8948892320885e-11,0.00907816705384021
h002_k20_eps019,0.19,0.005,55,1.1,0.0007959727269006747,2.124482082945962e-05,5.492665705121833e-10,0.010384314782351732
h002_k20_eps019,0.19,0.005,56,1.12,0.002824447592324632,4.3862409040241275e-05,2.2254751823287724e-09,0.013052709682556889
h002_k20_eps019,0.19,0.005,57,1.1400000000000001,0.004667476018013419,6.068223664738252e-05,4.193276357973785e-09,0.01481235232448544
h002_k20_eps019,0.19,0.005,58,1.16,0.005713095039722398,6.075834925947758e-05,4.159630218239497e-09,0.014995976902544216
h002_k20_eps019,0.19,0.005,59,1.18,0.005705467436029315,5.9779696865423823e-05,3.995530838966964e-09,0.013344881442494003
h002_k20_eps019,0.19,0.005,60,1.2,0.004602733253798061,3.3191594599821516e-05,1.1987270217552334e-09,0.010762076590716063
h002_k20_eps019,0.19,0.005,61,1.22,0.002613845521733374,1.1747277796943965e-05,1.4271746028919982e-10,0.009063845329306456
h002_k20_eps019,0.19,0.005,62,1.24,0.0006732157674059531,1.7755117300542864e-05,3.910864606041785e-10,0.010008854176692006
h002_k20_eps019,0.19,0.005,63,1.26,0.0025233638042106957,4.1011757503028244e-05,1.952136114067122e-09,0.012637574807324936
h002_k20_eps019,0.19,0.005,64,1.28,0.004435705301281558,5.8800944919389756e-05,3.942497235533023e-09,0.014577945714265975
h002_k20_eps019,0.19,0.005,65,1.3,0.005610054939535861,6.077808916125551e-05,4.16875924559739e-09,0.015006069522418144
h002_k20_eps019,0.19,0.005,66,1.32,0.005732676828038173,6.0955404356488026e-05,4.159614349725476e-09,0.01354105260767132
h002_k20_eps019,0.19,0.005,67,1.34,0.004759980283163524,3.571172685372056e-05,1.3924861210713212e-09,0.011017617784127595
h002_k20_eps019,0.19,0.005,68,1.36,0.002875792132570591,1.5221849848268793e-05,2.4340321579301873e-10,0.009079847183800943
h002_k20_eps019,0.19,0.005,69,1.3800000000000001,0.000552609048145041,1.4343083725246154e-05,2.621737415573053e-10,0.009690431695014878
h002_k20_eps019,0.19,0.005,70,1.4000000000000001,0.002224126236989712,3.801656498954054e-05,1.683377437856017e-09,0.012226557350027657
h002_k20_eps019,0.19,0.005,71,1.42,0.004176640387244994,5.644738953082487e-05,3.6386327380855927e-09,0.01429801066988127
h002_k20_eps019,0.19,0.005,72,1.44,0.005475254635673078,6.0473620751091136e-05,4.133370979186994e-09,0.01497215155215921
h002_k20_eps019,0.19,0.005,73,1.46,0.0057551853148215685,6.224539316361214e-05,4.343609324228145e-09,0.013752103421796101
h002_k20_eps019,0.19,0.005,74,1.48,0.004934563788833768,3.856162603156508e-05,1.6306171653343983e-09,0.011334578838982378
h002_k20_eps019,0.19,0.005,75,1.5,0.003151815679913335,1.8922926758098356e-05,3.8056313909587366e-10,0.009162921855415417
h002_k20_eps019,0.19,0.005,76,1.52,0.0007863711376918113,1.0988594411143354e-05,1.6129825352435022e-10,0.009402217195319378
h002_k20_eps019,0.19,0.005,77,1.54,0.0019294048254777422,3.515739736733305e-05,1.4448104433046875e-09,0.011819539534099885
h002_k20_eps019,0.19,0.005,78,1.56,0.003919812868307036,5.4120756673906594e-05,3.3504519168567716e-09,0.014007094007970223
h002_k20_eps019,0.19,0.005,79,1.58,0.0053233145132992,5.98566018653592e-05,4.055145070319441e-09,0.014893151561868254
h002_k20_eps019,0.19,0.005,80,1.6,0.005735352219703075,6.286259266222673e-05,4.4353709959958996e-09,0.01388599194813645
h002_k20_eps019,0.19,0.005,81,1.62,0.005054760663785414,4.0815828121980835e-05,1.8320449436142645e-09,0.011586701302523638
h002_k20_eps019,0.19,0.005,82,1.6400000000000001,0.003401737924681437,2.250669906630794e-05,5.4383768971979e-10,0.00928528234473994
h002_k20_eps019,0.19,0.005,83,1.6600000000000001,0.0011169922967308008,7.4492235037084855e-06,8.173706025081012e-11,0.009156571413921948
h002_k20_eps019,0.19,0.005,84,1.68,0.0016172376599433587,3.192863025977513e-05,1.1986908094581845e-09,0.0114067529057415
h002_k20_eps019,0.19,0.005,85,1.7,0.0036503138480300508,5.178026851812627e-05,3.0727651142068155e-09,0.013703328934773445
h002_k20_eps019,0.19,0.005,86,1.72,0.005172749017188293,5.938519166478298e-05,3.997397391326016e-09,0.014825253367701064
h002_k20_eps019,0.19,0.005,87,1.74,0.005724755127282247,6.361802942055783e-05,4.549945108482581e-09,0.014050917032345532
h002_k20_eps019,0.19,0.005,88,1.76,0.005177741294881431,4.305380514092979e-05,2.0465517600985248e-09,0.011873955521901607
h002_k20_eps019,0.19,0.005,89,1.78,0.003641886095626136,2.59477687055465e-05,7.300688370210165e-10,0.009451892322045368
h002_k20_eps019,0.19,0.005,90,1.8,0.0014221648087551842,4.282774482524633e-06,4.0187194918033195e-11,0.00895027445528513
h002_k20_eps019,0.19,0.005,91,1.82,0.0013094156702646682,2.8648581705425193e-05,9.771975447057264e-10,0.010995759869664778
h002_k20_eps019,0.19,0.005,92,1.84,0.0033883447833688847,4.905561049634325e-05,2.7729486338880962e-09,0.01334978497450143
h002_k20_eps019,0.19,0.005,93,1.86,0.004980963130911643,5.835973119262821e-05,3.8757156884206326e-09,0.014673030676454207
h002_k20_eps019,0.19,0.005,94,1.8800000000000001,0.005674128332891503,6.391790567863752e-05,4.609467829754665e-09,0.014144831601038608
h002_k20_eps019,0.19,0.005,95,1.9000000000000001,0.005277736301890772,4.521544383037776e-05,2.2718603663733675e-09,0.012144037448237303
h002_k20_eps019,0.19,0.005,96,1.92,0.0038745785630508052,2.941833654226794e-05,9.51913666986434e-10,0.009658696518524417
h002_k20_eps019,0.19,0.005,97,1.94,0.001734271735455702,2.2871993469952195e-06,1.9468945861314647e-11,0.008804917780112742
h002_k20_eps019,0.19,0.005,98,1.96,0.0010061998309410481,2.5450710584629778e-05,7.827780540970485e-10,0.01061384809887397
h002_k20_eps019,0.19,0.005,99,1.98,0.0031424815356526645,4.6625953107792934e-05,2.5128415654235707e-09,0.013023327943870677
h002_k20_eps019,0.19,0.005,100,2.0,0.004799751671283193,5.7395545494471244e-05,3.755432450393316e-09,0.014540313542666444
h002_k20_eps019,0.19,0.005,101,2.02,0.005615532750598176,6.402975367968089e-05,4.6288721533437075e-09,0.014229932944141675
h002_k20_eps019,0.19,0.005,102,2.04,0.005352818944348233,4.6974221087770495e-05,2.4561173589695094e-09,0.012391377405565963
h002_k20_eps019,0.19,0.005,103,2.06,0.0040777413720883594,3.255313791644413e-05,1.1675488109534527e-09,0.009873424200143055
h002_k20_eps019,0.19,0.005,104,2.08,0.0020361154700819966,2.548802038522045e-06,1.934174913057439e-11,0.008705686599396925
h002_k20_eps019,0.19,0.005,105,2.1,0.0008159129571663653,2.1966341110892143e-05,5.907102963164991e-10,0.010221710330692425
h002_k20_eps019,0.19,0.005,106,2.12,0.00286498594319665,4.376844741682024e-05,2.2208694364544462e-09,0.012639815475070154
h002_k20_eps019,0.19,0.005,107,2.14,0.004589099809696305,5.61886122807354e-05,3.6036694554515513e-09,0.014350713503415114
h002_k20_eps019,0.19,0.005,108,2.16,0.0055411503517660025,6.404046128523228e-05,4.634100457228219e-09,0.014289879034561387
h002_k20_eps019,0.19,0.005,109,2.18,0.005423729014149442,4.8796170444691305e-05,2.6548483033919017e-09,0.012646253741502234
h002_k20_eps019,0.19,0.005,110,2.2,0.004273099163120375,3.560635681608279e-05,1.3990845034069515e-09,0.010122134333134162
h002_k20_eps019,0.19,0.005,111,2.22,0.002317166386569824,5.692160489419705e-06,4.742280874056639e-11,0.008661081525737515
h002_k20_eps019,0.19,0.005,112,2.24,0.0007089929285403707,1.8700528565941613e-05,4.4291691162477157e-10,0.009874976022661729
h002_k20_eps019,0.19,0.005,113,2.2600000000000002,0.002595233671230527,4.098218900015237e-05,1.964735894341185e-09,0.012274586511875756
h002_k20_eps019,0.19,0.005,114,2.2800000000000002,0.004370825656388519,5.476712313804735e-05,3.4484260105900983e-09,0.01414234256016896
h002_k20_eps019,0.19,0.005,115,2.3000000000000003,0.0054394555575168185,6.359944494412425e-05,4.5951553091832606e-09,0.014303508264502267
h002_k20_eps019,0.19,0.005,116,2.32,0.005464178833538667,5.0313686059698375e-05,2.8506863804300154e-09,0.01286477817387523
h002_k20_eps019,0.19,0.005,117,2.34,0.004456363706211338,3.8640519001492786e-05,1.6807758281526576e-09,0.010392203735235564
h002_k20_eps019,0.19,0.005,118,2.36,0.0026049731253262546,9.07586451916407e-06,1.2293727883351016e-10,0.008673741282231227
h002_k20_eps019,0.19,0.005,119,2.38,0.0005953815385836861,1.5138133365258913e-05,3.267646856381144e-10,0.009539518332272174
h002_k20_eps019,0.19,0.005,120,2.4,0.002316358132676712,3.820634315411543e-05,1.7497051535308393e-09,0.011892195224506106
h002_k20_eps019,0.19,0.005,121,2.42,0.004146866765978591,5.3323087878028406e-05,3.3038544784038525e-09,0.013918306026395065
h002_k20_eps019,0.19,0.005,122,2.44,0.005332486141012316,6.312199750746809e-05,4.56212609184127e-09,0.014304616652510413
h002_k20_eps019,0.19,0.005,123,2.46,0.005488647430248221,5.158884961959416e-05,3.0344453615391697e-09,0.013063679474748473
h002_k20_eps019,0.19,0.005,124,2.48,0.004610390301923375,4.1253432661576555e-05,1.9484093717831663e-09,0.010650470646411593
h002_k20_eps019,0.19,0.005,125,2.5,0.0028607649680730323,1.2170791061739744e-05,2.2324732968544914e-10,0.008724094367307901
h002_k20_eps019,0.19,0.005,126,2.52,0.0005417162457219607,1.1622283019761645e-05,2.4708237413979376e-10,0.00924344262805868
h002_k20_eps019,0.19,0.005,127,2.54,0.0020276886800287474,3.522181504706204e-05,1.5320279032007951e-09,0.011501376133643304
h002_k20_eps019,0.19,0.005,128,2.56,0.003899037142887782,5.15263918186255e-05,3.125664749452059e-09,0.013654797386252599
h002_k20_eps019,0.19,0.005,129,2.58,0.005204618018171521,6.243610495513905e-05,4.499972268720337e-09,0.014273292799734766
h002_k20_eps019,0.19,0.005,130,2.6,0.005503782277228495,5.2867860834048176e-05,3.217974364249843e-09,0.013260964842259054
h002_k20_eps019,0.19,0.005,131,2.62,0.004764366551245282,4.395191408275606e-05,2.237343687178777e-09,0.010940630785608935
h002_k20_eps019,0.19,0.005,132,2.64,0.003119389226233048,1.531604401862434e-05,3.463713394791009e-10,0.0088337346169774
h002_k20_eps019,0.19,0.005,133,2.66,0.0008536088926732277,8.160581584629739e-06,1.946801760287182e-10,0.008984822796313739
h002_k20_eps019,0.19,0.005,134,2.68,0.0017447852352825116,3.236794909637509e-05,1.342097129038346e-09,0.011121058649587295
h002_k20_eps019,0.19,0.005,135,2.7,0.003659591167355051,4.9684448511132084e-05,2.945650577569036e-09,0.013379054892838796
h002_k20_eps019,0.19,0.005,136,2.72,0.005057275561302683,6.140921890776679e-05,4.388615023543356e-09,0.0141990161662903
h002_k20_eps019,0.19,0.005,137,2.74,0.005485389092085586,5.3711979728746124e-05,3.350030727854557e-09,0.013401595891136812
h002_k20_eps019,0.19,0.005,138,2.7600000000000002,0.004885427936750668,4.626893548126578e-05,2.5003305061206083e-09,0.011203454434118427
h002_k20_eps019,0.19,0.005,139,2.7800000000000002,0.0033600584171132922,1.8444404743731326e-05,4.874218523403988e-10,0.008979783722505349
h002_k20_eps019,0.19,0.005,140,2.8000000000000003,0.001165528916735798,4.540881546338927e-06,1.6304652524411392e-10,0.008765820535924554
h002_k20_eps019,0.19,0.005,141,2.82,0.0014488832287859097,2.934092595401181e-05,1.1538160150861827e-09,0.010737011581252088
h002_k20_eps019,0.19,0.005,142,2.84,0.003425143607640556,4.775417017757274e-05,2.7603028480759772e-09,0.013088616878737334
h002_k20_eps019,0.19,0.005,143,2.86,0.00490593748139276,6.04100469823731e-05,4.279643256759089e-09,0.014121874083647073
h002_k20_eps019,0.19,0.005,144,2.88,0.00546608023676252,5.456671659862995e-05,3.4821102134224726e-09,0.013550448930979106
h002_k20_eps019,0.19,0.005,145,2.9,0.004998398728527963,4.846183733248999e-05,2.7583031768912852e-09,0.011476819983456095
h002_k20_eps019,0.19,0.005,146,2.92,0.0035823594756413846,2.1316938247591925e-05,6.354694552555277e-10,0.00915525614533204
h002_k20_eps019,0.19,0.005,147,2.94,0.0014604890132987316,3.25477691222701e-06,1.5816070635437486e-10,0.008590726528164548
h002_k20_eps019,0.19,0.005,148,2.96,0.0011537642295490454,2.6280586917184306e-05,9.788612754005976e-10,0.010359637166480425
h002_k20_eps019,0.19,0.005,149,2.98,0.003173565100756503,4.552529346258613e-05,2.5458432812066176e-09,0.012762341400447665
h002_k20_eps019,0.19,0.005,150,3.0,0.004725497737480426,5.9004376466981706e-05,4.113594904694279e-09,0.013986961144066981
h002_k20_eps019,0.19,0.005,151,3.02,0.005417805025203371,5.515667283819655e-05,3.5777224464782937e-09,0.013650587138700513
h002_k20_eps019,0.19,0.005,152,3.04,0.0050934930960967835,5.052024455657547e-05,3.007618445997133e-09,0.011740717987496735
h002_k20_eps019,0.19,0.005,153,3.06,0.0037999529901773356,2.4278753343276497e-05,8.02478238505833e-10,0.009373141356760708
h002_k20_eps019,0.19,0.005,154,3.08,0.0017555900719445077,3.098145010769499e-06,1.764670127845845e-10,0.008470646772585978
h002_k20_eps019,0.19,0.005,155,3.1,0.0008634472301410547,2.331998602864333e-05,8.266609305712952e-10,0.01000534082358402
h002_k20_eps019,0.19,0.005,156,3.12,0.0029263189379541573,4.3306723469935275e-05,2.3419283370747403e-09,0.01244464278320299
h002_k20_eps019,0.19,0.005,157,3.14,0.004544260768279945,5.760122272956815e-05,3.950230687184749e-09,0.013848371877212794
h002_k20_eps019,0.19,0.005,158,3.16,0.005355604804145646,5.5568257920092206e-05,3.646457340381306e-09,0.013729330420555096
h002_k20_eps019,0.19,0.005,159,3.18,0.005164493144891363,5.220628799490861e-05,3.2168848713363758e-09,0.011980896167056727
h002_k20_eps019,0.19,0.005,160,3.2,0.003993927756669443,2.6887883131139664e-05,9.684729472924674e-10,0.009601978111011685
h002_k20_eps019,0.19,0.005,161,3.22,0.0020410809334372314,6.144625008870079e-06,2.2172744427015945e-10,0.008396421725623944
h002_k20_eps019,0.19,0.005,162,3.24,0.0007514218604299439,1.990267676579448e-05,6.756823580480731e-10,0.009654777976684544
h002_k20_eps019,0.19,0.005,163,3.2600000000000002,0.0026597629962145067,4.117711556777775e-05,2.147310332632764e-09,0.012093286606596183
h002_k20_eps019,0.19,0.005,164,3.2800000000000002,0.0043439669246129855,5.619953152630619e-05,3.76293426295481e-09,0.013673543538486129
h002_k20_eps019,0.19,0.005,165,3.3000000000000003,0.005281157055553836,5.5222835156911436e-05,3.641804512622238e-09,0.013788491841815806
h002_k20_eps019,0.19,0.005,166,3.3200000000000003,0.005226627416858564,5.403804433573892e-05,3.462200425516459e-09,0.012220657460902016
h002_k20_eps019,0.19,0.005,167,3.34,0.004175982270506683,3.0153960664389462e-05,1.1720651678373537e-09,0.009853731591477488
h002_k20_eps019,0.19,0.005,168,3.36,0.0023111327051032002,8.859106915744383e-06,2.755489719440974e-10,0.0083741261419671
h002_k20_eps019,0.19,0.005,169,3.38,0.0006469474524389243,1.699885893141844e-05,5.518523029640599e-10,0.009340188755805548
h002_k20_eps019,0.19,0.005,170,3.4,0.002395206511436799,3.8018159053313374e-05,1.889820885667398e-09,0.011744964592842825
h002_k20_eps019,0.19,0.005,171,3.42,0.004129533089783549,5.4655296002391486e-05,3.5850982385299743e-09,0.013470409533204579
h002_k20_eps019,0.19,0.005,172,3.44,0.005181327661886239,5.5417870475233617e-05,3.6705166946204727e-09,0.013804583089311128
h002_k20_eps019,0.19,0.005,173,3.46,0.005266130301509061,5.5235000656357464e-05,3.620597782944524e-09,0.012434023271695481
h002_k20_eps019,0.19,0.005,174,3.48,0.004345979169129136,3.2627326450986914e-05,1.3579933403248991e-09,0.01012384518506172
h002_k20_eps019,0.19,0.005,175,3.5,0.002581018953619243,1.247894631271108e-05,3.6944087329188945e-10,0.008405366287980448
h002_k20_eps019,0.19,0.005,176,3.52,0.0005393696642516657,1.366766444422201e-05,4.449622654456462e-10,0.009046483501175689
h002_k20_eps019,0.19,0.005,177,3.54,0.002124473096194619,3.5681267107369364e-05,1.6984074296201316e-09,0.011388291136430116
h002_k20_eps019,0.19,0.005,178,3.56,0.0039101938058521595,5.279645114034775e-05,3.3687632482027616e-09,0.013254297870402743
h002_k20_eps019,0.19,0.005,179,3.58,0.005073819565592921,5.515035476177263e-05,3.6577908663070956e-09,0.013804452407903891
h002_k20_eps019,0.19,0.005,180,3.6,0.005287342213664063,5.648898333435299e-05,3.783926260943528e-09,0.012624869409193808
h002_k20_eps019,0.19,0.005,181,3.62,0.0044911573066969985,3.484030853449324e-05,1.5349744623711057e-09,0.010385070707901614
h002_k20_eps019,0.19,0.005,182,3.64,0.0028294451488289993,1.5743775450467e-05,4.817276242172653e-10,0.008475239745974306
h002_k20_eps019,0.19,0.005,183,3.66,0.0006430677013781574,1.0171288680581228e-05,3.5762067380865106e-10,0.008786801557360798
h002_k20_eps019,0.19,0.005,184,3.68,0.0018448573881663449,3.312300999755341e-05,1.506032329196825e-09,0.011022189674159737
h002_k20_eps019,0.19,0.005,185,3.7,0.0036723867636681428,5.111392575498062e-05,3.154262227594699e-09,0.013005004158876758
h002_k20_eps019,0.19,0.005,186,3.72,0.0049481797284951405,5.409227742804975e-05,3.562529618398197e-09,0.013773932565989211
h002_k20_eps019,0.19,0.005,187,3.74,0.005296815066209307,5.758095045260955e-05,3.959792177240346e-09,0.012806789627891049
h002_k20_eps019,0.19,0.005,188,3.7600000000000002,0.004630756654632489,3.824475442929389e-05,1.784369706650867e-09,0.010666610838973816
h002_k20_eps019,0.19,0.005,189,3.7800000000000002,0.00307351441537997,1.78950254873697e-05,5.704779304555556e-10,0.008594744688368613
h002_k20_eps019,0.19,0.005,190,3.8000000000000003,0.0009418133835756108,7.365523038144406e-06,2.8942417938459973e-10,0.008565549427362151
h002_k20_eps019,0.19,0.005,191,3.8200000000000003,0.0015689072841257295,2.867053485030533e-05,1.2368332800788418e-09,0.010664469375992264
h002_k20_eps019,0.19,0.005,192,3.84,0.003429130260881965,5.0299971961507414e-05,3.0448405191769034e-09,0.012739334524416434
h002_k20_eps019,0.19,0.005,193,3.86,0.004803013458916925,5.399393704953023e-05,3.4966919394564834e-09,0.01370486821288202
h002_k20_eps019,0.19,0.005,194,3.88,0.005281340542603107,5.6437838993302196e-05,3.8878953023315686e-09,0.012947258760334146
h002_k20_eps019,0.19,0.005,195,3.9,0.004745716599478779,4.16376354154858e-05,2.065883598137455e-09,0.010932151394623158
h002_k20_eps019,0.19,0.005,196,3.92,0.003302099489684887,2.1457802053596815e-05,7.075278449904161e-10,0.00875009918812473
h002_k20_eps019,0.19,0.005,197,3.94,0.001242334978513214,5.439826322667684e-06,2.4360159131166285e-10,0.00838461235539846
h002_k20_eps019,0.19,0.005,198,3.96,0.0012833133215652249,2.4796762842231625e-05,9.950175961574778e-10,0.01030526370868837
h002_k20_eps019,0.19,0.005,199,3.98,0.0032003567877848006,4.818443158204535e-05,2.8115029346368694e-09,0.012460007471715032
h002_k20_eps019,0.19,0.005,200,4.0,0.00465035103861344,5.376841456825941e-05,3.449767097642479e-09,0.013625001132167787
h002_k20_eps019,0.19,0.005,201,4.0200000000000005,0.005257013185458165,5.664865244305199e-05,3.918954851912673e-09,0.013078987014242486
h002_k20_eps019,0.19,0.005,202,4.04,0.004848034578724988,4.3735456509620024e-05,2.2498026344323354e-09,0.011196396373682358
h002_k20_eps019,0.19,0.005,203,4.0600000000000005,0.0035134991388582545,2.438191488242448e-05,8.495291484204549e-10,0.008932943883895768
h002_k20_eps019,0.19,0.005,204,4.08,0.0015288019361248421,3.808545620629196e-06,2.0486806090629587e-10,0.00824744151151488
h002_k20_eps019,0.19,0.005,205,4.1,0.0009982796005216558,2.1898850049662034e-05,8.229531655138873e-10,0.009953270079443233
h002_k20_eps019,0.19,0.005,206,4.12,0.0029629593488584233,4.588316402077826e-05,2.5533357231999546e-09,0.012151715592361398
h002_k20_eps019,0.19,0.005,207,4.14,0.004476216428854568,5.259387800981323e-05,3.3165919089242566e-09,0.01350036525082629
h002_k20_eps019,0.19,0.005,208,4.16,0.005210194686658153,5.72003892395703e-05,3.9764269424454736e-09,0.01317636237910714
h002_k20_eps019,0.19,0.005,209,4.18,0.0049348935314076576,4.5488569415959055e-05,2.417436628595707e-09,0.011455274753556998
h002_k20_eps019,0.19,0.005,210,4.2,0.0037196409674039484,2.7395753299165536e-05,1.0192289252853623e-09,0.009151312891754136
h002_k20_eps019,0.19,0.005,211,4.22,0.001810088097879497,3.408067984505016e-06,1.9283781760682906e-10,0.008160028123507702
h002_k20_eps019,0.19,0.005,212,4.24,0.0007837139291309427,1.908430066127333e-05,6.74485613257211e-10,0.009621214854641335
h002_k20_eps019,0.19,0.005,213,4.26,0.002724225278683279,4.345797271347459e-05,2.3049670340487835e-09,0.01184239428954079
h002_k20_eps019,0.19,0.005,214,4.28,0.004296492060730363,5.1433098124906136e-05,3.187626843382038e-09,0.013360815361238672
h002_k20_eps019,0.19,0.005,215,4.3,0.005146687837751175,5.745499552291343e-05,4.000599584874919e-09,0.013247390847526531
h002_k20_eps019,0.19,0.005,216,4.32,0.004999439908823296,4.700056410232255e-05,2.5695118057164693e-09,0.01169033036341185
h002_k20_eps019,0.19,0.005,217,4.34,0.0039058800897790475,3.016877144986054e-05,1.1989114359826341e-09,0.009383585417013115
h002_k20_eps019,0.19,0.005,218,4.36,0.002083489281894678,4.502797967599765e-06,2.0818754053593617e-10,0.008118591746258244
h002_k20_eps019,0.19,0.005,219,4.38,0.0006806720960542292,1.614157663749364e-05,5.419153983691596e-10,0.009297164618824622
h002_k20_eps019,0.19,0.005,220,4.4,0.002472296433806623,4.085047220924264e-05,2.0572304523770674e-09,0.011512897341568355
h002_k20_eps019,0.19,0.005,221,4.42,0.004102329485743765,5.0145284737364887e-05,3.051432582627542e-09,0.013193671534609114
h002_k20_eps019,0.19,0.005,222,4.44,0.005070786629557503,5.76383680561497e-05,4.014688317861653e-09,0.013298057040645966
h002_k20_eps019,0.19,0.005,223,4.46,0.005052736098491052,4.830808620088329e-05,2.712954892878059e-09,0.011920708417951021
h002_k20_eps019,0.19,0.005,224,4.48,0.004079911672376554,3.2892499294216e-05,1.3966118730564926e-09,0.009634562283421152
h002_k20_eps019,0.19,0.005,225,4.5,0.002341992178332323,7.726893113396742e-06,2.494602740577063e-10,0.008125366623405822
h002_k20_eps019,0.19,0.005,226,4.5200000000000005,0.0005786705398454507,1.3279687452655373e-05,4.3562885080922983e-10,0.009001991102306598
h002_k20_eps019,0.19,0.005,227,4.54,0.0022166967972496827,3.818786091299398e-05,1.8221426126719385e-09,0.011179197872204824
h002_k20_eps019,0.19,0.005,228,4.5600000000000005,0.0038940300853880856,4.858563762093772e-05,2.8917350224518944e-09,0.012998161397519812
h002_k20_eps019,0.19,0.005,229,4.58,0.00497337480694637,5.753788766157014e-05,3.995512475833247e-09,0.013312407100328057
h002_k20_eps019,0.19,0.005,230,4.6000000000000005,0.0050865481481688415,4.948470370760519e-05,2.847565431914527e-09,0.01212947968615
h002_k20_eps019,0.19,0.005,231,4.62,0.004241329427650763,3.551755896506551e-05,1.6063461168082471e-09,0.009899250480309858
h002_k20_eps019,0.19,0.005,232,4.64,0.0025975243361868075,1.0990914142134812e-05,3.160804483306542e-10,0.008182114849648285
h002_k20_eps019,0.19,0.005,233,4.66,0.0004751756420716959,1.0334132101586134e-05,3.4801346016390447e-10,0.00873377652943972
h002_k20_eps019,0.19,0.005,234,4.68,0.001956888350863983,3.5460406096976375e-05,1.6015352484080539e-09,0.010841925622841865
h002_k20_eps019,0.19,0.005,235,4.7,0.0036795676416064367,4.6993181376912474e-05,2.735350382403783e-09,0.012787799205647566
h002_k20_eps019,0.19,0.005,236,4.72,0.0048650785709208,5.7330586086623266e-05,3.9611855903000354e-09,0.01330624296033357
h002_k20_eps019,0.19,0.005,237,4.74,0.005101994370965202,5.036413380883963e-05,2.9553038427602563e-09,0.012314444097650324
h002_k20_eps019,0.19,0.005,238,4.76,0.0043815374644315145,3.789396128662237e-05,1.8135029981160121e-09,0.010159492964007392
h002_k20_eps019,0.19,0.005,239,4.78,0.002836211183732459,1.4193345307600968e-05,4.0465853602587954e-10,0.008277373069224249
h002_k20_eps019,0.19,0.005,240,4.8,0.0007168645985761094,7.3651310174653635e-06,2.8144052316590946e-10,0.008499072699702926
h002_k20_eps019,0.19,0.005,241,4.82,0.0016880372603251981,3.2629600019212615e-05,1.3886617769842584e-09,0.010497132655481039
h002_k20_eps019,0.19,0.005,242,4.84,0.003451710762937874,4.51687713287702e-05,2.559785083565793e-09,0.012549812714657394
h002_k20_eps019,0.19,0.005,243,4.86,0.004740672300477864,5.693520005309755e-05,3.903632529371024e-09,0.013272721622212958
h002_k20_eps019,0.19,0.005,244,4.88,0.005104982304618525,5.117985104547983e-05,3.057372062542408e-09,0.012487251031850269
h002_k20_eps019,0.19,0.005,245,4.9,0.004512806954512327,4.021133093218241e-05,2.0277190583547233e-09,0.01043145293807468
h002_k20_eps019,0.19,0.005,246,4.92,0.0030659031678724486,1.7297633341137158e-05,5.107472405432219e-10,0.00841417737043026
h002_k20_eps019,0.19,0.005,247,4.94,0.001002971713486954,5.155344348207472e-06,2.353061822792031e-10,0.008301848244246764
h002_k20_eps019,0.19,0.005,248,4.96,0.001420025680901114,2.977795647708198e-05,1.1920229243667683e-09,0.010159478988967028
h002_k20_eps019,0.19,0.005,249,4.98,0.003236609138161291,4.3230870269404166e-05,2.378224651675597e-09,0.01229477206839115
h002_k20_eps019,0.19,0.005,250,5.0,0.004598778645709579,5.62986119589814e-05,3.813413792388582e-09,0.013204838175390034
h002_k20_eps019,0.19,0.005,251,5.0200000000000005,0.005085503698831909,5.1724946689302025e-05,3.1292253121913974e-09,0.012625615155724749
h002_k20_eps019,0.19,0.005,252,5.04,0.004623546238284235,4.231700864079943e-05,2.233302993488906e-09,0.010692168830917625
h002_k20_eps019,0.19,0.005,253,5.0600000000000005,0.0032839957394649216,2.0373943813359934e-05,6.35048118603045e-10,0.008585287719412393
h002_k20_eps019,0.19,0.005,254,5.08,0.001288241621935594,3.892666595037703e-06,2.0748903199218636e-10,0.00814572882904923
h002_k20_eps019,0.19,0.005,255,5.1000000000000005,0.0011466812082441896,2.6860179520530105e-05,1.0081043907265816e-09,0.009825285962635408
h002_k20_eps019,0.19,0.005,256,5.12,0.003013969181466444,4.1214294129718433e-05,2.1944361275837174e-09,0.012025226695694658
h002_k20_eps019,0.19,0.005,257,5.14,0.004447850924564565,5.556120322412145e-05,3.7102025899306405e-09,0.013120494759065921
h002_k20_eps019,0.19,0.005,258,5.16,0.005054616899143724,5.214443979712493e-05,3.1856296394521384e-09,0.012748960631812228
h002_k20_eps019,0.19,0.005,259,5.18,0.00471881082060301,4.422449806500966e-05,2.4275206093323287e-09,0.010946662025162928
h002_k20_eps019,0.19,0.005,260,5.2,0.0034857973833061487,2.329661627670865e-05,7.698800222579474e-10,0.008781207754735213
h002_k20_eps019,0.19,0.005,261,5.22,0.0015624254224969162,2.664324998122594e-06,1.9915798512316177e-10,0.008032153743584966
h002_k20_eps019,0.19,0.005,262,5.24,0.0008714156444269908,2.3905416230190213e-05,8.379001713672329e-10,0.009499998975421734
h002_k20_eps019,0.19,0.005,263,5.26,0.002779031022760031,3.899413831908765e-05,1.9965006295628983e-09,0.011733069281158675
h002_k20_eps019,0.19,0.005,264,5.28,0.004278558431923311,5.455508373955423e-05,3.574503232527124e-09,0.013001026500877623
h002_k20_eps019,0.19,0.005,265,5.3,0.005005147127522251,5.242958068360346e-05,3.2237239016779802e-09,0.01284335208872897
h002_k20_eps019,0.19,0.005,266,5.32,0.004799975912703481,4.6009310252608394e-05,2.6142553747167632e-09,0.011195067298974973
h002_k20_eps019,0.19,0.005,267,5.34,0.003678730813494247,2.6152106666067255e-05,9.170624289089537e-10,0.009006351729623966
h002_k20_eps019,0.19,0.005,268,5.36,0.0018313184396081205,4.567698921338326e-06,2.0953539044730347e-10,0.007966661997049766
h002_k20_eps019,0.19,0.005,269,5.38,0.0007258310971053525,2.0946259719641585e-05,6.851026638505478e-10,0.009193806905357397
h002_k20_eps019,0.19,0.005,270,5.4,0.002541786612225787,3.673930921958178e-05,1.8033640043048761e-09,0.011436154128467522
h002_k20_eps019,0.19,0.005,271,5.42,0.004099740747309747,5.343461541430583e-05,3.423883412327826e-09,0.012861409911333678
h002_k20_eps019,0.19,0.005,272,5.44,0.004938371679095985,5.246423613719285e-05,3.2309586285396255e-09,0.012908997039329658
h002_k20_eps019,0.19,0.005,273,5.46,0.0048607307921628914,4.7538759493944364e-05,2.779196673728415e-09,0.01142315079113209
h002_k20_eps019,0.19,0.005,274,5.48,0.003854607537296216,2.889664977886792e-05,1.072517252481403e-09,0.009244740904016745
h002_k20_eps019,0.19,0.005,275,5.5,0.0020928968925844342,7.588702679062278e-06,2.3921140267045286e-10,0.007947040714208316
h002_k20_eps019,0.19,0.005,276,5.5200000000000005,0.000626633226909578,1.7907541136970597e-05,5.457178859006063e-10,0.008903354926587146
h002_k20_eps019,0.19,0.005,277,5.54,0.002294709674898963,3.4347927484649034e-05,1.6058967112495182e-09,0.011123820743656662
h002_k20_eps019,0.19,0.005,278,5.5600000000000005,0.0039081650150575775,5.214455911227548e-05,3.2555171790526555e-09,0.012697834760393056
h002_k20_eps019,0.19,0.005,279,5.58,0.004859357248492141,5.240793564951877e-05,3.2257732195927165e-09,0.012954944339150896
h002_k20_eps019,0.19,0.005,280,5.6000000000000005,0.004908554836372822,4.895707085495844e-05,2.93263525981437e-09,0.011641523054542685
h002_k20_eps019,0.19,0.005,281,5.62,0.004016574824960744,3.1442913537667125e-05,1.2297720037456051e-09,0.009496217901462772
h002_k20_eps019,0.19,0.005,282,5.64,0.0023423041405530053,1.0552249863804562e-05,2.875423555365487e-10,0.007972236257151988
h002_k20_eps019,0.19,0.005,283,5.66,0.0005271611280683693,1.4878640383234485e-05,4.262450101675427e-10,0.0086399151099703
h002_k20_eps019,0.19,0.005,284,5.68,0.0020428519609459197,3.188336312728965e-05,1.4129037233937355e-09,0.010805281319844637
h002_k20_eps019,0.19,0.005,285,5.7,0.0037025801579861953,5.061744185041726e-05,3.0654110024649535e-09,0.012506476364163346
h002_k20_eps019,0.19,0.005,286,5.72,0.004761242726057275,5.215399069201071e-05,3.1974971701572857e-09,0.012967314548344964
h002_k20_eps019,0.19,0.005,287,5.74,0.0049378626229647175,5.0172669605841125e-05,3.068764141218965e-09,0.011839180054286998
h002_k20_eps019,0.19,0.005,288,5.76,0.004166228208157484,3.390492026781095e-05,1.397392312238897e-09,0.009759102499796836
h002_k20_eps019,0.19,0.005,289,5.78,0.002586123546509136,1.355354051056759e-05,3.595863747176188e-10,0.008043476707815397
h002_k20_eps019,0.19,0.005,290,5.8,0.0005329797653522865,1.1830973612076755e-05,3.290380705876847e-10,0.00840461858300019
h002_k20_eps019,0.19,0.005,291,5.82,0.0017877075392557934,2.936470643512785e-05,1.2307989417638071e-09,0.010484769043253319
h002_k20_eps019,0.19,0.005,292,5.84,0.0034897323218816678,4.900270467183037e-05,2.8731591750526444e-09,0.012299186257847929
h002_k20_eps019,0.19,0.005,293,5.86,0.004650544834551246,5.174255764207279e-05,3.1528009885684334e-09,0.012956439607243837
h002_k20_eps019,0.19,0.005,294,5.88,0.004949570944228383,5.116597944433937e-05,3.1824576100965933e-09,0.012014401928957448
h002_k20_eps019,0.19,0.005,295,5.9,0.004297157901666673,3.616130992284789e-05,1.5631827100370201e-09,0.01001870418039412
h002_k20_eps019,0.19,0.005,296,5.92,0.00281601022509896,1.6492036468255482e-05,4.5108785347515975e-10,0.00815129313212523
h002_k20_eps019,0.19,0.005,297,5.94,0.0008177506705319452,8.756635227479835e-06,2.5171338284911e-10,0.00820169783712051
h002_k20_eps019,0.19,0.005,298,5.96,0.0015257267294485483,2.6729380388533434e-05,1.0536464213888596e-09,0.010159105974488315
h002_k20_eps019,0.19,0.005,299,5.98,0.003263796925490298,4.718036125946807e-05,2.6679144502027733e-09,0.01206735504266251
h002_k20_eps019,0.19,0.005,300,6.0,0.004525138289982465,5.121372407369567e-05,3.096144295033528e-09,0.012919347465405176
h002_k20_eps019,0.19,0.005,301,6.0200000000000005,0.0049477705542309795,5.20387446917281e-05,3.283847494737909e-09,0.012174090263239361
h002_k20_eps019,0.19,0.005,302,6.04,0.004416281258775915,3.827706024350347e-05,1.7323795765318244e-09,0.010283011684651323
h002_k20_eps019,0.19,0.005,303,6.0600000000000005,0.0030358616083903138,1.9367688989530003e-05,5.640806271401816e-10,0.008296427667331073
h002_k20_eps019,0.19,0.005,304,6.08,0.0010953183550683563,5.692700237331729e-06,1.994021754548026e-10,0.00803703496066848
h002_k20_eps019,0.19,0.005,305,6.1000000000000005,0.001263832948924667,2.4087050954859095e-05,8.956717312621796e-10,0.009839134366530413
h002_k20_eps019,0.19,0.005,306,6.12,0.0030432134577595815,4.523761807854609e-05,2.463507902190654e-09,0.011817765074144011
h002_k20_eps019,0.19,0.005,307,6.140000000000001,0.004383707969821135,5.044445661644884e-05,3.0196858786977685e-09,0.012851252001122082
h002_k20_eps019,0.19,0.005,308,6.16,0.004926115198834422,5.2700967556105914e-05,3.3675386759896167e-09,0.012304347926052724
h002_k20_eps019,0.19,0.005,309,6.18,0.004517786877392764,4.020756580724795e-05,1.903493749657042e-09,0.010539165833990869
h002_k20_eps019,0.19,0.005,310,6.2,0.003245045421610223,2.2220619770024964e-05,7.018949097860557e-10,0.008473807545488066
h002_k20_eps019,0.19,0.005,311,6.22,0.0013699685239447672,3.3190880274243457e-06,1.752064987214049e-10,0.007912679756018844
h002_k20_eps019,0.19,0.005,312,6.24,0.0009984096406869434,2.1417626622095123e-05,7.566034038620777e-10,0.009524539187676066
h002_k20_eps019,0.19,0.005,313,6.26,0.002827569728298204,4.314737334965416e-05,2.2585834862834005e-09,0.011554458455798822
h002_k20_eps019,0.19,0.005,314,6.28,0.004232195659834053,4.9596699095455466e-05,2.9382429425252648e-09,0.01276340188535285
h002_k20_eps019,0.19,0.005,315,6.3,0.004890835651388991,5.322332712628339e-05,3.433958354770794e-09,0.012415194794637834
h002_k20_eps019,0.19,0.005,316,6.32,0.004603293757535627,4.1900954550387696e-05,2.0600632626837264e-09,0.010786511677545798
h002_k20_eps019,0.19,0.005,317,6.34,0.003439201018384925,2.4972252135530354e-05,8.506909354309617e-10,0.00867395877294231
h002_k20_eps019,0.19,0.005,318,6.36,0.0016351375797008778,2.9827853330117e-06,1.6893881664321986e-10,0.007830567934773503
h002_k20_eps019,0.19,0.005,319,6.38,0.0007546126667882814,1.869112195460391e-05,6.252467318316106e-10,0.009219734592665162
h002_k20_eps019,0.19,0.005,320,6.4,0.0026011162899368064,4.089137655951059e-05,2.044221701698926e-09,0.011272509122006627
h002_k20_eps019,0.19,0.005,321,6.42,0.004064997799994964,4.8564293792292805e-05,2.8339219550765128e-09,0.012645491058904624
h002_k20_eps019,0.19,0.005,322,6.44,0.004838864708025226,5.3573981149952594e-05,3.47389191479559e-09,0.01250053704402032
h002_k20_eps019,0.19,0.005,323,6.46,0.004675000344205639,4.345660653736164e-05,2.2080836914554112e-09,0.01102657814111842
h002_k20_eps019,0.19,0.005,324,6.48,0.0036230140458118876,2.7671622986516984e-05,1.011589112063733e-09,0.00889856770353913
h002_k20_eps019,0.19,0.005,325,6.5,0.0018935111717537127,3.5631558095339934e-06,1.8039410119122763e-10,0.007793786925460848
h002_k20_eps019,0.19,0.005,326,6.5200000000000005,0.0006604166960980077,1.596374926874577e-05,5.0943940205049e-10,0.008933048536398737
h002_k20_eps019,0.19,0.005,327,6.54,0.0023701493382253624,3.857080203986523e-05,1.8369700145327793e-09,0.01098361474188051
h002_k20_eps019,0.19,0.005,328,6.5600000000000005,0.0038871546141788058,4.737406595605834e-05,2.7158421564533665e-09,0.012505527068334557
h002_k20_eps019,0.19,0.005,329,6.58,0.004770009980887222,5.372196444529514e-05,3.4899983265911928e-09,0.012558014578910245
h002_k20_eps019,0.19,0.005,330,6.6000000000000005,0.004728041515873817,4.4795076613315715e-05,2.345613641738779e-09,0.011248031565994129
h002_k20_eps019,0.19,0.005,331,6.62,0.003791648677053158,3.02452827852717e-05,1.185900241667735e-09,0.009136389847831015
h002_k20_eps019,0.19,0.005,332,6.640000000000001,0.0021444745692452694,6.647412565458792e-06,2.1598131895188353e-10,0.007801312671062726
h002_k20_eps019,0.19,0.005,333,6.66,0.000563746046607651,1.3191093565652514e-05,4.1295864417082516e-10,0.008664577470961912
h002_k20_eps019,0.19,0.005,334,6.68,0.0021310696013701986,3.6122530275474434e-05,1.6380161929999898e-09,0.010683720541683065
h002_k20_eps019,0.19,0.005,335,6.7,0.00369817149734978,4.6053159122824706e-05,2.5931284432088207e-09,0.012343802691891859
h002_k20_eps019,0.19,0.005,336,6.72,0.004688199723354448,5.3763664608575605e-05,3.4943818155952954e-09,0.012594255879939568
h002_k20_eps019,0.19,0.005,337,6.74,0.0047670598401885434,4.5943420560208244e-05,2.472724716661706e-09,0.01145689587210748
h002_k20_eps019,0.19,0.005,338,6.76,0.003946226978958297,3.26904321654157e-05,1.3702147649102852e-09,0.009384571261720017
h002_k20_eps019,0.19,0.005,339,6.78,0.002383793615481157,9.667172080049218e-06,2.732903103726738e-10,0.007850656333853828
h002_k20_eps019,0.19,0.005,340,6.8,0.0004665470236649688,1.0419785731573804e-05,3.3528447347130983e-10,0.008422575398654366
h002_k20_eps019,0.19,0.005,341,6.82,0.0018863703836697774,3.3589557049650995e-05,1.4464256190357139e-09,0.010378409844897648
h002_k20_eps019,0.19,0.005,342,6.84,0.0034966527332695426,4.454608016112395e-05,2.455375269858204e-09,0.012157089648044008
h002_k20_eps019,0.19,0.005,343,6.86,0.004589154622426649,5.359278032213607e-05,3.4726293188277305e-09,0.012600889859121856
h002_k20_eps019,0.19,0.005,344,6.88,0.004789461473122596,4.6940719167882094e-05,2.5866262406005687e-09,0.011646986355649591
h002_k20_eps019,0.19,0.005,345,6.9,0.004088108829596927,3.503413055614422e-05,1.5599744652228934e-09,0.009641328769653169
h002_k20_eps019,0.19,0.005,346,6.92,0.002615653733738056,1.266380313679149e-05,3.4925258037653647e-10,0.00794234427104608
h002_k20_eps019,0.19,0.005,347,6.94,0.0006145250521689471,7.62080374486746e-06,2.749418447694127e-10,0.008210402490966917
h002_k20_eps019,0.19,0.005,348,6.96,0.0016383182434723596,3.1002230664681887e-05,1.2663928772065327e-09,0.010073076266251063
h002_k20_eps019,0.19,0.005,349,6.98,0.003287317296406721,4.2943596501894684e-05,2.3130676793748663e-09,0.011953892129884845
h002_k20_eps019,0.19,0.005,350,7.0,0.004476836805315481,5.3266707351413e-05,3.430988506156628e-09,0.012583403949232921
h002_k20_eps019,0.19,0.005,351,7.0200000000000005,0.004794843874299514,4.770379550333506e-05,2.680295272866299e-09,0.011815010902410363
h002_k20_eps019,0.19,0.005,352,7.04,0.004212922943023906,3.7211065353845674e-05,1.750375966979541e-09,0.009895739177014074
h002_k20_eps019,0.19,0.005,353,7.0600000000000005,0.002835122880066676,1.563166826821759e-05,4.4400421695324363e-10,0.008069001663076466
h002_k20_eps019,0.19,0.005,354,7.08,0.0008881529400767706,4.911305630921381e-06,2.3307008967260816e-10,0.00803096932957054
h002_k20_eps019,0.19,0.005,355,7.1000000000000005,0.0013844064027513292,2.8335906983387773e-05,1.0947876670185202e-09,0.009766512798058444
h002_k20_eps019,0.19,0.005,356,7.12,0.00308489142185701,4.111978469272116e-05,2.156964806717128e-09,0.011729894024500274
h002_k20_eps019,0.19,0.005,357,7.140000000000001,0.004350817305965835,5.282205771856848e-05,3.3757616859334e-09,0.012541568327871289
h002_k20_eps019,0.19,0.005,358,7.16,0.004786425401203362,4.841721904855979e-05,2.7646484749388857e-09,0.01196587847172672
h002_k20_eps019,0.19,0.005,359,7.18,0.004324793623984961,3.912322237751844e-05,1.9296563956948014e-09,0.010151084255524084
h002_k20_eps019,0.19,0.005,360,7.2,0.0030435358487278714,1.8539478976734228e-05,5.544726088275298e-10,0.00822829329559407
h002_k20_eps019,0.19,0.005,361,7.22,0.0011551533222022448,3.939894727500554e-06,2.081950014276492e-10,0.007889068709243089
h002_k20_eps019,0.19,0.005,362,7.24,0.0011292135573275372,2.5804427086161655e-05,9.42994773240679e-10,0.009466531345731345
h002_k20_eps019,0.19,0.005,363,7.26,0.002876192449551724,3.915759443572627e-05,1.989360287394771e-09,0.011488886511685866
h002_k20_eps019,0.19,0.005,364,7.28,0.004209906536579099,5.2028058454596616e-05,3.2838235490837265e-09,0.012471384410882353
h002_k20_eps019,0.19,0.005,365,7.3,0.004760071229606557,4.905481410240641e-05,2.8386597383596854e-09,0.012090360622950613
h002_k20_eps019,0.19,0.005,366,7.32,0.004420458542884715,4.0916707604612145e-05,2.101716402030962e-09,0.010399127420331274
h002_k20_eps019,0.19,0.005,367,7.34,0.003241412607101148,2.1276396118953276e-05,6.74512184343641e-10,0.008416386190965783
h002_k20_eps019,0.19,0.005,368,7.36,0.0014181411980801976,2.880826157099945e-06,2.004698924621866e-10,0.007787423207585911
h002_k20_eps019,0.19,0.005,369,7.38,0.0008713570179825906,2.3160266855604673e-05,7.99263166930251e-10,0.009175262221458253
h002_k20_eps019,0.19,0.005,370,7.4,0.002660679355454296,3.714843821509626e-05,1.8234869675771653e-09,0.011235235199169571
h002_k20_eps019,0.19,0.005,371,7.42,0.0040581244654139485,5.115666129376959e-05,3.178645425820455e-09,0.012380331733434483
h002_k20_eps019,0.19,0.005,372,7.44,0.0047195617193830815,4.945071235041715e-05,2.8860993618624524e-09,0.012193659805836306
h002_k20_eps019,0.19,0.005,373,7.46,0.004500157263328308,4.249027331550312e-05,2.262032888422744e-09,0.010637145414138908
h002_k20_eps019,0.19,0.005,374,7.48,0.0034250826315616258,2.4068709560010256e-05,8.09189262518304e-10,0.008624719486229273
h002_k20_eps019,0.19,0.005,375,7.5,0.0016732260759889405,3.902867955732733e-06,2.0945904552457083e-10,0.007727310309386752
h002_k20_eps019,0.19,0.005,376,7.5200000000000005,0.0006996912623635881,2.0501639680212207e-05,6.656052237709418e-10,0.008896431386003241
h002_k20_eps019,0.19,0.005,377,7.54,0.0024361950845962774,3.4791193824687975e-05,1.6407349678392545e-09,0.010966411245853333
h002_k20_eps019,0.19,0.005,378,7.5600000000000005,0.0038923637315639334,5.027519219364627e-05,3.0682453815713898e-09,0.01226292700685256
h002_k20_eps019,0.19,0.005,379,7.58,0.004663517811960027,4.9733617888093216e-05,2.913207910230682e-09,0.012273020378243887
h002_k20_eps019,0.19,0.005,380,7.6000000000000005,0.004565987791483821,4.37726143083295e-05,2.398536061731324e-09,0.01086601180662055
h002_k20_eps019,0.19,0.005,381,7.62,0.003597427452849258,2.6786714924633905e-05,9.540306174909467e-10,0.008852991260255865
h002_k20_eps019,0.19,0.005,382,7.640000000000001,0.001921037514298725,6.910894268704332e-06,2.348366197229778e-10,0.007710590932108193
h002_k20_eps019,0.19,0.005,383,7.66,0.000608027560156114,1.7982764474748213e-05,5.49389159122449e-10,0.008636889858310544
h002_k20_eps019,0.19,0.005,384,7.68,0.0022066422874565846,3.2559328861462474e-05,1.461983037024258e-09,0.010690031616276241
h002_k20_eps019,0.19,0.005,385,7.7,0.003715422410671374,4.87400993883385e-05,2.902132269354894e-09,0.012123446067306734
h002_k20_eps019,0.19,0.005,386,7.72,0.00459139450554444,5.014146244407401e-05,2.9501133178162694e-09,0.012325548761653591
h002_k20_eps019,0.19,0.005,387,7.74,0.0046143735927973864,4.511595851192699e-05,2.5240990987841344e-09,0.01107775427226259
h002_k20_eps019,0.19,0.005,388,7.76,0.0037559400750952487,2.8749495103214562e-05,1.0774632479067044e-09,0.00909298726097123
h002_k20_eps019,0.19,0.005,389,7.78,0.002161786872796318,1.0371406473207047e-05,2.88819469615741e-10,0.007735994365428985
h002_k20_eps019,0.19,0.005,390,7.8,0.0005140205948082334,1.529369105914396e-05,4.461974767675584e-10,0.008398323626734004
h002_k20_eps019,0.19,0.005,391,7.82,0.0019710962652769014,3.0713680783992746e-05,1.3096849587018523e-09,0.010405361116492089
h002_k20_eps019,0.19,0.005,392,7.84,0.0035278221593276742,4.673420105214657e-05,2.6976724660216607e-09,0.011963304341677358
h002_k20_eps019,0.19,0.005,393,7.86,0.0045068228853484445,5.0358307714800954e-05,2.974631035239255e-09,0.012356309985643415
h002_k20_eps019,0.19,0.005,394,7.88,0.004647438551735072,4.6522791074092537e-05,2.656596331614587e-09,0.011275003718750572
h002_k20_eps019,0.19,0.005,395,7.9,0.0039006873724625017,3.0502893330855734e-05,1.1993529400774467e-09,0.009340203405606384
h002_k20_eps019,0.19,0.005,396,7.92,0.002392437246434604,1.3666371115846107e-05,3.671153046978345e-10,0.007800735731255901
h002_k20_eps019,0.19,0.005,397,7.94,0.0004497960846096042,1.2546303393409054e-05,3.586741451329751e-10,0.008186374833484647
h002_k20_eps019,0.19,0.005,398,7.96,0.001730752264696277,2.8593590978255836e-05,1.1561911604025782e-09,0.010115833349539596
h002_k20_eps019,0.19,0.005,399,7.98,0.0033283341192657683,4.4808623606288294e-05,2.505761088405944e-09,0.011780287061706552
h002_k20_eps019,0.19,0.005,400,8.0,0.0044067614002034254,5.03946737952206e-05,2.973972413085871e-09,0.012359945727320848
h002_k20_eps019,0.19,0.005,401,8.02,0.004664811072612656,4.742779203470109e-05,2.7550394430100247e-09,0.01145426479500211
h002_k20_eps019,0.19,0.005,402,8.040000000000001,0.004032675963596468,3.260453645369537e-05,1.34693112117203e-09,0.009593369369373998
h002_k20_eps019,0.19,0.005,403,8.06,0.0026148857991047654,1.6721416643300205e-05,4.6002430529892516e-10,0.007904173271236837
h002_k20_eps019,0.19,0.005,404,8.08,0.0007184328232513705,9.993430467361268e-06,2.875222238148354e-10,0.00800445693312646
h002_k20_eps019,0.19,0.005,405,8.1,0.0014871604835409152,2.5915570813553812e-05,9.891932985906066e-10,0.009826254242561259
h002_k20_eps019,0.19,0.005,406,8.120000000000001,0.0031208656722411274,4.325337475044451e-05,2.3426970061242112e-09,0.011580706480709996
h002_k20_eps019,0.19,0.005,407,8.14,0.004292844309538394,5.0072905099817954e-05,2.9316509485227905e-09,0.012339153048648873
h002_k20_eps019,0.19,0.005,408,8.16,0.004666186933178566,4.798080032324124e-05,2.8247114815598147e-09,0.011611964590652443
h002_k20_eps019,0.19,0.005,409,8.18,0.004149017333285096,3.493797019268079e-05,1.5096544714031183e-09,0.009844527777816973
h002_k20_eps019,0.19,0.005,410,8.2,0.002825704780406337,1.9301660570438718e-05,5.546309404420168e-10,0.008040054949613604
h002_k20_eps019,0.19,0.005,411,8.22,0.0009841647514064662,7.133911076593312e-06,2.26361343269973e-10,0.007856042619956467
h002_k20_eps019,0.19,0.005,412,8.24,0.001238453272422361,2.320292365334349e-05,8.343408900541315e-10,0.00953701576763251
h002_k20_eps019,0.19,0.005,413,8.26,0.0029095052364686807,4.173255442586014e-05,2.1789416428771854e-09,0.011362858159083701
h002_k20_eps019,0.19,0.005,414,8.28,0.004165596861146739,4.9316650735838004e-05,2.852668358767344e-09,0.012294593023988548
h002_k20_eps019,0.19,0.005,415,8.3,0.004654175844209391,4.868083975075005e-05,2.9011657166875236e-09,0.011751589461634435
h002_k20_eps019,0.19,0.005,416,8.32,0.004251161150144032,3.6933607419119994e-05,1.6605488271250655e-09,0.010093998743368339
h002_k20_eps019,0.19,0.005,417,8.34,0.003025865834718775,2.185990330645067e-05,6.65505528519624e-10,0.0082047485200888
h002_k20_eps019,0.19,0.005,418,8.36,0.0012436493676834608,4.21379309258061e-06,1.848072931966741e-10,0.0077449128288507
h002_k20_eps019,0.19,0.005,419,8.38,0.0009889575832438295,2.0583906490716423e-05,6.971674298638445e-10,0.009255076551122425
h002_k20_eps019,0.19,0.005,420,8.4,0.002707796875046004,3.992827624527194e-05,2.0025580018049022e-09,0.011128320185712344
h002_k20_eps019,0.19,0.005,421,8.42,0.004024837725257007,4.852917944443994e-05,2.7682016615406425e-09,0.012223674517541402
h002_k20_eps019,0.19,0.005,422,8.44,0.004625458635298579,4.908846084754002e-05,2.949609967193247e-09,0.011867524119869731
h002_k20_eps019,0.19,0.005,423,8.46,0.0043382219117484525,3.8845427778757836e-05,1.8130732269595504e-09,0.010335768243606944
h002_k20_eps019,0.19,0.005,424,8.48,0.0032155666425403304,2.4342869332582583e-05,7.88806512187619e-10,0.008395430214152835
h002_k20_eps019,0.19,0.005,425,8.5,0.0014980027716213677,2.4025847815401705e-06,1.6251956688741378e-10,0.00767302148930073
h002_k20_eps019,0.19,0.005,426,8.52,0.0007380376393221225,1.7853883227216946e-05,5.715821805306735e-10,0.008982730803549078
h002_k20_eps019,0.19,0.005,427,8.540000000000001,0.002498623821603601,3.812446088968144e-05,1.8309263181039638e-09,0.010881897845684729
h002_k20_eps019,0.19,0.005,428,8.56,0.003872827835788949,4.749342131595901e-05,2.6632924780658202e-09,0.012131818584968231
h002_k20_eps019,0.19,0.005,429,8.58,0.004582360895729586,4.943315421558638e-05,2.9877586110144066e-09,0.011961226574276165
h002_k20_eps019,0.19,0.005,430,8.6,0.004409634669010677,4.051425511941552e-05,1.9540475704643383e-09,0.01056685914549781
h002_k20_eps019,0.19,0.005,431,8.620000000000001,0.0033920627011863372,2.6740747993127565e-05,9.233980933882916e-10,0.008605183165891313
h002_k20_eps019,0.19,0.005,432,8.64,0.0017447868203487637,2.408823140804327e-06,1.6012710202120608e-10,0.007640734847578397
h002_k20_eps019,0.19,0.005,433,8.66,0.0006409844831624465,1.5122427548437699e-05,4.616573391739437e-10,0.008723217170356198
h002_k20_eps019,0.19,0.005,434,8.68,0.0022815420734589695,3.614078589836542e-05,1.6561935671510653e-09,0.01062333568053811
h002_k20_eps019,0.19,0.005,435,8.700000000000001,0.003708645702099488,4.636567225541646e-05,2.5504610489620023e-09,0.012015827614675498
h002_k20_eps019,0.19,0.005,436,8.72,0.004524261175607856,4.956893015975918e-05,3.0043779405008006e-09,0.012032096047011002
h002_k20_eps019,0.19,0.005,437,8.74,0.004467444411595238,4.207844036109045e-05,2.092199448362061e-09,0.010788261867957437
h002_k20_eps019,0.19,0.005,438,8.76,0.0035569673122405722,2.9025665723830284e-05,1.066188242777933e-09,0.008831905599354801
h002_k20_eps019,0.19,0.005,439,8.78,0.0019839252512760613,4.510749991450493e-06,1.7729994312243576e-10,0.007648971656999808
h002_k20_eps019,0.19,0.005,440,8.8,0.0005506724375069945,1.2365805107698863e-05,3.6811447751590004e-10,0.008482859697461284
h002_k20_eps019,0.19,0.005,441,8.82,0.0020589312059887802,3.410399905780518e-05,1.4867314133859248e-09,0.010358032288936128
h002_k20_eps019,0.19,0.005,442,8.84,0.003532936129731512,4.5037992540623945e-05,2.4226084114387846e-09,0.011877407366846395
h002_k20_eps019,0.19,0.005,443,8.86,0.004451022316425752,4.9576801194876794e-05,3.0045980679760086e-09,0.012077827897914619
h002_k20_eps019,0.19,0.005,444,8.88,0.004508929436468211,4.342373627285931e-05,2.216749312551532e-09,0.010993329030340374
h002_k20_eps019,0.19,0.005,445,8.9,0.0037082930247578205,3.122235805406986e-05,1.2164034550640654e-09,0.0090686559543351
h002_k20_eps019,0.19,0.005,446,8.92,0.0022156010603450074,7.399418737375095e-06,2.1352971982962218e-10,0.007696838843836832
h002_k20_eps019,0.19,0.005,447,8.94,0.0004591053553476795,9.578271330486068e-06,2.9081905822819436e-10,0.0082652427886467
h002_k20_eps019,0.19,0.005,448,8.96,0.0018301656362896186,3.197225642649196e-05,1.321324643716664e-09,0.0100867037097021
h002_k20_eps019,0.19,0.005,449,8.98,0.003347284713042179,4.3587858337203174e-05,2.2867385624204067e-09,0.011719686267180106
h002_k20_eps019,0.19,0.005,450,9.0,0.004364681998943887,4.9436911988420694e-05,2.988141577971596e-09,0.012101864155143844
h002_k20_eps019,0.19,0.005,451,9.02,0.00453567437719924,4.461089147893278e-05,2.3298919522925897e-09,0.011182686706799418
h002_k20_eps019,0.19,0.005,452,9.040000000000001,0.003846204433344609,3.327476999161619e-05,1.3688789420358331e-09,0.009311865805137407
h002_k20_eps019,0.19,0.005,453,9.06,0.0024372460080515778,1.0263771662818847e-05,2.6779946078816e-10,0.007781525948513045
h002_k20_eps019,0.19,0.005,454,9.08,0.0005350398688096104,6.799254507364438e-06,2.3099587455305132e-10,0.008074255828020101
h002_k20_eps019,0.19,0.005,455,9.1,0.001595963120705496,2.9739155940111827e-05,1.16051221009006e-09,0.009812441556668473
h002_k20_eps019,0.19,0.005,456,9.120000000000001,0.0031510828682004047,4.199623674533924e-05,2.1422218733308362e-09,0.011541724324701677
h002_k20_eps019,0.19,0.005,457,9.14,0.004263524126769097,4.912745690931257e-05,2.9519198812901397e-09,0.012100025360906116
h002_k20_eps019,0.19,0.005,458,9.16,0.004547178474818298,4.5631111572895695e-05,2.430323479815942e-09,0.011354400302454108
h002_k20_eps019,0.19,0.005,459,9.18,0.0039713617590894324,3.5224041151461016e-05,1.5239999129547736e-09,0.00955896539636125
h002_k20_eps019,0.19,0.005,460,9.200000000000001,0.0026495806476943967,1.3083001047440187e-05,3.3892211233609184e-10,0.00790066505381477
h002_k20_eps019,0.19,0.005,461,9.22,0.0007947093797522429,4.976681256907888e-06,1.8845169890864766e-10,0.007913844219279887
h002_k20_eps019,0.19,0.005,462,9.24,0.0013585853275351865,2.74393196980175e-05,1.0079695577371048e-09,0.0095403287454893
h002_k20_eps019,0.19,0.005,463,9.26,0.0029618606250777107,4.029018194688448e-05,1.992605990486178e-09,0.01134716886570523
h002_k20_eps019,0.19,0.005,464,9.28,0.004149076301296756,4.866321643720723e-05,2.8979178534413356e-09,0.012074803366457132
h002_k20_eps019,0.19,0.005,465,9.3,0.004543336209127834,4.646789469934231e-05,2.514913110115679e-09,0.011506118559251106
h002_k20_eps019,0.19,0.005,466,9.32,0.004081531446815528,3.7029749900063853e-05,1.6767808512448902e-09,0.009803250018188901
h002_k20_eps019,0.19,0.005,467,9.34,0.002851330219802824,1.584546115104151e-05,4.255824625715755e-10,0.008049989816368248
h002_k20_eps019,0.19,0.005,468,9.36,0.0010506182641522785,4.068856992767106e-06,1.6319028612125605e-10,0.0077868767166197434
h002_k20_eps019,0.19,0.005,469,9.38,0.0011170798802461867,2.5068885193046563e-05,8.63698131627727e-10,0.00927086366679986
h002_k20_eps019,0.19,0.005,470,9.4,0.002767508610282084,3.8454906258300014e-05,1.8371697814302898e-09,0.011135899057075193
h002_k20_eps019,0.19,0.005,471,9.42,0.004021802874598406,4.805085722738158e-05,2.827585484534058e-09,0.012026381404772081
h002_k20_eps019,0.19,0.005,472,9.44,0.004525242621571143,4.715240351077145e-05,2.5849700962013824e-09,0.01163842093375343
h002_k20_eps019,0.19,0.005,473,9.46,0.004177817899714931,3.869616844700847e-05,1.8251865989705826e-09,0.010043795800499838
h002_k20_eps019,0.19,0.005,474,9.48,0.003042094597906033,1.853180768825007e-05,5.254632211968599e-10,0.008225573118669996
h002_k20_eps019,0.19,0.005,475,9.5,0.0013005823640969067,3.154603133978809e-06,1.5539420331512673e-10,0.007696048273904486
h002_k20_eps019,0.19,0.005,476,9.52,0.0008735549997827024,2.265557657604975e-05,7.299484854666667e-10,0.00900998867176708
h002_k20_eps019,0.19,0.005,477,9.540000000000001,0.002565116394648848,3.648478184427324e-05,1.677239510191583e-09,0.010910230706774134
h002_k20_eps019,0.19,0.005,478,9.56,0.00388142432658988,4.72927465324661e-05,2.741380453282758e-09,0.011953946184872739
h002_k20_eps019,0.19,0.005,479,9.58,0.004491568169054066,4.765264426691907e-05,2.636984763291731e-09,0.011747880034575699
h002_k20_eps019,0.19,0.005,480,9.6,0.0042595942355568945,4.021930792643567e-05,1.9677161759413815e-09,0.010277039012685556
h002_k20_eps019,0.19,0.005,481,9.620000000000001,0.003222062929989115,2.1165221384431005e-05,6.383056770747833e-10,0.008423706689410202
h002_k20_eps019,0.19,0.005,482,9.64,0.0015453867359307674,4.364618670202056e-06,1.6511415489577226e-10,0.007643579611423778
h002_k20_eps019,0.19,0.005,483,9.66,0.0006805476005007281,2.01742348137781e-05,6.066299364060181e-10,0.00876077086989516
h002_k20_eps019,0.19,0.005,484,9.68,0.002355964106066132,3.441915629442779e-05,1.517236143559399e-09,0.010673531365300231
h002_k20_eps019,0.19,0.005,485,9.700000000000001,0.0037294264232743757,4.640757995970565e-05,2.641637716017584e-09,0.011859796234842561
h002_k20_eps019,0.19,0.005,486,9.72,0.004443459523816888,4.796529230548887e-05,2.6700528739301622e-09,0.011835376927854893
h002_k20_eps019,0.19,0.005,487,9.74,0.004326354999573512,4.159934360058347e-05,2.101431683000464e-09,0.010499420087659556
h002_k20_eps019,0.19,0.005,488,9.76,0.0033892149713831764,2.3694084689939198e-05,7.600439136763848e-10,0.008638039102750043
h002_k20_eps019,0.19,0.005,489,9.78,0.001783318746311594,7.121914223757149e-06,1.9131917882249884e-10,0.0076301924172575905
h002_k20_eps019,0.19,0.005,490,9.8,0.0005935415983978876,1.7625839153962716e-05,4.941466504784474e-10,0.008527164023495586
h002_k20_eps019,0.19,0.005,491,9.82,0.0021396034721446367,3.226001381949437e-05,1.3572336468499298e-09,0.010426316185263802
h002_k20_eps019,0.19,0.005,492,9.84,0.003565293173352563,4.536424422182412e-05,2.526254736620829e-09,0.01174351444856249
h002_k20_eps019,0.19,0.005,493,9.86,0.004381213001233992,4.812023897837325e-05,2.6861649121234755e-09,0.011900563396753291
h002_k20_eps019,0.19,0.005,494,9.88,0.004378859695616623,4.284392987202e-05,2.225407123286041e-09,0.010710319048645372
h002_k20_eps019,0.19,0.005,495,9.9,0.0035444998533535376,2.6120357924063818e-05,8.891487792298893e-10,0.008866237342943091
h002_k20_eps019,0.19,0.005,496,9.92,0.002013981301430864,9.853817318391552e-06,2.3401632833389283e-10,0.007655455759156906
h002_k20_eps019,0.19,0.005,497,9.94,0.0005051974650022551,1.5047754633337728e-05,3.954816136304159e-10,0.008313806180593516
h002_k20_eps019,0.19,0.005,498,9.96,0.0019178390589570384,3.0005194777758953e-05,1.1999158148012287e-09,0.010172656669317008
h002_k20_eps019,0.19,0.005,499,9.98,0.003390158463747886,4.419052569448962e-05,2.399753376089257e-09,0.011606488436326307
h002_k20_eps019,0.19,0.005,500,10.0,0.00430429069716016,4.80947510664678e-05,2.6837522027620783e-09,0.011941486911008202
