label,time,step,c0,kind,h,kappa,dt,compacton_speed,max_ahead_HP_over_h2,best_fit_relL2,best_fit_corr,best_fit_A_over_h2,best_fit_center_ahead
baseline,0.0,0,0.0,abs,0.02,20.0,0.001,1.0,0.0,,,,
baseline,0.02,20,0.0,abs,0.02,20.0,0.001,1.0,0.0005570731020392885,,,,
baseline,0.04,40,0.0,abs,0.02,20.0,0.001,1.0,0.00043160542714527304,,,,
baseline,0.06,60,0.0,abs,0.02,20.0,0.001,1.0,0.00039220541878030873,,,,
baseline,0.08,80,0.0,abs,0.02,20.0,0.001,1.0,0.0004181526340331256,,,,
baseline,0.1,100,0.0,abs,0.02,20.0,0.001,1.0,0.0004062123128093633,,,,
baseline,0.12,120,0.0,abs,0.02,20.0,0.001,1.0,0.00041153701168382314,,,,
baseline,0.14,140,0.0,abs,0.02,20.0,0.001,1.0,0.0006953424424233876,,,,
baseline,0.16,160,0.0,abs,0.02,20.0,0.001,1.0,0.0015028762141920833,,,,
baseline,0.18,180,0.0,abs,0.02,20.0,0.001,1.0,0.001951420970793241,,,,
baseline,0.2,200,0.0,abs,0.02,20.0,0.001,1.0,0.0012418876893099458,,,,
baseline,0.22,220,0.0,abs,0.02,20.0,0.001,1.0,0.0013892832519195595,,,,
baseline,0.24,240,0.0,abs,0.02,20.0,0.001,1.0,0.002044980208596072,,,,
baseline,0.26,260,0.0,abs,0.02,20.0,0.001,1.0,0.0022217200520714274,,,,
baseline,0.28,280,0.0,abs,0.02,20.0,0.001,1.0,0.004726344687759153,0.5630907991440758,0.8263950338181407,0.003784755875720312,3.3954895051968297
baseline,0.3,300,0.0,abs,0.02,20.0,0.001,1.0,0.0050029290317629895,0.7031777497971197,0.7110141012597847,0.0037626374551297114,3.3738699439669695
baseline,0.32,320,0.0,abs,0.02,20.0,0.001,1.0,0.00645344209380349,0.2684805221087899,0.9632851131664976,0.006283460327747796,3.382442121096897
baseline,0.34,340,0.0,abs,0.02,20.0,0.001,1.0,0.006309615427721282,0.6336417143216645,0.7736266398408874,0.005488064932064811,3.3536939566210027
baseline,0.36,360,0.0,abs,0.02,20.0,0.001,1.0,0.007067107036909993,0.26264711841322774,0.9648919582985588,0.007570119323516861,3.3623879996448256
baseline,0.38,380,0.0,abs,0.02,20.0,0.001,1.0,0.007003387881908263,0.40705759869078595,0.9134024914286641,0.0072762331418644265,3.3403017434620796
baseline,0.4,400,0.0,abs,0.02,20.0,0.001,1.0,0.006999035546785216,0.3361013344406858,0.941825829433017,0.008484638478323923,3.3466699245936624
baseline,0.42,420,0.0,abs,0.02,20.0,0.001,1.0,0.006905523358266451,0.42880657755414325,0.9033963244591506,0.008052389979024984,3.319620386141567
baseline,0.44,440,0.0,abs,0.02,20.0,0.001,1.0,0.006906824807728143,0.33638170235209885,0.9417257298824877,0.008540753851068117,3.31581220555014
baseline,0.46,460,0.0,abs,0.02,20.0,0.001,1.0,0.006847304265041336,0.5063195334218688,0.8623459457059337,0.008481056372778687,3.297369689648905
baseline,0.48,480,0.0,abs,0.02,20.0,0.001,1.0,0.006764349208386809,0.4216539973551347,0.9067568067097352,0.00877099764015265,3.2917897926662363
baseline,0.5,500,0.0,abs,0.02,20.0,0.001,1.0,0.007350399848250769,0.6500411593487393,0.759899000626101,0.00883655121129202,3.2786329103208818
baseline,0.52,520,0.0,abs,0.02,20.0,0.001,1.0,0.007376915826587296,0.6436287057295174,0.7653378921502231,0.009145420714352844,3.2830556085864
baseline,0.54,540,0.0,abs,0.02,20.0,0.001,1.0,0.009195835088264567,0.761792997694201,0.6478205219534829,0.00929653339601946,3.3314865399524827
baseline,0.56,560,0.0,abs,0.02,20.0,0.001,1.0,0.013032692848313225,0.643348818167981,0.7655731827603827,0.012413562429200881,3.3680095175714584
baseline,0.58,580,0.0,abs,0.02,20.0,0.001,1.0,0.015452046571515691,0.685426585526307,0.7281417415955138,0.014368098509026851,3.3621210723584554
baseline,0.6,600,0.0,abs,0.02,20.0,0.001,1.0,0.01996151419772918,0.5459882211941468,0.8377928516747153,0.019165788098400457,3.3711623820879275
baseline,0.62,620,0.0,abs,0.02,20.0,0.001,1.0,0.02375547254613263,0.5512329385009773,0.8343513933059488,0.022518818591957254,3.3688539150427754
baseline,0.64,640,0.0,abs,0.02,20.0,0.001,1.0,0.028519439935797503,0.4533723756121721,0.8913212041861093,0.02746790436311493,3.3736678299681486
baseline,0.66,660,0.0,abs,0.02,20.0,0.001,1.0,0.03298498644555013,0.4656247326774487,0.8849822644093238,0.03108852353795918,3.372230008000958
baseline,0.68,680,0.0,abs,0.02,20.0,0.001,1.0,0.037417634628841824,0.39083594383565284,0.9204603549344722,0.03569768780943381,3.376009136265278
baseline,0.7000000000000001,700,0.0,abs,0.02,20.0,0.001,1.0,0.0409304711559392,0.43959690659326944,0.898195167941594,0.03799817428125393,3.373423327293944
baseline,0.72,720,0.0,abs,0.02,20.0,0.001,1.0,0.04596301424514149,0.3982961558652171,0.9172568736308224,0.04267397423231436,3.3769440942138367
baseline,0.74,740,0.0,abs,0.02,20.0,0.001,1.0,0.050838547964718685,0.44042097814260767,0.8977913800053487,0.0455647668323974,3.3770430631751367
baseline,0.76,760,0.0,abs,0.02,20.0,0.001,1.0,0.05833997642776716,0.4097270980625748,0.9122081479099063,0.05129948113577607,3.382378759942414
baseline,0.78,780,0.0,abs,0.02,20.0,0.001,1.0,0.06526980055782564,0.4566720611982648,0.8896351097618217,0.05417769752024266,3.38458589584058
baseline,0.8,800,0.0,abs,0.02,20.0,0.001,1.0,0.07453243045482677,0.47320993043318366,0.8809496930809508,0.05984749346995173,3.390357479868909
baseline,0.8200000000000001,820,0.0,abs,0.02,20.0,0.001,1.0,0.08272136219309223,0.5246608682114129,0.8513113257602336,0.06309749078445379,3.3948465734670084
baseline,0.84,840,0.0,abs,0.02,20.0,0.001,1.0,0.08998992509470295,0.5516529508573812,0.8340737508220386,0.06875208071449483,3.402161218867251
baseline,0.86,860,0.0,abs,0.02,20.0,0.001,1.0,0.09802027166550364,0.6307782745081318,0.7759631230983491,0.06950536383137626,3.4068903387684397
baseline,0.88,880,0.0,abs,0.02,20.0,0.001,1.0,0.10790717230797814,0.6749447680690029,0.7378682538612702,0.0721324890204167,3.4151349463287186
baseline,0.9,900,0.0,abs,0.02,20.0,0.001,1.0,0.10839843168330449,0.7684071396358918,0.6399613017648699,0.06562937473631335,3.4193828495882244
baseline,0.92,920,0.0,abs,0.02,20.0,0.001,1.0,0.10345037013212098,0.8296591793557797,0.5582702267815238,0.05977281630378243,3.426483776942261
baseline,0.9400000000000001,940,0.0,abs,0.02,20.0,0.001,1.0,0.09152875923700936,0.860847232555678,0.5088634809074342,0.05478053837886347,3.3180422931221614
baseline,0.96,960,0.0,abs,0.02,20.0,0.001,1.0,0.10590998802183348,0.8379752799490268,0.5457081914305028,0.059815888816326046,3.327507042969403
baseline,0.98,980,0.0,abs,0.02,20.0,0.001,1.0,0.11208950027822082,0.8301411782092779,0.5575532478977336,0.06093942881036727,3.3367465664284293
baseline,1.0,1000,0.0,abs,0.02,20.0,0.001,1.0,0.11060241986581353,0.8501496428693274,0.5265411519806927,0.058894585375353234,3.3451908671580703
baseline,1.02,1020,0.0,abs,0.02,20.0,0.001,1.0,0.09951017978170223,0.7413750508315542,0.6710909282686738,0.008129522073709351,2.834999854801092
baseline,1.04,1040,0.0,abs,0.02,20.0,0.001,1.0,0.10010888008092855,0.8586637184627116,0.5125393824827402,0.008039013446080148,2.8149998548010924
baseline,1.06,1060,0.0,abs,0.02,20.0,0.001,1.0,0.11257641469497658,0.8468066976302941,0.5319007584582632,0.05973975465199328,3.2656652745185593
baseline,1.08,1080,0.0,abs,0.02,20.0,0.001,1.0,0.1138545559915014,0.8512959574016821,0.5246858039927831,0.05968513717715221,3.2762295017418968
baseline,1.1,1100,0.0,abs,0.02,20.0,0.001,1.0,0.10327818094132976,0.6286733530752739,0.7776694767914526,0.007693315805576832,2.75499985480109
baseline,1.12,1120,0.0,abs,0.02,20.0,0.001,1.0,0.10598439204357482,0.8645786186294488,0.502497574331254,0.007556327117813926,2.7349998548010905
baseline,1.1400000000000001,1140,0.0,abs,0.02,20.0,0.001,1.0,0.1145658002456661,0.8673119556407476,0.49776497627155547,0.0576142660011867,3.1959146214977725
baseline,1.16,1160,0.0,abs,0.02,20.0,0.001,1.0,0.11133616090357888,0.8801147810830549,0.47476096313737365,0.05709529433841142,3.2058903368429785
baseline,1.18,1180,0.0,abs,0.02,20.0,0.001,1.0,0.09613086643584032,0.9152734384077449,0.4028331328791914,0.05218037469886608,3.2150726310358966
baseline,1.2,1200,0.0,abs,0.02,20.0,0.001,1.0,0.10239648073828832,0.913971053389255,0.40577939026832766,0.05552041053624347,3.405704011764932
baseline,1.22,1220,0.0,abs,0.02,20.0,0.001,1.0,0.10892665378065555,0.880866323716724,0.4733651019475173,0.0681862920545598,3.4143341209693876
baseline,1.24,1240,0.0,abs,0.02,20.0,0.001,1.0,0.10639804246235239,0.9051272092660158,0.4251408414235383,0.061847980956760744,3.4173810723825966
baseline,1.26,1260,0.0,abs,0.02,20.0,0.001,1.0,0.09820769974067715,0.9139176341091897,0.4058996896577544,0.059799742312907966,3.4243950163498322
baseline,1.28,1280,0.0,abs,0.02,20.0,0.001,1.0,0.1111924287712844,0.9143284851761895,0.4049733586242611,0.057232809436882776,3.049546093148633
baseline,1.3,1300,0.0,abs,0.02,20.0,0.001,1.0,0.11407229372275954,0.904664187080201,0.42612522644701406,0.05821055303846343,3.0591473184889466
baseline,1.32,1320,0.0,abs,0.02,20.0,0.001,1.0,0.10644343757260533,0.9162005493759244,0.4007200435756293,0.054565904141314875,3.0697969852065494
baseline,1.34,1340,0.0,abs,0.02,20.0,0.001,1.0,0.09738041192084516,0.9140111110029896,0.4056891531247548,0.05518687923371027,2.970120997737574
baseline,1.36,1360,0.0,abs,0.02,20.0,0.001,1.0,0.10719574903617043,0.9027956254293246,0.4300698300342336,0.0622932552923029,3.398186442203645
baseline,1.3800000000000001,1380,0.0,abs,0.02,20.0,0.001,1.0,0.10834719214637964,0.9004844344070283,0.43488824241482316,0.06023039801996033,3.4007345148159818
baseline,1.4000000000000001,1400,0.0,abs,0.02,20.0,0.001,1.0,0.10033590147719464,0.9177162899082771,0.39723646765747356,0.0564438349835249,3.000417792692243
baseline,1.42,1420,0.0,abs,0.02,20.0,0.001,1.0,0.10535565901402405,0.9151819038802496,0.4030410435800819,0.05341062919195833,2.9004488111446154
baseline,1.44,1440,0.0,abs,0.02,20.0,0.001,1.0,0.1141098503235687,0.9005462251956643,0.4347602745029034,0.057557532407676554,2.910934618685106
baseline,1.46,1460,0.0,abs,0.02,20.0,0.001,1.0,0.1121069103689742,0.9091800548398622,0.41640320349558435,0.05780307878297879,2.9205216019656923
baseline,1.48,1480,0.0,abs,0.02,20.0,0.001,1.0,0.09972985083146077,0.9292943554462452,0.3693399530727045,0.05203969671299791,2.9305096475357804
baseline,1.5,1500,0.0,abs,0.02,20.0,0.001,1.0,0.10405028105713245,0.9188657525280569,0.39457030910985624,0.05371081555703399,2.833658836391214
baseline,1.52,1520,0.0,abs,0.02,20.0,0.001,1.0,0.10695451537670018,0.9154488367061301,0.40243437648067903,0.056359361407071554,2.8426371508098534
baseline,1.54,1540,0.0,abs,0.02,20.0,0.001,1.0,0.10154458117902887,0.925388629187037,0.3790196366566466,0.05328472677584627,2.852178785188924
baseline,1.56,1560,0.0,abs,0.02,20.0,0.001,1.0,0.09565015709330559,0.9188641080983035,0.39457413859591633,0.05342243489518143,2.7545414386747087
baseline,1.58,1580,0.0,abs,0.02,20.0,0.001,1.0,0.11189828583162911,0.8746250315220284,0.484800014681405,0.054641636486971,3.4147807004243216
baseline,1.6,1600,0.0,abs,0.02,20.0,0.001,1.0,0.11594424000472789,0.812058054757493,0.5835766579494732,0.06565144515597936,3.4225123608765067
baseline,1.62,1620,0.0,abs,0.02,20.0,0.001,1.0,0.10833014142237851,0.8580310295186202,0.5135978508358626,0.0614503418469715,3.428084406091374
baseline,1.6400000000000001,1640,0.0,abs,0.02,20.0,0.001,1.0,0.09982954484174945,0.8712425854476173,0.49085268391091724,0.053894361327470795,3.436954816478009
baseline,1.6600000000000001,1660,0.0,abs,0.02,20.0,0.001,1.0,0.11141939863723994,0.9105280482218308,0.41344730426179266,0.056831362178438746,2.694466415875157
baseline,1.68,1680,0.0,abs,0.02,20.0,0.001,1.0,0.11051047391930109,0.9113314595292481,0.41167337887248723,0.058079226049312344,2.7042716764247263
baseline,1.7,1700,0.0,abs,0.02,20.0,0.001,1.0,0.09823741040976022,0.8800872888995873,0.47481192478430273,0.04685419411953484,3.3385246912299866
baseline,1.72,1720,0.0,abs,0.02,20.0,0.001,1.0,0.09865483139826768,0.777455346225177,0.6289381405399821,0.05949627656705556,3.3847485588721664
baseline,1.74,1740,0.0,abs,0.02,20.0,0.001,1.0,0.10877613139896992,0.6683586359254035,0.7438391854318607,0.07968573605176109,3.4094189146296383
baseline,1.76,1760,0.0,abs,0.02,20.0,0.001,1.0,0.10992655952380902,0.719092323189211,0.6949145492291433,0.0704245116264613,3.4175632280642283
baseline,1.78,1780,0.0,abs,0.02,20.0,0.001,1.0,0.10147990843163379,0.8161905767277566,0.5777827813813873,0.050254047086859474,3.422737174847356
baseline,1.8,1800,0.0,abs,0.02,20.0,0.001,1.0,0.10589193627402077,0.9032290039396985,0.42915890581706456,0.059998672596013616,2.547977003880318
baseline,1.82,1820,0.0,abs,0.02,20.0,0.001,1.0,0.11152649033688107,0.8821344336450587,0.4709977080387031,0.06558019833281922,2.5586981222061755
baseline,1.84,1840,0.0,abs,0.02,20.0,0.001,1.0,0.11553030319741701,0.878483238257055,0.47777316804253317,0.06652731422038956,2.569933283479269
baseline,1.86,1860,0.0,abs,0.02,20.0,0.001,1.0,0.11332805324894053,0.8930315871925648,0.44999398248902,0.06267394914246263,2.5828863968660745
baseline,1.8800000000000001,1880,0.0,abs,0.02,20.0,0.001,1.0,0.10132947010869878,0.8778630782371756,0.478911699447769,0.0475181166488264,3.4316667376312253
baseline,1.9000000000000001,1900,0.0,abs,0.02,20.0,0.001,1.0,0.11620076386157169,0.8605111655518752,0.5094315792729708,0.06631972955604651,2.490342667500503
baseline,1.92,1920,0.0,abs,0.02,20.0,0.001,1.0,0.11910796346556425,0.8546017529414097,0.5192839722824784,0.06658320190688663,2.5034966813596125
baseline,1.94,1940,0.0,abs,0.02,20.0,0.001,1.0,0.11125727128150302,0.8427409963842407,0.5383192482284996,0.07238907489434984,2.51963407762417
baseline,1.96,1960,0.0,abs,0.02,20.0,0.001,1.0,0.09897612292449605,0.8477487747158886,0.5303979779068823,0.07580975507417509,2.536405323226564
baseline,1.98,1980,0.0,abs,0.02,20.0,0.001,1.0,0.10864814286855538,0.7578121529806492,0.6524727893137254,0.07231315628305746,3.418250469955705
baseline,2.0,2000,0.0,abs,0.02,20.0,0.001,1.0,0.10618601111316585,0.7965111025851029,0.6046239024870451,0.0697277490798512,3.4281842725262432
baseline,2.02,2020,0.0,abs,0.02,20.0,0.001,1.0,0.09523638855412472,0.8133476482112201,0.5817779672257081,0.05524912190736405,3.4391919588144315
baseline,2.04,2040,0.0,abs,0.02,20.0,0.001,1.0,0.10004916255876574,0.8951286812292744,0.4458078555170827,0.06621197714797644,2.4624249636641817
baseline,2.06,2060,0.0,abs,0.02,20.0,0.001,1.0,0.10084132337489596,0.9177171333213169,0.39723451915525204,0.03271082883887541,3.318574128547203
baseline,2.08,2080,0.0,abs,0.02,20.0,0.001,1.0,0.0953832512869157,0.8734017888318995,0.48700032368083507,0.042883258793694944,3.3934704769896857
baseline,2.1,2100,0.0,abs,0.02,20.0,0.001,1.0,0.0889603535031937,0.8203398052010844,0.5718763887437975,0.056462283773040536,3.4026584532450315
baseline,2.12,2120,0.0,abs,0.02,20.0,0.001,1.0,0.1009216585365202,0.7384864129594062,0.6742683574618854,0.0744626727072569,3.4143626414645762
baseline,2.14,2140,0.0,abs,0.02,20.0,0.001,1.0,0.10081871328276304,0.7579514213992047,0.6523110015927414,0.07649070595204688,3.4246614892035527
baseline,2.16,2160,0.0,abs,0.02,20.0,0.001,1.0,0.09788934676619598,0.7355911174266372,0.6774257951709778,0.06299579487636214,3.437730985003375
baseline,2.18,2180,0.0,abs,0.02,20.0,0.001,1.0,0.10017329156620765,0.8652269366100612,0.5013804425427549,0.07206591728319472,2.3088040833667662
baseline,2.2,2200,0.0,abs,0.02,20.0,0.001,1.0,0.11631638898256022,0.8668382174624079,0.49858951527944856,0.06737705179595097,2.323883256768024
baseline,2.22,2220,0.0,abs,0.02,20.0,0.001,1.0,0.11878633971332532,0.8537287950945803,0.5207179125268846,0.04863891432534382,3.4094511235062583
baseline,2.24,2240,0.0,abs,0.02,20.0,0.001,1.0,0.10852806298811497,0.7814637527876087,0.623950641540745,0.06023013605804574,3.421528384828356
baseline,2.2600000000000002,2260,0.0,abs,0.02,20.0,0.001,1.0,0.10796110714172343,0.7648334167624775,0.6442280998244598,0.0576381517554661,3.431697103859298
baseline,2.2800000000000002,2280,0.0,abs,0.02,20.0,0.001,1.0,0.11709328884393964,0.8623826642956538,0.5062569903935444,0.06872136475678725,2.2553928099272174
baseline,2.3000000000000003,2300,0.0,abs,0.02,20.0,0.001,1.0,0.11408767368863382,0.8641782295842458,0.5031858379491999,0.07100502072057979,2.268912498872112
baseline,2.32,2320,0.0,abs,0.02,20.0,0.001,1.0,0.11203774645125607,0.8960226345219872,0.4440083765249001,0.06666176173229113,2.2808241136068297
baseline,2.34,2340,0.0,abs,0.02,20.0,0.001,1.0,0.09928955261933727,0.821257473685415,0.5705577638730808,0.054622849970595154,3.417348861983939
baseline,2.36,2360,0.0,abs,0.02,20.0,0.001,1.0,0.11095593687975787,0.7599577569588637,0.6499724668307517,0.0686043938388,3.4241186905150975
baseline,2.38,2380,0.0,abs,0.02,20.0,0.001,1.0,0.11142478799455427,0.8148272658427165,0.5797038268282202,0.062068894623869934,3.43351000845184
baseline,2.4,2400,0.0,abs,0.02,20.0,0.001,1.0,0.1104679852812047,0.8452296005248144,0.5344033330703155,0.0531245382233462,3.4476534183967207
baseline,2.42,2420,0.0,abs,0.02,20.0,0.001,1.0,0.10298943325412714,0.8597217774590675,0.5107626311337018,0.04725933538264503,3.328312844168046
baseline,2.44,2440,0.0,abs,0.02,20.0,0.001,1.0,0.10689403977909655,0.753894500838741,0.6569954958788571,0.06355395464857587,3.37500028143368
baseline,2.46,2460,0.0,abs,0.02,20.0,0.001,1.0,0.11541455767938831,0.7117742041371448,0.702408344430029,0.0828856945461974,3.4080257307859636
baseline,2.48,2480,0.0,abs,0.02,20.0,0.001,1.0,0.11770162158695041,0.7505534745400098,0.6608097168292238,0.07752454757351124,3.4209809572680694
baseline,2.5,2500,0.0,abs,0.02,20.0,0.001,1.0,0.11394613517562534,0.7633356397732141,0.6460020905941546,0.07962654028306694,3.433610875943115
baseline,2.52,2520,0.0,abs,0.02,20.0,0.001,1.0,0.10276590563827513,0.8854493287400336,0.4647359317223321,0.05056675615735397,3.4388600734660404
baseline,2.54,2540,0.0,abs,0.02,20.0,0.001,1.0,0.11687488967907378,0.9132124454075499,0.4074837782694702,0.06331039654395362,2.067226340334484
baseline,2.56,2560,0.0,abs,0.02,20.0,0.001,1.0,0.11825114866506552,0.9133929493029496,0.4070790097311079,0.0626720866011837,2.078315246121335
baseline,2.58,2580,0.0,abs,0.02,20.0,0.001,1.0,0.10805849314400658,0.8523178908916801,0.5230241035229237,0.052475886845418276,3.375575742161459
baseline,2.6,2600,0.0,abs,0.02,20.0,0.001,1.0,0.10285576675694007,0.7827212248342155,0.6223724641997148,0.07136923601916542,3.405258755723507
baseline,2.62,2620,0.0,abs,0.02,20.0,0.001,1.0,0.1103744807767701,0.7823601731139316,0.6228262675298296,0.07676202632571426,3.4229383714201056
baseline,2.64,2640,0.0,abs,0.02,20.0,0.001,1.0,0.1130808876134924,0.8156567571990632,0.5785361306223739,0.06411141791161071,3.4432540239576177
baseline,2.66,2660,0.0,abs,0.02,20.0,0.001,1.0,0.11006744250613834,0.9125672296120958,0.40892670668238845,0.04293714352323694,3.1459372731770188
baseline,2.68,2680,0.0,abs,0.02,20.0,0.001,1.0,0.0998038439337894,0.9109708073397534,0.41247083312006205,0.0427532232073404,3.146788908955209
baseline,2.7,2700,0.0,abs,0.02,20.0,0.001,1.0,0.11188945613136952,0.8435720374496366,0.5370160310764188,0.05545058462818419,3.4141038725244517
baseline,2.72,2720,0.0,abs,0.02,20.0,0.001,1.0,0.11307238771014977,0.8410637313450829,0.5409360404113279,0.057017103397432344,3.4219535016849143
baseline,2.74,2740,0.0,abs,0.02,20.0,0.001,1.0,0.10574741266380283,0.8315241964012584,0.5554885334543292,0.0621143886587599,3.430124128867927
baseline,2.7600000000000002,2760,0.0,abs,0.02,20.0,0.001,1.0,0.09927507196828378,0.9157872964793441,0.40166357515594303,0.059587880654351166,1.8512756496539282
baseline,2.7800000000000002,2780,0.0,abs,0.02,20.0,0.001,1.0,0.11424501619469157,0.9122227618036207,0.4096945604317623,0.06307948744053928,1.8636674566396358
baseline,2.8000000000000003,2800,0.0,abs,0.02,20.0,0.001,1.0,0.119468918432172,0.9045796442328151,0.42630466481101725,0.06595804652297083,1.8753359988146112
baseline,2.82,2820,0.0,abs,0.02,20.0,0.001,1.0,0.1127941673150184,0.8434973525641652,0.5371333318806832,0.05942856984138834,3.4061617666184905
baseline,2.84,2840,0.0,abs,0.02,20.0,0.001,1.0,0.11899909041078961,0.7831805569244702,0.621794351257292,0.08660863418255474,3.422807382921638
baseline,2.86,2860,0.0,abs,0.02,20.0,0.001,1.0,0.10469272810218114,0.8182490624862028,0.5748638723562735,0.07223164734328925,3.436214195612372
baseline,2.88,2880,0.0,abs,0.02,20.0,0.001,1.0,0.1141458696805827,0.8579010225411297,0.5138149818007295,0.05551987326938381,3.4523204134107672
baseline,2.9,2900,0.0,abs,0.02,20.0,0.001,1.0,0.11198775658378758,0.9099116510982553,0.4148021060646231,0.046336675619188555,3.3476836619911445
baseline,2.92,2920,0.0,abs,0.02,20.0,0.001,1.0,0.09816231149302855,0.8147446744438924,0.579819899162935,0.06548467972142775,3.3791704531805884
baseline,2.94,2940,0.0,abs,0.02,20.0,0.001,1.0,0.11655773939829113,0.755320198813059,0.6553559317386245,0.08336407057085361,3.4065511821212233
baseline,2.96,2960,0.0,abs,0.02,20.0,0.001,1.0,0.11912184038777926,0.8073392382441427,0.5900875819667512,0.07387829008620624,3.417110997226887
baseline,2.98,2980,0.0,abs,0.02,20.0,0.001,1.0,0.12285264969172505,0.7823253262230253,0.6228700377687442,0.08537678131701165,3.4317212812793514
baseline,3.0,3000,0.0,abs,0.02,20.0,0.001,1.0,0.10534088007525169,0.8711384410329565,0.4910374899686074,0.062307055188116994,3.4395421061618094
baseline,3.02,3020,0.0,abs,0.02,20.0,0.001,1.0,0.11462406240897681,0.8845286312314207,0.4664859060377594,0.055240109393387624,3.3469954160439404
baseline,3.04,3040,0.0,abs,0.02,20.0,0.001,1.0,0.11869542477652692,0.7854630352636183,0.6189085717894557,0.0712357036010789,3.375000281163544
baseline,3.06,3060,0.0,abs,0.02,20.0,0.001,1.0,0.11133476749614248,0.7060896764495224,0.7081224250166133,0.0936278724134889,3.393267311759672
baseline,3.08,3080,0.0,abs,0.02,20.0,0.001,1.0,0.11980474170417427,0.7150802365244604,0.6990423845033444,0.09787861843416235,3.420989471014426
baseline,3.1,3100,0.0,abs,0.02,20.0,0.001,1.0,0.10791459317593534,0.833920648849993,0.5518843641756912,0.06514451511562078,3.4336417701618274
baseline,3.12,3120,0.0,abs,0.02,20.0,0.001,1.0,0.10854399849066741,0.9178733915642302,0.3968733262117488,0.06263188239356769,1.6082914672192867
baseline,3.14,3140,0.0,abs,0.02,20.0,0.001,1.0,0.11018558859487966,0.9176960204116541,0.3972832920229759,0.05903413130813819,1.6184530996848494
baseline,3.16,3160,0.0,abs,0.02,20.0,0.001,1.0,0.10021981374408148,0.8393444517640681,0.5435999368035981,0.06505010302575426,3.411646302517573
baseline,3.18,3180,0.0,abs,0.02,20.0,0.001,1.0,0.11801613521024626,0.8257549728864111,0.5640290105600623,0.07504377579889965,3.421597052875743
baseline,3.2,3200,0.0,abs,0.02,20.0,0.001,1.0,0.11412374764048264,0.8812120410091734,0.4727212061886446,0.06397369000943319,3.429192656595017
baseline,3.22,3220,0.0,abs,0.02,20.0,0.001,1.0,0.11053026824827554,0.8761883900978893,0.4819687801690781,0.0695192934015986,3.44264943482602
baseline,3.24,3240,0.0,abs,0.02,20.0,0.001,1.0,0.10159909823742662,0.9057971478413602,0.4237116082460532,0.06521272208795972,1.565616589463941
baseline,3.2600000000000002,3260,0.0,abs,0.02,20.0,0.001,1.0,0.11022817308698792,0.8332922356375387,0.5528327505007213,0.06913677232575491,3.3615756627851248
baseline,3.2800000000000002,3280,0.0,abs,0.02,20.0,0.001,1.0,0.11661791599312268,0.7761641477621135,0.6305308999000067,0.09001064595690386,3.385071932405948
baseline,3.3000000000000003,3300,0.0,abs,0.02,20.0,0.001,1.0,0.11606699228900305,0.7735157417664221,0.6337770879730051,0.0956014306026683,3.414392814074544
baseline,3.3200000000000003,3320,0.0,abs,0.02,20.0,0.001,1.0,0.12391712462257162,0.7993162996636062,0.6009105200377838,0.09258227920884293,3.436658391957044
baseline,3.34,3340,0.0,abs,0.02,20.0,0.001,1.0,0.09932680194527914,0.8960384368462737,0.4439764855193191,0.05447032133565682,3.262144973483581
baseline,3.36,3360,0.0,abs,0.02,20.0,0.001,1.0,0.11342814115824874,0.8836277520995278,0.4681901277467684,0.059011218298761034,3.2729379547385804
baseline,3.38,3380,0.0,abs,0.02,20.0,0.001,1.0,0.11419596401955097,0.8813183950710433,0.4725228952224434,0.06462655683376799,3.395828878011594
baseline,3.4,3400,0.0,abs,0.02,20.0,0.001,1.0,0.10723327433904471,0.8416258408325326,0.5400610558473297,0.07534423013584213,3.4189425148164023
baseline,3.42,3420,0.0,abs,0.02,20.0,0.001,1.0,0.11185547194956816,0.8474970051107703,0.5308001755164318,0.0764414417224081,3.42379481497076
baseline,3.44,3440,0.0,abs,0.02,20.0,0.001,1.0,0.1140758108691219,0.889390692730308,0.45714789257383986,0.06418769677635101,3.427437040308231
baseline,3.46,3460,0.0,abs,0.02,20.0,0.001,1.0,0.10896980840736245,0.8573005020488287,0.5148163256801654,0.0704390308034936,3.4439367187249257
baseline,3.48,3480,0.0,abs,0.02,20.0,0.001,1.0,0.10207406395820892,0.920012223300865,0.3918896642895797,0.05896699183361003,1.3621276544790817
baseline,3.5,3500,0.0,abs,0.02,20.0,0.001,1.0,0.10794704860241977,0.9266756267999814,0.37586205274656487,0.04414568938432238,2.405701575137684
baseline,3.52,3520,0.0,abs,0.02,20.0,0.001,1.0,0.11435525779872924,0.8675261033993675,0.49739165646471206,0.06346437789332773,3.4008485867253384
baseline,3.54,3540,0.0,abs,0.02,20.0,0.001,1.0,0.1088127697463277,0.8278751057247402,0.5609124791990729,0.07113447859493165,3.4239767553729443
baseline,3.56,3560,0.0,abs,0.02,20.0,0.001,1.0,0.10681895874038123,0.8121106446369022,0.5835034711699967,0.07560816813000075,3.446105833628698
baseline,3.58,3580,0.0,abs,0.02,20.0,0.001,1.0,0.10064528248303915,0.7555816996208031,0.6550544215545291,0.05528499927926875,0.07832586222361648
baseline,3.6,3600,0.0,abs,0.02,20.0,0.001,1.0,0.11599208910175207,0.8744341090607161,0.48514429699955447,0.05200447422608802,3.391878915817541
baseline,3.62,3620,0.0,abs,0.02,20.0,0.001,1.0,0.1186828859322627,0.8501898239534104,0.526476270354201,0.06119591512658912,3.406675305018453
baseline,3.64,3640,0.0,abs,0.02,20.0,0.001,1.0,0.10763734446021558,0.854622558816045,0.5192497298629205,0.05899030580852528,3.419020202646996
baseline,3.66,3660,0.0,abs,0.02,20.0,0.001,1.0,0.10592167849919962,0.8196270761976958,0.5728974218510823,0.07192841483347165,3.425081096149164
baseline,3.68,3680,0.0,abs,0.02,20.0,0.001,1.0,0.11840036386201692,0.8621142213832858,0.5067139916054135,0.06281936656926632,3.428747571564328
baseline,3.7,3700,0.0,abs,0.02,20.0,0.001,1.0,0.11606858819056601,0.882738619021894,0.4698643745670867,0.06731273743222929,1.1572897346765174
baseline,3.72,3720,0.0,abs,0.02,20.0,0.001,1.0,0.10281972640039705,0.8829240705245837,0.4695157991892282,0.06976336413978106,1.1704213845053424
baseline,3.74,3740,0.0,abs,0.02,20.0,0.001,1.0,0.10785563829985458,0.8673694238913401,0.4976648294770336,0.06125971940176851,3.384822836092482
baseline,3.7600000000000002,3760,0.0,abs,0.02,20.0,0.001,1.0,0.13148142881924674,0.7667300927303038,0.6419695981133217,0.09902874868794868,3.4186767419858803
baseline,3.7800000000000002,3780,0.0,abs,0.02,20.0,0.001,1.0,0.11519757150801575,0.6285402668466142,0.7777770457865073,0.10051724619654984,0.0544929779811234
baseline,3.8000000000000003,3800,0.0,abs,0.02,20.0,0.001,1.0,0.09365390881477821,0.7500074790665037,0.6614293472052083,0.08079990636409551,0.08448278022999034
baseline,3.8200000000000003,3820,0.0,abs,0.02,20.0,0.001,1.0,0.09711840026026684,0.903617081468324,0.428341184196276,0.06046215300256037,0.11237594020015251
baseline,3.84,3840,0.0,abs,0.02,20.0,0.001,1.0,0.10115978905550417,0.8211606124027154,0.5706971601807717,0.07167547867886224,3.3920379794429483
baseline,3.86,3860,0.0,abs,0.02,20.0,0.001,1.0,0.11191859188512401,0.8073715288942269,0.5900434003791576,0.07886782758055119,3.4051420531203966
baseline,3.88,3880,0.0,abs,0.02,20.0,0.001,1.0,0.11099910019492337,0.8744260230215105,0.4851588711574642,0.06413332540631131,3.4118021900697943
baseline,3.9,3900,0.0,abs,0.02,20.0,0.001,1.0,0.12955156018541203,0.8094330962253966,0.5872121105145637,0.08944376212402501,3.430266784696677
baseline,3.92,3920,0.0,abs,0.02,20.0,0.001,1.0,0.12782653173270694,0.8183912681915749,0.5746614065236898,0.08223408704058183,0.9453611209721728
baseline,3.94,3940,0.0,abs,0.02,20.0,0.001,1.0,0.1271353210364071,0.8197747758286437,0.5726860544094793,0.07526590048606349,0.9610304694275822
baseline,3.96,3960,0.0,abs,0.02,20.0,0.001,1.0,0.1276491685097895,0.7307651214672491,0.6826289894569058,0.09266523294772355,3.375000267517736
baseline,3.98,3980,0.0,abs,0.02,20.0,0.001,1.0,0.1193343363394626,0.6510909864298153,0.7589996886625516,0.11278812173587949,3.404921397521978
baseline,4.0,4000,0.0,abs,0.02,20.0,0.001,1.0,0.13590030133591113,0.6951566009354202,0.7188583310888962,0.10751936862788318,3.4343617676007234
baseline,4.0200000000000005,4020,0.0,abs,0.02,20.0,0.001,1.0,0.1060992560989714,0.8642917913953189,0.5029907547129177,0.05685691408292834,0.084514843756482
baseline,4.04,4040,0.0,abs,0.02,20.0,0.001,1.0,0.10612953583277007,0.9314875609972977,0.36377317617892824,0.05363118961874029,0.9148081044324883
baseline,4.0600000000000005,4060,0.0,abs,0.02,20.0,0.001,1.0,0.09689706342089052,0.8804177213988271,0.4741989412123324,0.053103960373351806,3.413951876414602
baseline,4.08,4080,0.0,abs,0.02,20.0,0.001,1.0,0.0923661203211185,0.8414818454492786,0.5402853910474315,0.06268488935524903,3.430436654695093
baseline,4.1,4100,0.0,abs,0.02,20.0,0.001,1.0,0.09994526584377868,0.857652082947905,0.5142304003218011,0.06251676027895456,3.429723289724782
baseline,4.12,4120,0.0,abs,0.02,20.0,0.001,1.0,0.10119953284265808,0.9205550084097425,0.39061294972355803,0.04381646934752701,3.4278769996932574
baseline,4.14,4140,0.0,abs,0.02,20.0,0.001,1.0,0.09603050660548994,0.8488021774306979,0.5287105669351673,0.06223251415479851,3.446530086051604
baseline,4.16,4160,0.0,abs,0.02,20.0,0.001,1.0,0.09976611534825011,0.8974516676484999,0.4411128021662106,0.039518471725012785,0.18527375097116128
baseline,4.18,4180,0.0,abs,0.02,20.0,0.001,1.0,0.11819785132368199,0.8475977491999536,0.5306392894906786,0.058680642815472424,3.3886527574326077
baseline,4.2,4200,0.0,abs,0.02,20.0,0.001,1.0,0.13280873986377575,0.7542945051731229,0.6565362133695549,0.09376190245436865,3.4111131510120405
baseline,4.22,4220,0.0,abs,0.02,20.0,0.001,1.0,0.11401139255059772,0.7930807255543304,0.609116542834142,0.08284311696722825,3.432361831931674
baseline,4.24,4240,0.0,abs,0.02,20.0,0.001,1.0,0.11052641478435564,0.6696061066365686,0.7427164074901107,0.07331304480670187,0.07715241597458622
baseline,4.26,4260,0.0,abs,0.02,20.0,0.001,1.0,0.11799272339181127,0.8407610797035379,0.5414063232506076,0.057308441927226034,3.340095879385066
baseline,4.28,4280,0.0,abs,0.02,20.0,0.001,1.0,0.1090283703139434,0.754410723871064,0.6564026658297002,0.08258016253282645,3.4066484241378845
baseline,4.3,4300,0.0,abs,0.02,20.0,0.001,1.0,0.10299016124517918,0.800500947924608,0.5993314878861313,0.07251907520826179,3.4191682922890294
baseline,4.32,4320,0.0,abs,0.02,20.0,0.001,1.0,0.10991198728312306,0.9061338938928688,0.4229909766632703,0.04564238456157763,1.6766203392717216
baseline,4.34,4340,0.0,abs,0.02,20.0,0.001,1.0,0.10464943945671482,0.8302285209904501,0.5574231811954089,0.06556800277006991,3.4211481392857284
baseline,4.36,4360,0.0,abs,0.02,20.0,0.001,1.0,0.1057933890580723,0.8263388378792165,0.5631732637585225,0.0742453808777079,3.423217062183392
baseline,4.38,4380,0.0,abs,0.02,20.0,0.001,1.0,0.10822593399964876,0.874173240746524,0.4856141937409984,0.05817480470232231,3.447992867038405
baseline,4.4,4400,0.0,abs,0.02,20.0,0.001,1.0,0.1012591736340058,0.9241384849740515,0.3820576665764802,0.0414983987509615,3.4674215063725615
baseline,4.42,4420,0.0,abs,0.02,20.0,0.001,1.0,0.09904036507609992,0.8653427323147852,0.5011805619035736,0.055133087705677944,3.387798434795201
baseline,4.44,4440,0.0,abs,0.02,20.0,0.001,1.0,0.12007745899337831,0.6842345361662865,0.7292620239099983,0.09463865450472962,3.4274347085370316
baseline,4.46,4460,0.0,abs,0.02,20.0,0.001,1.0,0.11801469884584571,0.8388619430056067,0.5443442298553907,0.08421388034058716,0.05033381705208306
baseline,4.48,4480,0.0,abs,0.02,20.0,0.001,1.0,0.10525910194348051,0.9016299683245177,0.43250826607029064,0.04727614328645709,1.5750415883331303
baseline,4.5,4500,0.0,abs,0.02,20.0,0.001,1.0,0.10875606539754609,0.8718314645637845,0.4898059793393368,0.04776111069007787,3.436823767141
baseline,4.5200000000000005,4520,0.0,abs,0.02,20.0,0.001,1.0,0.11647981546012276,0.8541271725225866,0.5200642009969264,0.04746696989373867,3.457766487388108
baseline,4.54,4540,0.0,abs,0.02,20.0,0.001,1.0,0.1109946969113474,0.906066171663838,0.42313602135298795,0.06132361468590187,0.3508528450834003
baseline,4.5600000000000005,4560,0.0,abs,0.02,20.0,0.001,1.0,0.09682528895062308,0.8221569875674796,0.5692608258030474,0.04890590225361415,3.3755611442181443
baseline,4.58,4580,0.0,abs,0.02,20.0,0.001,1.0,0.10846161557811256,0.9071455309414588,0.42081704539257775,0.041839590026062766,3.3598637313521156
baseline,4.6000000000000005,4600,0.0,abs,0.02,20.0,0.001,1.0,0.1145838525323879,0.9036760635342297,0.4282167350714809,0.06163551234877226,0.2735194317219243
baseline,4.62,4620,0.0,abs,0.02,20.0,0.001,1.0,0.11913045239215497,0.8077474450894297,0.5895286803468497,0.07192150137369231,3.382651083287122
baseline,4.64,4640,0.0,abs,0.02,20.0,0.001,1.0,0.14911599991252442,0.7082035881924044,0.7060082702570867,0.10788696161256153,3.406309638471516
baseline,4.66,4660,0.0,abs,0.02,20.0,0.001,1.0,0.16262336820790796,0.7531799140447644,0.6578145765179739,0.10532119435859309,3.4327594402184314
baseline,4.68,4680,0.0,abs,0.02,20.0,0.001,1.0,0.13504532076734072,0.8762783895783239,0.4818051306887665,0.07661085931633037,3.4545539657867046
baseline,4.7,4700,0.0,abs,0.02,20.0,0.001,1.0,0.1270632381591674,0.6503699472404295,0.75961762204841,0.09545577062563627,3.364106382656722
baseline,4.72,4720,0.0,abs,0.02,20.0,0.001,1.0,0.13861202530045377,0.5278699982747265,0.8493251820836587,0.12941930894120066,3.400421036397283
baseline,4.74,4740,0.0,abs,0.02,20.0,0.001,1.0,0.15540695518608724,0.6404453746492161,0.7680037253102519,0.1141551302162051,3.4251887591766508
baseline,4.76,4760,0.0,abs,0.02,20.0,0.001,1.0,0.08416655925592788,0.8950190544532326,0.44602790514231444,0.0440611343833785,3.445376712542142
baseline,4.78,4780,0.0,abs,0.02,20.0,0.001,1.0,0.07637759216874879,0.9191516106848635,0.39390394333570905,0.037265697795211564,3.3114850345334563
baseline,4.8,4800,0.0,abs,0.02,20.0,0.001,1.0,0.0829221765957007,0.9243898113924668,0.38144917956891644,0.0417091772710397,1.2517356351501085
baseline,4.82,4820,0.0,abs,0.02,20.0,0.001,1.0,0.08350691576357161,0.9180245212383338,0.3965236164532045,0.05014894690828398,2.5687562260553722
baseline,4.84,4840,0.0,abs,0.02,20.0,0.001,1.0,0.07811078698140417,0.8960759198943196,0.4439008287732169,0.04478206090243197,0.3466362214538954
baseline,4.86,4860,0.0,abs,0.02,20.0,0.001,1.0,0.07617160996914012,0.8707379242223394,0.4917473612750469,0.0561709118706553,3.3946778916427274
baseline,4.88,4880,0.0,abs,0.02,20.0,0.001,1.0,0.1074916487660211,0.761948972955156,0.6476370608701936,0.08454868058100948,3.430112034614014
baseline,4.9,4900,0.0,abs,0.02,20.0,0.001,1.0,0.08625836747602408,0.7631144681796718,0.6462633429607908,0.0776284386388218,0.0557091468444586
baseline,4.92,4920,0.0,abs,0.02,20.0,0.001,1.0,0.08322626776849736,0.8882597931395892,0.459341419743108,0.0587920018233206,0.07984197027829865
baseline,4.94,4940,0.0,abs,0.02,20.0,0.001,1.0,0.08106059030614642,0.893643796372097,0.44877696599275924,0.05014531792318499,1.1403045193482022
baseline,4.96,4960,0.0,abs,0.02,20.0,0.001,1.0,0.07364655093439959,0.886454749020951,0.4628152740977796,0.05509030105208264,1.1440384523211726
baseline,4.98,4980,0.0,abs,0.02,20.0,0.001,1.0,0.08367938717780175,0.8920772643795589,0.45188289896507794,0.058359187963002844,1.1489644526165623
baseline,5.0,5000,0.0,abs,0.02,20.0,0.001,1.0,0.14441323300766595,0.79851226887307,0.6019785348824175,0.0926627333521539,3.4400569587489844
baseline,5.0200000000000005,5020,0.0,abs,0.02,20.0,0.001,1.0,0.08706200177958284,0.8621467041492497,0.5066587219466238,0.055000780524773474,0.08329495668384901
baseline,5.04,5040,0.0,abs,0.02,20.0,0.001,1.0,0.08185738123665323,0.8983466024224098,0.4392873568817027,0.052277902481250305,3.3893469518637165
baseline,5.0600000000000005,5060,0.0,abs,0.02,20.0,0.001,1.0,0.08614498339864839,0.9103203450739267,0.41390442054233606,0.054636028400241884,1.1694239999249305
baseline,5.08,5080,0.0,abs,0.02,20.0,0.001,1.0,0.07789473675316205,0.904948133400405,0.42552188645840894,0.0571271424251388,1.1727386847336643
baseline,5.1000000000000005,5100,0.0,abs,0.02,20.0,0.001,1.0,0.12316115197409806,0.914495472097958,0.40459613383265647,0.05461673404663529,1.1758839743066059
baseline,5.12,5120,0.0,abs,0.02,20.0,0.001,1.0,0.11117295878737006,0.9009518223749354,0.4339191327416696,0.03859751770741688,0.12024924138768789
baseline,5.14,5140,0.0,abs,0.02,20.0,0.001,1.0,0.11646593587833921,0.836885407820268,0.5473781272370168,0.08290583419755354,3.39432962424239
baseline,5.16,5160,0.0,abs,0.02,20.0,0.001,1.0,0.16460066658711156,0.7509098320049085,0.6604047427134063,0.12084440825709092,3.4231875721561735
baseline,5.18,5180,0.0,abs,0.02,20.0,0.001,1.0,0.1282261980390574,0.8974499261005255,0.44111634535818484,0.07669400952529254,3.3178810750161585
baseline,5.2,5200,0.0,abs,0.02,20.0,0.001,1.0,0.12243872607400959,0.755631453121206,0.654997028278705,0.10044536925876622,3.3531712668339253
baseline,5.22,5220,0.0,abs,0.02,20.0,0.001,1.0,0.11211862189259428,0.710618535116798,0.7035774993193402,0.10699163694960319,3.385950355298572
baseline,5.24,5240,0.0,abs,0.02,20.0,0.001,1.0,0.11105949050610193,0.729633016031927,0.6838389151811658,0.10923399648747437,3.4148175071264895
baseline,5.26,5260,0.0,abs,0.02,20.0,0.001,1.0,0.07735962239115114,0.9298689326911332,0.36789097300131274,0.05333252343290026,2.29772424278384
baseline,5.28,5280,0.0,abs,0.02,20.0,0.001,1.0,0.08432197874673873,0.9301403439864552,0.36720422177415013,0.046895450258780474,3.438879955990018
baseline,5.3,5300,0.0,abs,0.02,20.0,0.001,1.0,0.08627768682791681,0.9335208159492554,0.35852320174493096,0.05269751101270034,2.305985775690935
baseline,5.32,5320,0.0,abs,0.02,20.0,0.001,1.0,0.08162250372942476,0.930730260282022,0.3657064158520595,0.05254012887146663,2.310962715648822
baseline,5.34,5340,0.0,abs,0.02,20.0,0.001,1.0,0.08134687934123458,0.9266582707592788,0.3759048406623983,0.055346977538340655,2.316121837730348
baseline,5.36,5360,0.0,abs,0.02,20.0,0.001,1.0,0.07226142516781764,0.9295232760938579,0.36876344612738066,0.056145387734817954,2.3204516313193277
baseline,5.38,5380,0.0,abs,0.02,20.0,0.001,1.0,0.1148997919723367,0.813700141071895,0.5812848530794331,0.0863671250315007,3.438279624734262
baseline,5.4,5400,0.0,abs,0.02,20.0,0.001,1.0,0.08763962114233027,0.9032156659621414,0.4291869764573073,0.0548355180689334,3.460284743645257
baseline,5.42,5420,0.0,abs,0.02,20.0,0.001,1.0,0.08379512280667581,0.9013000426355448,0.4331953752582842,0.034110885743679036,0.11119706479120062
baseline,5.44,5440,0.0,abs,0.02,20.0,0.001,1.0,0.13819232473634632,0.7834410800693357,0.6214660683092788,0.10029311305089014,3.417396463710208
baseline,5.46,5460,0.0,abs,0.02,20.0,0.001,1.0,0.1773243115228034,0.820558194836152,0.5715629876813538,0.1026643993094872,3.4381841475593724
baseline,5.48,5480,0.0,abs,0.02,20.0,0.001,1.0,0.11472303569024496,0.9234699649298923,0.3836707232411452,0.061407044427750954,3.355399287165037
baseline,5.5,5500,0.0,abs,0.02,20.0,0.001,1.0,0.12217944756634846,0.8014714029605622,0.5980331012882383,0.09309944245094301,3.387039209136404
baseline,5.5200000000000005,5520,0.0,abs,0.02,20.0,0.001,1.0,0.13096979359796113,0.7151564706600475,0.6989643928506405,0.11716866160175805,3.4220830873778993
baseline,5.54,5540,0.0,abs,0.02,20.0,0.001,1.0,0.08608516646015948,0.7972858733492381,0.6036018854822629,0.05347418191612424,0.06574889152840413
baseline,5.5600000000000005,5560,0.0,abs,0.02,20.0,0.001,1.0,0.08751521747964375,0.9312727133855924,0.3643228421378987,0.048066122019924655,0.758078886281174
baseline,5.58,5580,0.0,abs,0.02,20.0,0.001,1.0,0.08663796283884762,0.9232409583751564,0.38422146319345923,0.05506093351050896,1.030877132274746
baseline,5.6000000000000005,5600,0.0,abs,0.02,20.0,0.001,1.0,0.12016924218397838,0.8841547490054174,0.4671941564394478,0.07863987096110003,3.4241885161050174
baseline,5.62,5620,0.0,abs,0.02,20.0,0.001,1.0,0.11736164531422615,0.9158569307369093,0.401504772600735,0.05812592280228405,1.0417840301657968
baseline,5.64,5640,0.0,abs,0.02,20.0,0.001,1.0,0.10833160745547861,0.8492154953624902,0.5280464396587105,0.08790760745592455,3.3565961961618846
baseline,5.66,5660,0.0,abs,0.02,20.0,0.001,1.0,0.11462002870241665,0.7586136035714931,0.6515407895721289,0.11267289299027339,3.3922152730798025
baseline,5.68,5680,0.0,abs,0.02,20.0,0.001,1.0,0.1479098650338171,0.7519020886332874,0.6592747902877072,0.11146515986282775,3.4321618087312267
baseline,5.7,5700,0.0,abs,0.02,20.0,0.001,1.0,0.12045541236351155,0.8836491561601225,0.4681497290584537,0.07206841354194243,3.460174195204086
baseline,5.72,5720,0.0,abs,0.02,20.0,0.001,1.0,0.08936664583408752,0.8120725956540349,0.583556423482527,0.08337315675127055,3.39314505215415
baseline,5.74,5740,0.0,abs,0.02,20.0,0.001,1.0,0.09972409809342311,0.7997001793185344,0.6003995529627781,0.08551649808034195,3.4101968740891238
baseline,5.76,5760,0.0,abs,0.02,20.0,0.001,1.0,0.08561640558376361,0.7733513822950729,0.633977633282358,0.09108711784117311,0.055739141514246526
baseline,5.78,5780,0.0,abs,0.02,20.0,0.001,1.0,0.08843951408593571,0.89285219167815,0.45034982382090927,0.06360739159756537,0.08782798624703325
baseline,5.8,5800,0.0,abs,0.02,20.0,0.001,1.0,0.0915985745397543,0.9101698965343874,0.4142351499360993,0.06073265133434508,0.97130020814242
baseline,5.82,5820,0.0,abs,0.02,20.0,0.001,1.0,0.08868339261699593,0.9191946042054201,0.39380360536648346,0.05707866803813531,0.9760318016330434
baseline,5.84,5840,0.0,abs,0.02,20.0,0.001,1.0,0.08924649061002596,0.8991356045210568,0.4376701551197586,0.04469438327051924,0.09022491374293828
baseline,5.86,5860,0.0,abs,0.02,20.0,0.001,1.0,0.08018267329514168,0.92800242377967,0.3725741556510025,0.05238754174350741,0.9871956479966073
baseline,5.88,5880,0.0,abs,0.02,20.0,0.001,1.0,0.1122125579811131,0.8393951613827031,0.5435216307078363,0.082511550416155,3.4147923514422303
baseline,5.9,5900,0.0,abs,0.02,20.0,0.001,1.0,0.1620899729986917,0.8213060901092172,0.5704877793165343,0.09969919968366975,3.4385475645466865
baseline,5.92,5920,0.0,abs,0.02,20.0,0.001,1.0,0.09088807226321449,0.9279940008105374,0.37259513477721656,0.051750853376962204,1.0203602294832752
baseline,5.94,5940,0.0,abs,0.02,20.0,0.001,1.0,0.09971481700616391,0.7963164406853215,0.6048802578149339,0.08967926360291566,3.392586433349928
baseline,5.96,5960,0.0,abs,0.02,20.0,0.001,1.0,0.1298460253846029,0.7402516478780683,0.6723299025134939,0.10820966855507404,3.4199287095093087
baseline,5.98,5980,0.0,abs,0.02,20.0,0.001,1.0,0.12950399047475278,0.8070816374900879,0.5904398618202522,0.09654531077385904,3.4400792359887227
baseline,6.0,6000,0.0,abs,0.02,20.0,0.001,1.0,0.080232013249574,0.9227682775909409,0.3853552982272963,0.057208091742200234,3.109257824573552
baseline,6.0200000000000005,6020,0.0,abs,0.02,20.0,0.001,1.0,0.12171493546669857,0.885225570096445,0.4651620040882791,0.0683244197743181,3.4237452125156764
baseline,6.04,6040,0.0,abs,0.02,20.0,0.001,1.0,0.09033683869821908,0.9305231260630626,0.3662331386723837,0.053452806082116194,2.014455995988804
baseline,6.0600000000000005,6060,0.0,abs,0.02,20.0,0.001,1.0,0.08520371295173844,0.9136231985550953,0.4065619891996261,0.05856857855010732,2.026925166332555
baseline,6.08,6080,0.0,abs,0.02,20.0,0.001,1.0,0.08415767809693094,0.9145116059800947,0.4045596649787373,0.058574323812047475,2.0356665775597023
baseline,6.1000000000000005,6100,0.0,abs,0.02,20.0,0.001,1.0,0.10572216344557274,0.9107367470482566,0.41298738186046324,0.07185998535718666,3.4124689049266728
baseline,6.12,6120,0.0,abs,0.02,20.0,0.001,1.0,0.1625574850060869,0.8353178069550286,0.5497673702429433,0.10881767106839609,3.4495329499801635
baseline,6.140000000000001,6140,0.0,abs,0.02,20.0,0.001,1.0,0.11886404742326753,0.9275375047490393,0.37373008613694175,0.046664165774899735,0.12125582548756064
baseline,6.16,6160,0.0,abs,0.02,20.0,0.001,1.0,0.12303975417137052,0.8829149509470353,0.4695329481454891,0.083479810942864,3.3891618622070094
baseline,6.18,6180,0.0,abs,0.02,20.0,0.001,1.0,0.1684417850792967,0.7766523223437848,0.6299294962120807,0.1283698350874231,3.4262940072409354
baseline,6.2,6200,0.0,abs,0.02,20.0,0.001,1.0,0.11896837969990845,0.8947584429524967,0.44655047728697334,0.079928472599424,3.4521346374141846
baseline,6.22,6220,0.0,abs,0.02,20.0,0.001,1.0,0.10390745128145876,0.9238343186684682,0.38279257000413025,0.0658543682426577,3.347213455963269
baseline,6.24,6240,0.0,abs,0.02,20.0,0.001,1.0,0.10476775500867538,0.8398886497852069,0.5427587456338053,0.09552843229761165,3.4041667923754435
baseline,6.26,6260,0.0,abs,0.02,20.0,0.001,1.0,0.09663319422432624,0.8595583709420195,0.5110375787977841,0.07966163967192012,3.44069073118089
baseline,6.28,6280,0.0,abs,0.02,20.0,0.001,1.0,0.08725203536652477,0.9127491925349942,0.4085203930365245,0.05934311163025413,1.9573119753097181
baseline,6.3,6300,0.0,abs,0.02,20.0,0.001,1.0,0.09479504475376387,0.9065378433962235,0.4221245532902869,0.05474644978085387,0.1430704900034936
baseline,6.32,6320,0.0,abs,0.02,20.0,0.001,1.0,0.10380917166904807,0.8832906288280752,0.46882583655820803,0.06957130042151329,3.3962980101851077
baseline,6.34,6340,0.0,abs,0.02,20.0,0.001,1.0,0.14696954867299736,0.7983308062679986,0.6022191658885386,0.09945397961604613,3.428163717475014
baseline,6.36,6360,0.0,abs,0.02,20.0,0.001,1.0,0.1071201756520211,0.9022202570148009,0.43127555904797865,0.0536433129950534,0.14659281479241848
baseline,6.38,6380,0.0,abs,0.02,20.0,0.001,1.0,0.09789516168060143,0.9045371582062507,0.4263948046402069,0.06386191856492936,3.386973079244912
baseline,6.4,6400,0.0,abs,0.02,20.0,0.001,1.0,0.136844343175183,0.7798771585561614,0.6259325982582852,0.09986732505108707,3.424007247615389
baseline,6.42,6420,0.0,abs,0.02,20.0,0.001,1.0,0.10564013678789028,0.7510674297794308,0.6602255038428309,0.11827031238839258,0.07328038182605212
baseline,6.44,6440,0.0,abs,0.02,20.0,0.001,1.0,0.1258698535401356,0.8734586278094376,0.48689837287184917,0.10230931503030409,0.10760898343634118
baseline,6.46,6460,0.0,abs,0.02,20.0,0.001,1.0,0.16581722339001645,0.7917645682800925,0.6108263815653664,0.10261871782883172,3.431834885751595
baseline,6.48,6480,0.0,abs,0.02,20.0,0.001,1.0,0.11686847944417882,0.8820542176383858,0.4711479142969174,0.0993251566037952,0.06373365533722364
baseline,6.5,6500,0.0,abs,0.02,20.0,0.001,1.0,0.10182627377781209,0.9001772601221746,0.435523708147943,0.0647852315615117,2.1300405868233767
baseline,6.5200000000000005,6520,0.0,abs,0.02,20.0,0.001,1.0,0.10133654862932909,0.8172339595204783,0.5763060431806014,0.08258610882597651,3.407595570114884
baseline,6.54,6540,0.0,abs,0.02,20.0,0.001,1.0,0.10766480604898773,0.914698471202284,0.4041369901162288,0.06422289730928683,2.1495029952662517
baseline,6.5600000000000005,6560,0.0,abs,0.02,20.0,0.001,1.0,0.10628727136214718,0.8905775177055358,0.4548314907275509,0.0690010370677882,2.15758980445945
baseline,6.58,6580,0.0,abs,0.02,20.0,0.001,1.0,0.09362338611985377,0.9179083872039207,0.3967923798420239,0.06830700770979836,2.1659731069260673
baseline,6.6000000000000005,6600,0.0,abs,0.02,20.0,0.001,1.0,0.10540776720864851,0.9302030528554828,0.36704533842338877,0.0630305724108814,2.173743506225984
baseline,6.62,6620,0.0,abs,0.02,20.0,0.001,1.0,0.1118989137803595,0.8533558929227395,0.5213288022103073,0.08134178532570943,3.4339433139763322
baseline,6.640000000000001,6640,0.0,abs,0.02,20.0,0.001,1.0,0.09117034338447716,0.9380467780842904,0.3465086465381234,0.05839779062963499,2.1917332842359745
baseline,6.66,6660,0.0,abs,0.02,20.0,0.001,1.0,0.11862674700131447,0.8811769417917182,0.47278662973332336,0.07292963120607873,3.43195477938351
baseline,6.68,6680,0.0,abs,0.02,20.0,0.001,1.0,0.12148624471066649,0.9199122818975402,0.392124206870808,0.06167282776741299,3.4636841855430145
baseline,6.7,6700,0.0,abs,0.02,20.0,0.001,1.0,0.10162121329357729,0.9411510086561973,0.33798635905228874,0.05200823967373454,3.388150752018115
baseline,6.72,6720,0.0,abs,0.02,20.0,0.001,1.0,0.155441453867006,0.7760432619235957,0.6306796775091023,0.11955318741064493,3.4220623518810935
baseline,6.74,6740,0.0,abs,0.02,20.0,0.001,1.0,0.17988859740471094,0.8328854898921815,0.5534453547795487,0.10821347602842367,3.4511961129262634
baseline,6.76,6760,0.0,abs,0.02,20.0,0.001,1.0,0.10507622278615454,0.8474537944622232,0.530869161141971,0.08739727505466142,3.3568944662679367
baseline,6.78,6780,0.0,abs,0.02,20.0,0.001,1.0,0.16590393289548946,0.7523306556872822,0.6587856893657786,0.122994252824687,3.399817064611325
baseline,6.8,6800,0.0,abs,0.02,20.0,0.001,1.0,0.16370685186180436,0.7515837940770017,0.6596376281571715,0.11314825172160242,3.434790996632602
baseline,6.82,6820,0.0,abs,0.02,20.0,0.001,1.0,0.10432330497730194,0.9253011389535565,0.37923317662257755,0.06972957277832093,2.3237367257885033
baseline,6.84,6840,0.0,abs,0.02,20.0,0.001,1.0,0.10236921304290701,0.8622144055251909,0.5065435014930519,0.06370981377879414,3.445510298164347
baseline,6.86,6860,0.0,abs,0.02,20.0,0.001,1.0,0.09648127677952453,0.923566811480077,0.3834375369372745,0.05418669124279182,1.548016127248376
baseline,6.88,6880,0.0,abs,0.02,20.0,0.001,1.0,0.10569715123798266,0.9199529058141259,0.39202889062433427,0.056730877873438175,1.5509280527635116
baseline,6.9,6900,0.0,abs,0.02,20.0,0.001,1.0,0.13622432487052868,0.7989576928537893,0.6013872338433449,0.09451198236970422,3.4400695704223025
baseline,6.92,6920,0.0,abs,0.02,20.0,0.001,1.0,0.10131967263930455,0.8865171035128444,0.4626958236025009,0.06185139255547057,0.2392228583023659
baseline,6.94,6940,0.0,abs,0.02,20.0,0.001,1.0,0.10908508218524428,0.8483184290466246,0.5294863954247239,0.07641679523983483,3.4113754139413714
baseline,6.96,6960,0.0,abs,0.02,20.0,0.001,1.0,0.1228933605907058,0.8367153970338942,0.5476379683389498,0.08323310197004037,3.444921473224545
baseline,6.98,6980,0.0,abs,0.02,20.0,0.001,1.0,0.09107012773204348,0.8510627330941203,0.5250640192760934,0.0697828440646435,0.10501414364327388
baseline,7.0,7000,0.0,abs,0.02,20.0,0.001,1.0,0.1295455522139334,0.8393018380116787,0.5436657288354837,0.08783379225805157,3.4310208986943014
baseline,7.0200000000000005,7020,0.0,abs,0.02,20.0,0.001,1.0,0.10574767840768758,0.9071988436042225,0.42070210144847336,0.05998678449346867,3.4596653103012827
baseline,7.04,7040,0.0,abs,0.02,20.0,0.001,1.0,0.10132754703305723,0.9364958635998379,0.3506786241851562,0.04209371169294722,0.9040067816056343
baseline,7.0600000000000005,7060,0.0,abs,0.02,20.0,0.001,1.0,0.14880793227587016,0.8344019738332237,0.5511563716979243,0.09777977473502429,3.4191896570742006
baseline,7.08,7080,0.0,abs,0.02,20.0,0.001,1.0,0.11330181261878755,0.8944139998530125,0.4472399768210973,0.07290007317827862,3.4561431740053443
baseline,7.1000000000000005,7100,0.0,abs,0.02,20.0,0.001,1.0,0.10394165736447741,0.9036850303261058,0.42819781172316285,0.06734939389663559,3.37180346080687
baseline,7.12,7120,0.0,abs,0.02,20.0,0.001,1.0,0.10413019552741135,0.7846041049948821,0.6199970954973739,0.0933268422607144,3.4086874428738536
baseline,7.140000000000001,7140,0.0,abs,0.02,20.0,0.001,1.0,0.09495109222844543,0.819382075655528,0.573247777225903,0.07564951344633859,3.4357723802328337
baseline,7.16,7160,0.0,abs,0.02,20.0,0.001,1.0,0.09572432325502375,0.8935369909231154,0.44898958323335775,0.06382980723140508,0.1098199373053852
baseline,7.18,7180,0.0,abs,0.02,20.0,0.001,1.0,0.11351441451287146,0.9167302977151027,0.39950664731788793,0.05968736965435652,3.4465133197996316
baseline,7.2,7200,0.0,abs,0.02,20.0,0.001,1.0,0.09515082796603622,0.9386004498142273,0.34500608053848897,0.04711774961003817,0.14125936348685286
baseline,7.22,7220,0.0,abs,0.02,20.0,0.001,1.0,0.10227707590473348,0.8229226846015493,0.5681533729268698,0.09110098940901175,3.4062197025352265
baseline,7.24,7240,0.0,abs,0.02,20.0,0.001,1.0,0.1187008647681099,0.8965235891269865,0.44299599788131966,0.05763532233856885,0.1428666020260394
baseline,7.26,7260,0.0,abs,0.02,20.0,0.001,1.0,0.09215113029267828,0.8884301490890674,0.4590118410123832,0.05762792316887169,0.1485325882720474
baseline,7.28,7280,0.0,abs,0.02,20.0,0.001,1.0,0.14754199089433132,0.8988804745699549,0.43819389821960386,0.07903733107560727,3.374999645769222
baseline,7.3,7300,0.0,abs,0.02,20.0,0.001,1.0,0.11476115059504208,0.786981767079682,0.6169762542303723,0.09902302476318725,0.06461347914064852
baseline,7.32,7320,0.0,abs,0.02,20.0,0.001,1.0,0.12306656790074753,0.8687530925790445,0.4952454584691779,0.08516118709921316,0.09147751511784641
baseline,7.34,7340,0.0,abs,0.02,20.0,0.001,1.0,0.13640254332219687,0.8450993569924684,0.5346092749016956,0.08254419769285411,3.431869679667038
baseline,7.36,7360,0.0,abs,0.02,20.0,0.001,1.0,0.10958739615860719,0.9326847808439551,0.36069252776022903,0.06813226741992677,1.8251985164957159
baseline,7.38,7380,0.0,abs,0.02,20.0,0.001,1.0,0.12239719044872979,0.9214700588242667,0.3884493927018066,0.07339113520062716,1.841222957984641
baseline,7.4,7400,0.0,abs,0.02,20.0,0.001,1.0,0.13128936514356956,0.8518630578589835,0.5237645756016173,0.07264360022945929,3.4240568199929413
baseline,7.42,7420,0.0,abs,0.02,20.0,0.001,1.0,0.16274269218350476,0.8583171620270553,0.5131195273713737,0.0919890287151653,3.4453805418709393
baseline,7.44,7440,0.0,abs,0.02,20.0,0.001,1.0,0.10347997047561376,0.8769908455955437,0.48050708292554145,0.0665403987882776,3.4064333884547118
baseline,7.46,7460,0.0,abs,0.02,20.0,0.001,1.0,0.11710099249999442,0.8019206199983182,0.5974305978283276,0.0810326462850811,3.430437993430335
baseline,7.48,7480,0.0,abs,0.02,20.0,0.001,1.0,0.10923662095362754,0.9393406498435681,0.3429856316982724,0.06821607224811421,1.937817425212879
baseline,7.5,7500,0.0,abs,0.02,20.0,0.001,1.0,0.1017307849907266,0.9340286156010272,0.357198187619182,0.04174624656306215,3.4369500553081593
baseline,7.5200000000000005,7520,0.0,abs,0.02,20.0,0.001,1.0,0.11201366073828,0.9440979554019009,0.32966505821204384,0.041561084600040654,3.4716444414186647
baseline,7.54,7540,0.0,abs,0.02,20.0,0.001,1.0,0.10594030687693297,0.9321806373705908,0.3619934520282919,0.05075666827030512,3.4166370642754416
baseline,7.5600000000000005,7560,0.0,abs,0.02,20.0,0.001,1.0,0.14052810134275262,0.810669381293724,0.5855041880574815,0.0953509087636623,3.4505187904543355
baseline,7.58,7580,0.0,abs,0.02,20.0,0.001,1.0,0.1211109602026415,0.9247305296565398,0.3806224474740492,0.05982991956381631,3.4593556579716065
baseline,7.6000000000000005,7600,0.0,abs,0.02,20.0,0.001,1.0,0.11789727667437361,0.9015478246600408,0.43267946548310837,0.07972527071344468,3.372218662277632
baseline,7.62,7620,0.0,abs,0.02,20.0,0.001,1.0,0.2123079235133805,0.6783565726923516,0.7347328496025519,0.14559582968539847,3.428462968596534
baseline,7.640000000000001,7640,0.0,abs,0.02,20.0,0.001,1.0,0.15350884488221328,0.8634245138420809,0.5044780559118172,0.09162943825433496,3.4595403257467616
baseline,7.66,7660,0.0,abs,0.02,20.0,0.001,1.0,0.15019411962603912,0.8992969204018862,0.4373385976056583,0.07433643595730118,3.380551174066497
baseline,7.68,7680,0.0,abs,0.02,20.0,0.001,1.0,0.13198732436913618,0.7653512783450543,0.6436127878900411,0.11203649095532262,3.4212855945571654
baseline,7.7,7700,0.0,abs,0.02,20.0,0.001,1.0,0.11864495374982166,0.8789152154846658,0.4769780330262011,0.07713981418704588,3.4565914535926723
baseline,7.72,7720,0.0,abs,0.02,20.0,0.001,1.0,0.11480784349696274,0.9080207858673965,0.41892511554304784,0.06778048938002712,3.36257270880888
baseline,7.74,7740,0.0,abs,0.02,20.0,0.001,1.0,0.1045652650264253,0.9356106633036633,0.3530335489900061,0.06537665725065686,2.168913170986963
baseline,7.76,7760,0.0,abs,0.02,20.0,0.001,1.0,0.10602888586713806,0.9416426915576795,0.33661408383489927,0.057880343136797734,2.1770529285837963
baseline,7.78,7780,0.0,abs,0.02,20.0,0.001,1.0,0.11489272531855736,0.9247702786980667,0.3805258619814166,0.07194111349901197,1.5386476711869292
baseline,7.8,7800,0.0,abs,0.02,20.0,0.001,1.0,0.13476526708783565,0.9120253105528212,0.4101339207027747,0.04434162457100429,0.0769944871458641
baseline,7.82,7820,0.0,abs,0.02,20.0,0.001,1.0,0.14609124938525836,0.8683516906975571,0.49594893009532137,0.09973707469749633,3.4108774020562898
baseline,7.84,7840,0.0,abs,0.02,20.0,0.001,1.0,0.1434355125578962,0.885982648895045,0.46371839068223214,0.0961368457128007,3.439401513778357
baseline,7.86,7860,0.0,abs,0.02,20.0,0.001,1.0,0.12543484905528907,0.9163432476397297,0.4003936219585334,0.07695385692820943,1.4758372462961056
baseline,7.88,7880,0.0,abs,0.02,20.0,0.001,1.0,0.13059622879969837,0.8071528632291346,0.5903424898997277,0.11510672633487892,3.385856452100086
baseline,7.9,7900,0.0,abs,0.02,20.0,0.001,1.0,0.16652269017296187,0.7908331319098642,0.6120318271737472,0.12262132099501245,3.4339018463620583
baseline,7.92,7920,0.0,abs,0.02,20.0,0.001,1.0,0.12649056577549014,0.9338772433116954,0.3575937561319388,0.0666253494552399,1.5267427427482847
baseline,7.94,7940,0.0,abs,0.02,20.0,0.001,1.0,0.1310707579935174,0.9383296177591733,0.3457419969224505,0.06606042429287157,2.921568683649337
baseline,7.96,7960,0.0,abs,0.02,20.0,0.001,1.0,0.12019987678049594,0.837023463713136,0.5471669957094129,0.09164457991990425,3.410819608076455
baseline,7.98,7980,0.0,abs,0.02,20.0,0.001,1.0,0.10903219073366809,0.9188203706540042,0.3946759765570212,0.05769306193417099,3.4389286710856837
baseline,8.0,8000,0.0,abs,0.02,20.0,0.001,1.0,0.10928909216349335,0.9268678667887839,0.3753877428931443,0.05428553299055207,3.4400832952251292
baseline,8.02,8020,0.0,abs,0.02,20.0,0.001,1.0,0.11934755244629962,0.9343536280546032,0.3563471590194034,0.04744873660829757,0.30603889927412986
baseline,8.040000000000001,8040,0.0,abs,0.02,20.0,0.001,1.0,0.11629225589694006,0.9201566722151808,0.39155037808420545,0.04585454600241456,0.3066425082008415
baseline,8.06,8060,0.0,abs,0.02,20.0,0.001,1.0,0.1763577797371863,0.8278983724385579,0.5608781373111159,0.10039716441158525,3.439999890720504
baseline,8.08,8080,0.0,abs,0.02,20.0,0.001,1.0,0.12337327783970845,0.9330379474223686,0.35977797135157313,0.06891704261386639,1.3130107454695974
baseline,8.1,8100,0.0,abs,0.02,20.0,0.001,1.0,0.12173886916497029,0.7576753288627079,0.6526316694987973,0.1016347975586261,3.410218839036858
baseline,8.120000000000001,8120,0.0,abs,0.02,20.0,0.001,1.0,0.13328949598361767,0.7946850542651326,0.6070219637934228,0.095509290344239,3.430287449206368
baseline,8.14,8140,0.0,abs,0.02,20.0,0.001,1.0,0.11430392345709285,0.8743809150969447,0.4852401625115441,0.07497959951875112,3.4446726738435025
baseline,8.16,8160,0.0,abs,0.02,20.0,0.001,1.0,0.10446966795065839,0.8324101595630187,0.5541600186374597,0.08252706936219732,3.3750000253768597
baseline,8.18,8180,0.0,abs,0.02,20.0,0.001,1.0,0.18786374309583687,0.7663867239529916,0.6423794745698227,0.11973612305508669,3.439981363755134
baseline,8.2,8200,0.0,abs,0.02,20.0,0.001,1.0,0.1238639947699432,0.9037765052845524,0.4280047061606231,0.0714542749203697,3.4532643223714743
baseline,8.22,8220,0.0,abs,0.02,20.0,0.001,1.0,0.12229534315085933,0.9415727245349864,0.3368097451258835,0.06591518612076024,0.9848903305010026
baseline,8.24,8240,0.0,abs,0.02,20.0,0.001,1.0,0.15686551977529023,0.7836066639453269,0.6212572705574363,0.11882567255844508,3.435551247292743
baseline,8.26,8260,0.0,abs,0.02,20.0,0.001,1.0,0.11476686535685966,0.9001436500695953,0.43559316941314197,0.05837807782034359,0.06288641330285927
baseline,8.28,8280,0.0,abs,0.02,20.0,0.001,1.0,0.11960616328272064,0.9383882824137824,0.3455827417978385,0.060310256908196795,3.458661863081222
baseline,8.3,8300,0.0,abs,0.02,20.0,0.001,1.0,0.11142041217493034,0.9368172322512125,0.34981920095554747,0.06931879971194671,0.9132333407267001
baseline,8.32,8320,0.0,abs,0.02,20.0,0.001,1.0,0.11372456014426073,0.9336763846942386,0.35811786979191085,0.06719578276599122,0.9340155796410503
baseline,8.34,8340,0.0,abs,0.02,20.0,0.001,1.0,0.15112304655972983,0.853606501070259,0.5209183634031246,0.10636910603444827,3.436227668300912
baseline,8.36,8360,0.0,abs,0.02,20.0,0.001,1.0,0.12207253764865772,0.9081529784010816,0.4186384691129622,0.07664239552094601,3.34188335436
baseline,8.38,8380,0.0,abs,0.02,20.0,0.001,1.0,0.11543840592322065,0.8353434769712328,0.5497283651783046,0.10375481621047511,3.3750846992003076
baseline,8.4,8400,0.0,abs,0.02,20.0,0.001,1.0,0.1488254377517457,0.7884619953587119,0.6150834755339789,0.12361542153359291,3.4297576945132384
baseline,8.42,8420,0.0,abs,0.02,20.0,0.001,1.0,0.13979403707791377,0.8693366028681564,0.49422046792261987,0.09256213519696069,3.4532971202888234
baseline,8.44,8440,0.0,abs,0.02,20.0,0.001,1.0,0.11281123478292436,0.9023852950868789,0.4309301326328509,0.07885561606483965,3.4084203226459984
baseline,8.46,8460,0.0,abs,0.02,20.0,0.001,1.0,0.13227893999691498,0.9197755777420052,0.39244475609869,0.06259416350572912,3.44627038173779
baseline,8.48,8480,0.0,abs,0.02,20.0,0.001,1.0,0.13424690703629252,0.8475592325827489,0.5307008076720272,0.08087371728675337,0.08416736569175676
baseline,8.5,8500,0.0,abs,0.02,20.0,0.001,1.0,0.11654128932982288,0.8395623459865973,0.5432633497683064,0.07935500793824057,0.14344264168589227
baseline,8.52,8520,0.0,abs,0.02,20.0,0.001,1.0,0.13741595403259885,0.9132829982311226,0.407325625442313,0.07339177926347025,0.16856727701576624
baseline,8.540000000000001,8540,0.0,abs,0.02,20.0,0.001,1.0,0.13199224034870705,0.8594828728082399,0.5111645442998715,0.06898677642176654,0.1803809955051321
baseline,8.56,8560,0.0,abs,0.02,20.0,0.001,1.0,0.10685441939267831,0.8592773765075049,0.5115099121447988,0.06690303647707682,0.18999870005540487
baseline,8.58,8580,0.0,abs,0.02,20.0,0.001,1.0,0.12788742554666035,0.8595601583552922,0.5110345723806023,0.07030538830829426,0.20049934165430372
baseline,8.6,8600,0.0,abs,0.02,20.0,0.001,1.0,0.12805565507943084,0.8476165440431477,0.5306092670358771,0.07526616907115087,0.2089834289135588
baseline,8.620000000000001,8620,0.0,abs,0.02,20.0,0.001,1.0,0.1679045113581434,0.8250800791709512,0.5650158077038703,0.0989306351561734,3.4440627591041206
baseline,8.64,8640,0.0,abs,0.02,20.0,0.001,1.0,0.11360659418831061,0.829020755584723,0.559217834845899,0.07287309535123694,3.367747332850797
baseline,8.66,8660,0.0,abs,0.02,20.0,0.001,1.0,0.12373721080004563,0.8261700707015144,0.5634208145578707,0.08575337405995165,3.3835236359968874
baseline,8.68,8680,0.0,abs,0.02,20.0,0.001,1.0,0.15358605147258889,0.780304193297785,0.6254001646321281,0.10280523164697669,3.4241523866871653
baseline,8.700000000000001,8700,0.0,abs,0.02,20.0,0.001,1.0,0.11910529085822794,0.8569918163673944,0.515330017250416,0.0769261580743152,3.4517563896029486
baseline,8.72,8720,0.0,abs,0.02,20.0,0.001,1.0,0.12770754973213364,0.9019779775817937,0.43178203755767436,0.059540546701460466,3.3794001069756767
baseline,8.74,8740,0.0,abs,0.02,20.0,0.001,1.0,0.11909888471895569,0.854130709073132,0.5200583927005015,0.0831187769349681,3.3967306042216663
baseline,8.76,8760,0.0,abs,0.02,20.0,0.001,1.0,0.15042850815889283,0.7881504148594515,0.6154826752694784,0.10406394885554676,3.43460640777554
baseline,8.78,8780,0.0,abs,0.02,20.0,0.001,1.0,0.1218430756032904,0.8948476168940886,0.44637175374229315,0.08837323731329046,0.1529790261661379
baseline,8.8,8800,0.0,abs,0.02,20.0,0.001,1.0,0.1203334019290415,0.9183843165838229,0.39568958421073513,0.08369268599705486,0.17503553898995428
baseline,8.82,8820,0.0,abs,0.02,20.0,0.001,1.0,0.11242606889542213,0.9177774879148167,0.39709505496388225,0.07503039490022899,0.19085984246489218
baseline,8.84,8840,0.0,abs,0.02,20.0,0.001,1.0,0.12564612975891776,0.8432994087662457,0.5374440502736078,0.08974030729098922,3.4316945758660182
baseline,8.86,8860,0.0,abs,0.02,20.0,0.001,1.0,0.1154027209641869,0.9306204264982908,0.3659858218348624,0.07029545941463107,0.23798788529259163
baseline,8.88,8880,0.0,abs,0.02,20.0,0.001,1.0,0.1255700366996053,0.9147353371381688,0.4040535397576916,0.07712292384859948,0.26851001756657134
baseline,8.9,8900,0.0,abs,0.02,20.0,0.001,1.0,0.1244901694494512,0.8125216663000496,0.5829309923078294,0.08987470380212892,3.438713324332319
baseline,8.92,8920,0.0,abs,0.02,20.0,0.001,1.0,0.13053086370843292,0.9094422823790932,0.4158301756980918,0.07756812686810881,0.08305483096275523
baseline,8.94,8940,0.0,abs,0.02,20.0,0.001,1.0,0.12227121710864189,0.9133725328293149,0.40712481657713084,0.0758588180364359,0.10333494608806149
baseline,8.96,8960,0.0,abs,0.02,20.0,0.001,1.0,0.16089983541107708,0.6709838616196899,0.7414719532429591,0.12838530337346107,3.423264960229808
baseline,8.98,8980,0.0,abs,0.02,20.0,0.001,1.0,0.13087368765477553,0.8482767098094414,0.5295532301807522,0.07607897006118265,3.4374917318769533
baseline,9.0,9000,0.0,abs,0.02,20.0,0.001,1.0,0.13142876023355127,0.9078874604040991,0.4192139778692924,0.052876004662417986,3.4178478245364516
baseline,9.02,9020,0.0,abs,0.02,20.0,0.001,1.0,0.1254576803980858,0.8726572583937948,0.48833319503452305,0.06531110870350118,3.4403642431142636
baseline,9.040000000000001,9040,0.0,abs,0.02,20.0,0.001,1.0,0.13189340182579185,0.900499498902877,0.43485704832239713,0.08119223058444214,2.282809716350833
baseline,9.06,9060,0.0,abs,0.02,20.0,0.001,1.0,0.13521336666813114,0.8093439760104005,0.5873349372340078,0.07304249688388964,3.4339741678958298
baseline,9.08,9080,0.0,abs,0.02,20.0,0.001,1.0,0.10872572017527934,0.9166766663225836,0.39962969036310925,0.08195770252996401,2.320852212162059
baseline,9.1,9100,0.0,abs,0.02,20.0,0.001,1.0,0.12046162333366495,0.8342468922358988,0.551391079719961,0.07498575907221651,3.4397227626546396
baseline,9.120000000000001,9120,0.0,abs,0.02,20.0,0.001,1.0,0.12133294504069675,0.9236030474567438,0.38335024550483304,0.07696494380846365,2.23030477416253
baseline,9.14,9140,0.0,abs,0.02,20.0,0.001,1.0,0.1331422085733743,0.8331956850698679,0.5529782548897864,0.08039267667905696,3.44874141380636
baseline,9.16,9160,0.0,abs,0.02,20.0,0.001,1.0,0.11451091026367487,0.9268083588916916,0.37553464006465404,0.0628900069579153,0.13275111716091992
baseline,9.18,9180,0.0,abs,0.02,20.0,0.001,1.0,0.13232520469047304,0.7438917518791375,0.6683001283002928,0.10232786381325543,3.442217631079572
baseline,9.200000000000001,9200,0.0,abs,0.02,20.0,0.001,1.0,0.10453526831847265,0.8945817623566501,0.44690431913203743,0.05444557072165356,3.4562057339485364
baseline,9.22,9220,0.0,abs,0.02,20.0,0.001,1.0,0.12055800791209167,0.9228796901978681,0.38508840208488093,0.05994754386358864,3.3270630695367274
baseline,9.24,9240,0.0,abs,0.02,20.0,0.001,1.0,0.14244282687436674,0.740585524344027,0.6719621128695298,0.10009470491161607,3.4346710734068857
baseline,9.26,9260,0.0,abs,0.02,20.0,0.001,1.0,0.12701209643877584,0.8522383771005944,0.5231536567748953,0.07395651955832547,3.4394677977790487
baseline,9.28,9280,0.0,abs,0.02,20.0,0.001,1.0,0.12900391099958755,0.8850561990810142,0.4654841828336041,0.06903454864968489,3.450929350679928
baseline,9.3,9300,0.0,abs,0.02,20.0,0.001,1.0,0.1265416318051387,0.9225495765283064,0.3858785804465475,0.08124103448746683,0.8292607164465444
baseline,9.32,9320,0.0,abs,0.02,20.0,0.001,1.0,0.1413724435267525,0.8378193032831465,0.5459476303146144,0.09187544254253739,3.4563361783423083
baseline,9.34,9340,0.0,abs,0.02,20.0,0.001,1.0,0.13361215383183156,0.8495186154977107,0.5275586431126427,0.08605720914367783,3.386036263691466
baseline,9.36,9360,0.0,abs,0.02,20.0,0.001,1.0,0.12060158581787768,0.9041095607018663,0.4273007164134857,0.0620678045208073,3.383977545372044
baseline,9.38,9380,0.0,abs,0.02,20.0,0.001,1.0,0.13261424772758673,0.856646413703911,0.5159039851447432,0.07141177173872623,3.4070953508803683
baseline,9.4,9400,0.0,abs,0.02,20.0,0.001,1.0,0.12053064857563975,0.8783908263181208,0.4779430470675026,0.09233929917805686,1.9945039264143318
baseline,9.42,9420,0.0,abs,0.02,20.0,0.001,1.0,0.1627778898883552,0.8843951411258223,0.4667389359728165,0.08801392441363413,2.0134271515082176
baseline,9.44,9440,0.0,abs,0.02,20.0,0.001,1.0,0.1903128457957235,0.860629259891793,0.5092320463385085,0.1107377597987901,3.4282015171687554
baseline,9.46,9460,0.0,abs,0.02,20.0,0.001,1.0,0.18259048507261966,0.8870675072459446,0.4616397270474739,0.10005104500465009,3.343583052481538
baseline,9.48,9480,0.0,abs,0.02,20.0,0.001,1.0,0.19707371974177568,0.8885761920039225,0.4587290605616873,0.10122493252150692,3.377074536217151
baseline,9.5,9500,0.0,abs,0.02,20.0,0.001,1.0,0.19483540051879894,0.8928599512539257,0.45033443955224817,0.08686981084306672,1.9723500912585052
baseline,9.52,9520,0.0,abs,0.02,20.0,0.001,1.0,0.21497456254019143,0.8739846809407906,0.4859534725473463,0.12710624318045408,3.338551767162862
baseline,9.540000000000001,9540,0.0,abs,0.02,20.0,0.001,1.0,0.22262930782492804,0.8365806448606525,0.5478437958437923,0.13854790870983727,3.3873687181562815
baseline,9.56,9560,0.0,abs,0.02,20.0,0.001,1.0,0.21815436415702458,0.86281048855469,0.5055275075008453,0.14090600136079973,3.3079697510767687
baseline,9.58,9580,0.0,abs,0.02,20.0,0.001,1.0,0.2473160583223509,0.8138518435326039,0.5810724367740927,0.16152098188353736,3.3573840984392476
baseline,9.6,9600,0.0,abs,0.02,20.0,0.001,1.0,0.22675929547926063,0.7973131889190974,0.6035658031860813,0.1722483333909641,3.4186785218261946
baseline,9.620000000000001,9620,0.0,abs,0.02,20.0,0.001,1.0,0.2449179243397802,0.8406260565736261,0.5416159460443117,0.1477958847747182,3.341737540182031
baseline,9.64,9640,0.0,abs,0.02,20.0,0.001,1.0,0.21188515537002772,0.6888926228738185,0.7248634037872452,0.2026324219475649,3.41282412184043
baseline,9.66,9660,0.0,abs,0.02,20.0,0.001,1.0,0.18893501647372055,0.8721889352692535,0.4891691539681202,0.0853441570093456,1.019289084903896
baseline,9.68,9680,0.0,abs,0.02,20.0,0.001,1.0,0.17112475994858906,0.8562883291628072,0.5164981097153869,0.09314197621002411,1.0431642580453904
baseline,9.700000000000001,9700,0.0,abs,0.02,20.0,0.001,1.0,0.18303612154487148,0.8597405018935139,0.5107311126257031,0.09654020109395592,1.0665432959260848
baseline,9.72,9720,0.0,abs,0.02,20.0,0.001,1.0,0.1743300261500254,0.8801058019191476,0.47477760838971145,0.08897435487080961,1.088319622329962
baseline,9.74,9740,0.0,abs,0.02,20.0,0.001,1.0,0.19117416633968004,0.8855588670505983,0.4645271714206401,0.08471529901086909,1.1077932634808398
baseline,9.76,9760,0.0,abs,0.02,20.0,0.001,1.0,0.1846903315267619,0.8846712531227288,0.46621537286779885,0.08818751108970416,1.1260599775035196
baseline,9.78,9780,0.0,abs,0.02,20.0,0.001,1.0,0.18179523504749134,0.8875897197406541,0.4606348764593354,0.09288824214644766,1.143692496310802
baseline,9.8,9800,0.0,abs,0.02,20.0,0.001,1.0,0.1950993255029611,0.8956755633020409,0.4447080899911446,0.08974499365592255,1.1635778922575497
baseline,9.82,9820,0.0,abs,0.02,20.0,0.001,1.0,0.1729233308979903,0.8722437055274083,0.4890714857439717,0.0698319071956261,0.10607129243059177
baseline,9.84,9840,0.0,abs,0.02,20.0,0.001,1.0,0.18628067227531295,0.8924770287946802,0.4510928430753696,0.09012353444522021,1.220246999740663
baseline,9.86,9860,0.0,abs,0.02,20.0,0.001,1.0,0.16831616684168763,0.8901199871051084,0.4557262429968256,0.08897138473451656,1.2444606911636136
baseline,9.88,9880,0.0,abs,0.02,20.0,0.001,1.0,0.18355089284948561,0.8813129711408646,0.47253301143820803,0.1254592846236263,3.1485028679892686
baseline,9.9,9900,0.0,abs,0.02,20.0,0.001,1.0,0.19787209487029975,0.8955495323119972,0.444961835639601,0.11407024877999374,3.185869724122373
baseline,9.92,9920,0.0,abs,0.02,20.0,0.001,1.0,0.17153397833672135,0.8909346967243849,0.45413144151515006,0.09049882948354268,1.301954873453223
baseline,9.94,9940,0.0,abs,0.02,20.0,0.001,1.0,0.20042826250756027,0.8987774204179322,0.4384052332567297,0.12133931626917974,3.1415077933973947
baseline,9.96,9960,0.0,abs,0.02,20.0,0.001,1.0,0.1828612306204848,0.9109189041870485,0.4125854456893341,0.10960866668118004,3.177985523577121
baseline,9.98,9980,0.0,abs,0.02,20.0,0.001,1.0,0.17260976145242093,0.9020566649594897,0.4316176238317468,0.08395144975981819,1.1937304639761805
baseline,10.0,10000,0.0,abs,0.02,20.0,0.001,1.0,0.17275621536221564,0.8884252930459582,0.4590212398965903,0.08684012295063143,1.2162116204159688
baseline,10.02,10020,0.0,abs,0.02,20.0,0.001,1.0,0.16791188708490723,0.8956900475150437,0.4446789165032436,0.08662223218353217,1.246689430088896
baseline,10.040000000000001,10040,0.0,abs,0.02,20.0,0.001,1.0,0.1566884187457887,0.8797844899419583,0.475372749805422,0.09548689373907987,1.2718013515659798
baseline,10.06,10060,0.0,abs,0.02,20.0,0.001,1.0,0.18589942781728652,0.8829445966845464,0.4694771977269649,0.08919324358260297,1.2973190475091734
baseline,10.08,10080,0.0,abs,0.02,20.0,0.001,1.0,0.15708888919171995,0.900354423553968,0.43515734164414804,0.0942441871926665,1.3202239181487307
baseline,10.1,10100,0.0,abs,0.02,20.0,0.001,1.0,0.1866085890720905,0.9048968046171048,0.42563102917169104,0.09344582984557025,1.339304037433763
baseline,10.120000000000001,10120,0.0,abs,0.02,20.0,0.001,1.0,0.1698875099960799,0.9044707324428373,0.4265356891917926,0.09640699859231265,1.3608030336637427
baseline,10.14,10140,0.0,abs,0.02,20.0,0.001,1.0,0.1875763258202758,0.8990840056058004,0.4377761424105122,0.09806238813333759,1.380773261959888
baseline,10.16,10160,0.0,abs,0.02,20.0,0.001,1.0,0.16927138315197995,0.9082117083349672,0.41851104267782524,0.10397463827698718,3.4420502828793573
baseline,10.18,10180,0.0,abs,0.02,20.0,0.001,1.0,0.17939155890205913,0.9153838140187173,0.4025822562316258,0.09047142465935464,1.421275439755469
baseline,10.200000000000001,10200,0.0,abs,0.02,20.0,0.001,1.0,0.1540063249618425,0.788483492674992,0.6150559176034697,0.1289794343050926,3.4124345200257054
baseline,10.22,10220,0.0,abs,0.02,20.0,0.001,1.0,0.16989992286098252,0.899487418911323,0.4369466594680023,0.08868605107116073,3.389758423674458
baseline,10.24,10240,0.0,abs,0.02,20.0,0.001,1.0,0.18739980975603585,0.894167224909803,0.4477331503218204,0.0720136667110537,3.3856782807648003
baseline,10.26,10260,0.0,abs,0.02,20.0,0.001,1.0,0.18209651607405386,0.902547722135535,0.430589838788559,0.09351505997204596,1.618387910485275
baseline,10.28,10280,0.0,abs,0.02,20.0,0.001,1.0,0.17810676735618755,0.6722333791647674,0.7403393032500153,0.12224534679846316,3.4306568299747404
baseline,10.3,10300,0.0,abs,0.02,20.0,0.001,1.0,0.18387118215103077,0.8935687228409518,0.44892642778120095,0.09615994469892397,1.6669801288196027
baseline,10.32,10320,0.0,abs,0.02,20.0,0.001,1.0,0.16312157123756513,0.8143669106185752,0.580350355293729,0.09573149120394014,3.4432383137584424
baseline,10.34,10340,0.0,abs,0.02,20.0,0.001,1.0,0.17410005694494704,0.9071798063193572,0.4207431508728021,0.09908865816304493,1.7198439216108987
baseline,10.36,10360,0.0,abs,0.02,20.0,0.001,1.0,0.18610966000266435,0.7269903640179767,0.6866476611953248,0.10901637864592092,3.4028055965682036
baseline,10.38,10380,0.0,abs,0.02,20.0,0.001,1.0,0.17417460622333605,0.7109847816242025,0.7032073949403441,0.13044186804221083,0.05421193755541154
baseline,10.4,10400,0.0,abs,0.02,20.0,0.001,1.0,0.1715728641241276,0.9099087911987436,0.4148083794949682,0.09795067090038691,1.7913266098681504
baseline,10.42,10420,0.0,abs,0.02,20.0,0.001,1.0,0.16055274114155654,0.9237009113797479,0.3831143775900657,0.08827528830046405,1.820757411305518
baseline,10.44,10440,0.0,abs,0.02,20.0,0.001,1.0,0.17962217794184826,0.837397352091601,0.5465946164297403,0.07597323439131758,3.4651876309087015
baseline,10.46,10460,0.0,abs,0.02,20.0,0.001,1.0,0.16128819337991698,0.9146439677320441,0.4042603273775246,0.09152365699432173,1.6884624132922106
baseline,10.48,10480,0.0,abs,0.02,20.0,0.001,1.0,0.19863006854115345,0.9146512670907037,0.40424381208544224,0.09465947514841552,1.931325966636031
baseline,10.5,10500,0.0,abs,0.02,20.0,0.001,1.0,0.16324595838045722,0.7371661870224789,0.6757114862948087,0.0872674264151441,3.392809225706717
baseline,10.52,10520,0.0,abs,0.02,20.0,0.001,1.0,0.18417045111389996,0.8342281908772352,0.5514193735676096,0.0736259379478424,3.3897746997812916
baseline,10.540000000000001,10540,0.0,abs,0.02,20.0,0.001,1.0,0.1571879202191467,0.94005855622352,0.34101306554287764,0.08663839532513329,1.8592265101111956
baseline,10.56,10560,0.0,abs,0.02,20.0,0.001,1.0,0.17591620518561665,0.7685625048419606,0.6397747073392721,0.093018836248287,3.3958506651597986
baseline,10.58,10580,0.0,abs,0.02,20.0,0.001,1.0,0.15696782603428175,0.8743998058764073,0.4852061206160751,0.0685032885285666,3.398137350509696
baseline,10.6,10600,0.0,abs,0.02,20.0,0.001,1.0,0.1834285628253202,0.7740893509076583,0.6330763593843642,0.0882557656397461,3.463209351464201
baseline,10.620000000000001,10620,0.0,abs,0.02,20.0,0.001,1.0,0.17809441619858007,0.897340328899872,0.44133925061098905,0.11451183098941703,1.9452246286900383
baseline,10.64,10640,0.0,abs,0.02,20.0,0.001,1.0,0.19055861220862436,0.9304973832986991,0.36629853900100895,0.09707241568274289,2.4097832989848342
baseline,10.66,10660,0.0,abs,0.02,20.0,0.001,1.0,0.18350455382601868,0.9144974548533837,0.404591652245426,0.061810796834668565,0.22126993503165338
baseline,10.68,10680,0.0,abs,0.02,20.0,0.001,1.0,0.1779714702153381,0.9079454488648872,0.4190883700194251,0.06782456647068195,0.23353983331596595
baseline,10.700000000000001,10700,0.0,abs,0.02,20.0,0.001,1.0,0.18013884002448016,0.9026583862288292,0.43035780203310575,0.06354364930877181,0.2431728150283412
baseline,10.72,10720,0.0,abs,0.02,20.0,0.001,1.0,0.16115251428347674,0.9185324652149829,0.39534555814639727,0.06927967677219363,3.3238561343872775
baseline,10.74,10740,0.0,abs,0.02,20.0,0.001,1.0,0.16898528380584418,0.89493432725753,0.4461978819942025,0.0672861905050656,0.2703969842762355
baseline,10.76,10760,0.0,abs,0.02,20.0,0.001,1.0,0.17505643494309178,0.8893961733813867,0.4571372296964513,0.06978773094770063,0.2815383333979078
baseline,10.78,10780,0.0,abs,0.02,20.0,0.001,1.0,0.20275986702934182,0.8700221049205316,0.49301271479511355,0.09289065212046545,3.2620880757885935
baseline,10.8,10800,0.0,abs,0.02,20.0,0.001,1.0,0.16206895968040938,0.8898394821159451,0.45627370740338186,0.11953405983585397,2.3399873481724
baseline,10.82,10820,0.0,abs,0.02,20.0,0.001,1.0,0.17922986108273556,0.9026226780183959,0.43043269058808614,0.09407015777698789,1.2204199619808236
baseline,10.84,10840,0.0,abs,0.02,20.0,0.001,1.0,0.1502570225935907,0.9008907649243301,0.4340458842957222,0.08007642160824359,3.4486496224063465
baseline,10.86,10860,0.0,abs,0.02,20.0,0.001,1.0,0.16781653669520868,0.9029514255168992,0.4297426243194871,0.09439168483846966,1.274803843088069
baseline,10.88,10880,0.0,abs,0.02,20.0,0.001,1.0,0.18027537866761026,0.9078475006370219,0.41930050749684583,0.10133296674851522,2.1453733487191897
baseline,10.9,10900,0.0,abs,0.02,20.0,0.001,1.0,0.16659819130766332,0.9334064709557408,0.35882079089421487,0.09933321097435102,2.05607927231587
baseline,10.92,10920,0.0,abs,0.02,20.0,0.001,1.0,0.19243420598409688,0.9127272090232564,0.4085695068267046,0.1000944408006837,2.3347138110437093
baseline,10.94,10940,0.0,abs,0.02,20.0,0.001,1.0,0.20990355612360476,0.849057625862324,0.5283002441462941,0.12969581828159585,3.4359759129200462
baseline,10.96,10960,0.0,abs,0.02,20.0,0.001,1.0,0.1762989990873506,0.9092990470795083,0.4161432962097293,0.10548267617793967,2.1770998465778
baseline,10.98,10980,0.0,abs,0.02,20.0,0.001,1.0,0.18036369767029028,0.8791386672137664,0.47656605398370816,0.10433687881452627,3.4259457879244444
baseline,11.0,11000,0.0,abs,0.02,20.0,0.001,1.0,0.17801009281626695,0.9373886042491225,0.3482852345763199,0.09224469454428219,2.425589575363709
baseline,11.02,11020,0.0,abs,0.02,20.0,0.001,1.0,0.17078953336196714,0.9245960442680918,0.3809490187988368,0.08101474497040308,2.9154145136291874
baseline,11.040000000000001,11040,0.0,abs,0.02,20.0,0.001,1.0,0.16587590679759942,0.9185921416895926,0.3952068790217691,0.08135717138306026,2.9432707740115944
baseline,11.06,11060,0.0,abs,0.02,20.0,0.001,1.0,0.1880036458348779,0.9084948138950903,0.4178961271963711,0.09988752608475922,1.9834657615976212
baseline,11.08,11080,0.0,abs,0.02,20.0,0.001,1.0,0.16504458178735765,0.9297466583927974,0.3681998794234279,0.06121708112230763,0.3019618530505177
baseline,11.1,11100,0.0,abs,0.02,20.0,0.001,1.0,0.18388099829183452,0.7965613902364482,0.6045576495129119,0.11155744633642845,3.428662911717737
baseline,11.120000000000001,11120,0.0,abs,0.02,20.0,0.001,1.0,0.16076926748005532,0.8914024931971338,0.4532125275430208,0.07103074964211249,3.443021907938572
baseline,11.14,11140,0.0,abs,0.02,20.0,0.001,1.0,0.191524904178958,0.8969111375554678,0.44221082226575686,0.09909744528668087,2.4125695601714376
baseline,11.16,11160,0.0,abs,0.02,20.0,0.001,1.0,0.15749607215986125,0.8106722870523296,0.5855001648209378,0.1058370137795383,3.4534343109178067
baseline,11.18,11180,0.0,abs,0.02,20.0,0.001,1.0,0.17912961401106578,0.9062049456893317,0.4228387356997883,0.09484861872282897,2.452957713344656
baseline,11.200000000000001,11200,0.0,abs,0.02,20.0,0.001,1.0,0.17302075357769192,0.87424931020111,0.4854772328471063,0.05891724972354762,3.45911259840371
baseline,11.22,11220,0.0,abs,0.02,20.0,0.001,1.0,0.18147274582905823,0.8298506956251626,0.5579855042655086,0.07224119740344839,3.4644411189151008
baseline,11.24,11240,0.0,abs,0.02,20.0,0.001,1.0,0.17605059462553652,0.890929542770677,0.4541415526225631,0.10187618240860165,2.5479928846313484
baseline,11.26,11260,0.0,abs,0.02,20.0,0.001,1.0,0.17911664855953716,0.8660745114327107,0.4999149334102667,0.11594833518308358,2.5892659523713917
baseline,11.28,11280,0.0,abs,0.02,20.0,0.001,1.0,0.1804086119907622,0.8188550900645442,0.574000297452351,0.0778861679473794,3.433572323881929
baseline,11.3,11300,0.0,abs,0.02,20.0,0.001,1.0,0.1825428025332336,0.8272345484908638,0.5618567448942091,0.08936258051390725,3.4406223517091803
baseline,11.32,11320,0.0,abs,0.02,20.0,0.001,1.0,0.18027620867627023,0.8988858403277746,0.4381828911062482,0.10834909304167199,2.689053301074935
baseline,11.34,11340,0.0,abs,0.02,20.0,0.001,1.0,0.1611275594307506,0.8969548273657008,0.44212219766187444,0.0692667331536633,3.4817582385253516
baseline,11.36,11360,0.0,abs,0.02,20.0,0.001,1.0,0.18697209896254763,0.9140775870510247,0.4055393505579655,0.09379035865103676,2.7422319915662214
baseline,11.38,11380,0.0,abs,0.02,20.0,0.001,1.0,0.1675916982670004,0.9014896551478613,0.4328006488689571,0.1006104692170328,2.7679966939324707
baseline,11.4,11400,0.0,abs,0.02,20.0,0.001,1.0,0.18340027762489336,0.8959798218258141,0.4440947634018921,0.07795294224241109,3.375084212619498
baseline,11.42,11420,0.0,abs,0.02,20.0,0.001,1.0,0.16960434200716898,0.8890176153329169,0.45787299508463447,0.08168640330786137,3.3960665980885167
baseline,11.44,11440,0.0,abs,0.02,20.0,0.001,1.0,0.17729244378675935,0.8744211673946601,0.485167622592604,0.10866955919211208,2.698219982354779
baseline,11.46,11460,0.0,abs,0.02,20.0,0.001,1.0,0.17913108522957005,0.8717906773947779,0.48987857149252206,0.1074461512753182,2.7199189135137374
baseline,11.48,11480,0.0,abs,0.02,20.0,0.001,1.0,0.19062807840100668,0.879177186717482,0.47649498880422,0.1024015558735478,2.7450258234242284
baseline,11.5,11500,0.0,abs,0.02,20.0,0.001,1.0,0.17713159036147813,0.7997113983026543,0.6003846095835682,0.12635304982588025,3.4270444413495724
baseline,11.52,11520,0.0,abs,0.02,20.0,0.001,1.0,0.183730777918353,0.8764626105964988,0.4814699286833706,0.11607858647025869,2.8008115881716975
baseline,11.540000000000001,11540,0.0,abs,0.02,20.0,0.001,1.0,0.16237687395507736,0.8874438717549408,0.4609157997775739,0.10708918499620076,2.8298528738454394
baseline,11.56,11560,0.0,abs,0.02,20.0,0.001,1.0,0.174172711679517,0.8787188189107787,0.47733975037916776,0.10696337225447257,2.858021234765637
baseline,11.58,11580,0.0,abs,0.02,20.0,0.001,1.0,0.19777929304540354,0.8770705311271891,0.48036161735537386,0.11080708917033737,2.884717841192426
baseline,11.6,11600,0.0,abs,0.02,20.0,0.001,1.0,0.1583581529919377,0.8897049003561271,0.4565360777444578,0.10430942171918957,2.915240650666881
baseline,11.620000000000001,11620,0.0,abs,0.02,20.0,0.001,1.0,0.18547792754054213,0.9086444449163291,0.41757067991262997,0.09391387484307068,2.945544468615733
baseline,11.64,11640,0.0,abs,0.02,20.0,0.001,1.0,0.17520471116874353,0.9080170211632042,0.41893327544837167,0.0974382323892996,2.971505029145497
baseline,11.66,11660,0.0,abs,0.02,20.0,0.001,1.0,0.17638935453589172,0.9116195726242233,0.4110349800302015,0.08054161960372608,3.3945379658153847
baseline,11.68,11680,0.0,abs,0.02,20.0,0.001,1.0,0.15584861598769978,0.9350509674126591,0.35451331193715424,0.08157569599632304,3.0863190804386917
baseline,11.700000000000001,11700,0.0,abs,0.02,20.0,0.001,1.0,0.1765634842487269,0.9159976675076669,0.4011835902931645,0.09370513070380344,3.1087426037512778
baseline,11.72,11720,0.0,abs,0.02,20.0,0.001,1.0,0.18477228513411853,0.8846883720119078,0.46618288731668434,0.10004584067777673,3.436756266830475
baseline,11.74,11740,0.0,abs,0.02,20.0,0.001,1.0,0.1806418662764677,0.8925557366629029,0.45093708757446754,0.1103979232808822,1.0809603400789847
baseline,11.76,11760,0.0,abs,0.02,20.0,0.001,1.0,0.18937692507901038,0.864052011953903,0.5034025433372503,0.10229018917257747,3.4089401166486013
baseline,11.78,11780,0.0,abs,0.02,20.0,0.001,1.0,0.1911969699006111,0.8720071038923548,0.48949321829956743,0.11369760556162624,1.1705367097575383
baseline,11.8,11800,0.0,abs,0.02,20.0,0.001,1.0,0.15249244213417745,0.8945502862881404,0.4469673201720749,0.09397595269550375,3.020120814982036
baseline,11.82,11820,0.0,abs,0.02,20.0,0.001,1.0,0.15846181979459847,0.8703743705636333,0.4923905513573133,0.10232415718970918,3.104221237161976
baseline,11.84,11840,0.0,abs,0.02,20.0,0.001,1.0,0.17207756047317105,0.8637175716485936,0.5039761466830117,0.10544882170130226,3.131413627929195
baseline,11.86,11860,0.0,abs,0.02,20.0,0.001,1.0,0.17430370030399397,0.8701099372696238,0.4928576843924127,0.10409160685154875,3.1588592346143685
baseline,11.88,11880,0.0,abs,0.02,20.0,0.001,1.0,0.21722323337028787,0.8518055167807289,0.5238581502486296,0.12521543829883588,3.43076629726259
baseline,11.9,11900,0.0,abs,0.02,20.0,0.001,1.0,0.16246184803170816,0.9033688179128243,0.42886452269077535,0.1037785294306002,3.205165741531509
baseline,11.92,11920,0.0,abs,0.02,20.0,0.001,1.0,0.18662843465503756,0.8914404078661574,0.45313794723397294,0.10277145763870409,3.4003167582406775
baseline,11.94,11940,0.0,abs,0.02,20.0,0.001,1.0,0.16578558947064834,0.8330789256042235,0.5531541410078321,0.12397942778425299,3.4308364408683616
baseline,11.96,11960,0.0,abs,0.02,20.0,0.001,1.0,0.1775999470089373,0.9010988708446022,0.4336136817059434,0.09700325624221828,3.141352157037012
baseline,11.98,11980,0.0,abs,0.02,20.0,0.001,1.0,0.16776006332005702,0.8854980388197004,0.4646431138481067,0.10864506062299688,3.167821971665745
baseline,12.0,12000,0.0,abs,0.02,20.0,0.001,1.0,0.1892133838126629,0.9030484306513883,0.42953874318629837,0.10330777719180553,3.195789446506133
