step,time,maxabs,minU,maxU,hp_global
0,0.0,1.3333330589075159,0.0,1.3333330589075159,0.0
40,0.01,1.3333277500858565,-1.672053696327536e-06,1.3333277500858565,0.0030393770350196758
80,0.02,1.3333330589024157,-1.5998974858359885e-06,1.3333330589024157,0.006205331807167339
120,0.03,1.3333277500917753,-2.7678056718917096e-06,1.3333277500917753,0.005610728274126409
160,0.04,1.3333330589468024,-3.3168023919768895e-07,1.3333330589468024,0.000637182884132917
200,0.05,1.333327750196616,-1.3442018348154605e-06,1.333327750196616,0.002617860110063628
240,0.06,1.3333330591151493,-1.621423715079286e-06,1.3333330591151493,0.0061475479234727815
280,0.07,1.3333277494933828,-2.773567132484197e-06,1.3333277494933828,0.0056473199289776435
320,0.08,1.333333059956072,-3.2863236994669645e-07,1.333333059956072,0.0006440670960262567
360,0.09,1.3333277484248265,-1.3585751074714495e-06,1.3333277484248265,0.0026528105220861207
400,0.1,1.3333330612232792,-1.6140143172405562e-06,1.3333330612232792,0.00609428847672045
440,0.11,1.3333277479275665,-2.7959137658996935e-06,1.3333277479275665,0.005715344044099411
480,0.12,1.3333330596971014,-3.2739783597784566e-07,1.3333330596971014,0.0007868854579600772
520,0.13,1.3333277498136826,-1.3176539927030844e-06,1.3333277498136826,0.0025209076890384393
560,0.14,1.333333061427145,-1.6520164743796299e-06,1.333333061427145,0.006181986968671548
600,0.15,1.3333277470220142,-2.536571367322017e-06,1.3333277470220142,0.005063381182296023
640,0.16,1.3333330588582983,-3.266578750850678e-07,1.3333330588582983,0.001644877851727474
680,0.17,1.3333277498819534,-1.315800181187216e-06,1.3333277498819534,0.0025888887129597604
720,0.18,1.3333330622526158,-1.7171013420539815e-06,1.3333330622526158,0.006113041451023258
760,0.19,1.333327747312162,-1.9934027675822884e-06,1.333327747312162,0.0036807089801029966
800,0.2,1.3333330594655246,-5.294767122532294e-07,1.3333330594655246,0.0018862590478644643
840,0.21,1.333327749592855,-1.2804386066211768e-06,1.333327749592855,0.0025218965205580338
880,0.22,1.33333306153239,-1.5642847867413845e-06,1.33333306153239,0.005775304876263445
920,0.23,1.3333277472233966,-2.1875191315473873e-06,1.3333277472233966,0.004203934704071512
960,0.24,1.3333330586876015,-1.0187974061619288e-06,1.3333330586876015,0.0023927244706324104
1000,0.25,1.3333277494840383,-6.183860802322554e-07,1.3333277494840383,0.003911157128412172
1040,0.26,1.3333330620667796,-2.2735675659898094e-06,1.3333330620667796,0.008416178608203883
1080,0.27,1.3333277466633042,-3.309815329637327e-06,1.3333277466633042,0.006880804813348627
1120,0.28,1.333333060264584,-2.150951118465643e-06,1.333333060264584,0.0049551374700887146
1160,0.29,1.3333277492196325,-1.7363521282238318e-06,1.3333277492196325,0.007458436236941065
1200,0.3,1.33333306225454,-3.1859611325828926e-06,1.33333306225454,0.011767209776227697
1240,0.31,1.3333277477422503,-4.959761434027466e-06,1.3333277477422503,0.010826066137382438
1280,0.32,1.3333330599401247,-2.799619432672067e-06,1.3333330599401247,0.00929825600679234
1320,0.33,1.3333277490566346,-2.683201754251492e-06,1.3333277490566346,0.011359117833632776
1360,0.34,1.3333330621686552,-4.006891497582129e-06,1.3333330621686552,0.014586608169126472
1400,0.35000000000000003,1.3333277480232555,-5.965649843726101e-06,1.3333277480232555,0.013214488419843422
1440,0.36,1.3333330577084985,-3.5548454380229547e-06,1.3333330577084985,0.012753461389824557
1480,0.37,1.3333277505173518,-2.874864311590267e-06,1.3333277505173518,0.016401044133256732
1520,0.38,1.333333062523278,-5.367533915865407e-06,1.333333062523278,0.019696454891226935
1560,0.39,1.33332774711891,-8.070534023022745e-06,1.33332774711891,0.018574808207234048
1600,0.4,1.3333330547739402,-6.105022086115267e-06,1.3333330547739402,0.018053424159038715
1640,0.41000000000000003,1.333327752643897,-3.202569205921087e-06,1.333327752643897,0.019588897023593756
1680,0.42,1.3333330637508285,-6.154804925672572e-06,1.3333330637508285,0.022627283710990764
1720,0.43,1.333327745393798,-9.173028059628597e-06,1.333327745393798,0.02119707980672324
1760,0.44,1.3333330533733432,-6.837064745282334e-06,1.3333330533733432,0.019421025850990037
1800,0.45,1.3333277539021222,-3.275610171295182e-06,1.3333277539021222,0.019900869258101552
1840,0.46,1.3333330659227247,-6.441255189357211e-06,1.3333330659227247,0.02394157875438096
1880,0.47000000000000003,1.3333277440733158,-9.895115234017572e-06,1.3333277440733158,0.02319337323924717
1920,0.48,1.333333051028584,-7.755951103237335e-06,1.333333051028584,0.021353270752575048
1960,0.49,1.333327756385944,-3.531825626458743e-06,1.333327756385944,0.021358542527371342
2000,0.5,1.3333330679786,-6.892715279398942e-06,1.3333330679786,0.025755324024379994
2040,0.51,1.3333277417569542,-1.1416768596166906e-05,1.3333277417569542,0.027854472386060182
2080,0.52,1.3333330507153138,-1.0775066257727106e-05,1.3333330507153138,0.02792834101791301
2120,0.53,1.3333277579148008,-4.79624826646065e-06,1.3333277579148008,0.02967547888681022
2160,0.54,1.3333330690379617,-9.304327796768266e-06,1.3333330690379617,0.03501331367731933
2200,0.55,1.3333277417292784,-1.5177088492948436e-05,1.3333277417292784,0.03688548520656932
2240,0.56,1.333333049350436,-1.549095365798325e-05,1.333333049350436,0.03773123855714367
2280,0.5700000000000001,1.3333277590462695,-6.413164957849611e-06,1.3333277590462695,0.041161897832995314
2320,0.58,1.33333306929228,-1.2441153386350023e-05,1.33333306929228,0.04736945603750769
2360,0.59,1.3333277422810872,-2.050386967147914e-05,1.3333277422810872,0.049977559407457
2400,0.6,1.333333048052202,-2.3257714265576482e-05,1.333333048052202,0.05404158112042544
2440,0.61,1.3333277589620458,-1.2108039018646695e-05,1.3333277589620458,0.06053775167658239
2480,0.62,1.3333330737122884,-1.727318205637001e-05,1.3333330737122884,0.06696411951395646
2520,0.63,1.333327739128567,-2.9266531432128298e-05,1.333327739128567,0.07120769691042036
2560,0.64,1.3333330453644816,-3.506628474341654e-05,1.3333330453644816,0.0782546834718303
2600,0.65,1.3333277608638894,-2.5663831342008758e-05,1.3333277608638894,0.0864658170243923
2640,0.66,1.333333078747684,-2.229801185258056e-05,1.333333078747684,0.08994155369271752
2680,0.67,1.3333277354248867,-3.903697313857508e-05,1.3333277354248867,0.09525190335507011
2720,0.68,1.3333330401088233,-4.9114005613064705e-05,1.3333330401088233,0.10704191757251835
2760,0.6900000000000001,1.3333277630631837,-4.190417280461674e-05,1.3333277630631837,0.11696655083585508
2800,0.7000000000000001,1.333333088395215,-2.578412606410909e-05,1.333333088395215,0.11116823538932452
2840,0.71,1.333327728531877,-4.653367447220077e-05,1.333327728531877,0.11530936336329461
2880,0.72,1.333333031537067,-6.107469157946358e-05,1.333333031537067,0.13207021807288988
2920,0.73,1.3333277679856512,-5.698653263514115e-05,1.3333277679856512,0.14566215531312493
2960,0.74,1.3333331013364291,-2.8707310350466763e-05,1.3333331013364291,0.13283572466544974
3000,0.75,1.3333277195469537,-5.4335266455966036e-05,1.3333277195469537,0.13791569455389793
3040,0.76,1.3333330188029118,-7.49428893710347e-05,1.3333330188029118,0.16131659471988166
3080,0.77,1.3333277753416728,-7.679373386262884e-05,1.3333277753416728,0.18344752481644044
3120,0.78,1.3333331176350853,-4.130742288671946e-05,1.3333331176350853,0.17137787300575358
3160,0.79,1.3333277093928833,-6.078827916032753e-05,1.3333277093928833,0.1631635633569666
3200,0.8,1.3333330042204863,-8.950004402542108e-05,1.3333330042204863,0.19339601320957778
3240,0.81,1.3333277793705403,-9.946247010786612e-05,1.3333277793705403,0.22759127251083464
3280,0.8200000000000001,1.3333331367079966,-7.032085130081094e-05,1.3333331367079966,0.2224698958945103
3320,0.8300000000000001,1.3333277029400004,-6.641337006226863e-05,1.3333277029400004,0.19583647150188196
3360,0.84,1.3333329871563515,-0.00010782002706515062,1.3333329871563515,0.23529245253497588
3400,0.85,1.333327778636669,-0.00012972872647056292,1.333327778636669,0.28700257808672824
3440,0.86,1.3333331606497008,-0.00011649481418959324,1.3333331606497008,0.3031898813225353
3480,0.87,1.333327698988872,-6.092665411605779e-05,1.333327698988872,0.23539700177681736
3520,0.88,1.3333329632472901,-0.00012107204544817584,1.3333329632472901,0.27573868262571344
3560,0.89,1.3333277775226846,-0.00015352647397048072,1.3333277775226846,0.3430036144477842
3600,0.9,1.3333331907159627,-0.00014640044971330846,1.3333331907159627,0.3649052523951007
3640,0.91,1.3333277038745055,-8.064346024755165e-05,1.3333277038745055,0.28929869783074835
3680,0.92,1.3333329246173427,-0.00016011855337468158,1.3333329246173427,0.3572475772045014
3720,0.93,1.3333277718604224,-0.00024050911000731952,1.3333277718604224,0.49932301808885793
3760,0.9400000000000001,1.33333322003367,-0.00047140610410381157,1.33333322003367,0.9030059481647363
3800,0.9500000000000001,1610703.3712404268,-1321476.0984505215,1610703.3712404268,2253709324.3263345
3840,0.96,49065789.56378175,-42444233.8293625,49065789.56378175,64345175254.68959
3880,0.97,39894719.03786305,-39894719.03786305,25925678.34656913,49728792846.208885
3920,0.98,50761254.02296583,-50761254.02296583,33641121.580274545,63355411533.280945
3960,0.99,98190435.33470361,-96983966.7341112,98190435.33470361,124328748852.18314
4000,1.0,100379692.43175791,-34443057.73168871,100379692.43175791,125471977116.70473
4040,1.01,75994312.11695199,-69055999.28890055,75994312.11695199,95068906856.60417
4080,1.02,18205019.204006866,-7522158.894531269,18205019.204006866,22769904477.3554
4120,1.03,7623093.422616564,-6377157.776983667,7623093.422616564,10307033441.084621
4160,1.04,23688158.454036664,-21517264.2296798,23688158.454036664,29547508779.17789
4200,1.05,185353507.50576565,-95043032.20109193,185353507.50576565,231807622308.76617
4240,1.06,81038808.22583194,-77014418.55537485,81038808.22583194,101018618692.54318
4280,1.07,26026612.794023022,-24853301.701296233,26026612.794023022,32070839535.907036
4320,1.08,442581847.8502425,-442581847.8502425,101991515.10294268,556592757877.1555
4360,1.09,21319662.081680063,-15605979.809322085,21319662.081680063,27655250997.520855
4400,1.1,11661836.21923136,-10115637.305878744,11661836.21923136,14575194851.899887
4440,1.11,11396133.131943166,-11396133.131943166,10396044.426731579,15669545353.882467
4480,1.12,16617977.291936712,-16617977.291936712,10522431.406719873,20705864246.005466
4520,1.1300000000000001,18014457.41303635,-18014457.41303635,8442583.906694964,23016323325.200485
4560,1.1400000000000001,14422775.008606926,-11254380.757328559,14422775.008606926,17837894060.14363
4600,1.1500000000000001,15882119.935781706,-15882119.935781706,11193406.567095881,19721104543.748425
4640,1.16,7762949.738949377,-7762949.738949377,7140785.185203432,9625613824.432991
4680,1.17,19635313.807955038,-18259962.146016944,19635313.807955038,24501862154.89715
4720,1.18,18888332.57271167,-18888332.57271167,14008025.671761911,21962729666.02242
4760,1.19,27180923.00639335,-27180923.00639335,12397113.021761715,34448999001.54976
4800,1.2,68490522.58457775,-60643940.14796892,68490522.58457775,85407740099.89131
4840,1.21,28470917.577066574,-13227466.268148959,28470917.577066574,36101286340.8533
4880,1.22,20562103.16498544,-20562103.16498544,14925060.3678039,23193928506.802467
4920,1.23,11251321.190243633,-10006977.470263075,11251321.190243633,14614315520.664825
4960,1.24,8220021.742128715,-6911595.948480744,8220021.742128715,10258549763.525675
5000,1.25,48150141.18885567,-27509695.57891801,48150141.18885567,60227552384.139244
5040,1.26,225644602.44031283,-225644602.44031283,145065410.1151002,276929304275.77704
5080,1.27,219635178.14128917,-219635178.14128917,191459437.48779964,275843310959.7614
5120,1.28,10360396.832987199,-10360396.832987199,9635563.127076047,12819371056.937172
5160,1.29,34504582.88723968,-19057680.89091875,34504582.88723968,43646181474.987526
5200,1.3,123985896.10213414,-123985896.10213414,122856697.13715258,153591854891.24686
5240,1.31,30589337.55481915,-30589337.55481915,16496921.09270636,38176031291.24064
5280,1.32,16220154.552092526,-12753541.25688836,16220154.552092526,20553186336.59037
5320,1.33,28304438.73460519,-28304438.73460519,19943737.58506956,35368927611.87487
5360,1.34,33261355.152663846,-33261355.152663846,22080576.731741875,41605831602.26287
5400,1.35,319292556.7204526,-319292556.7204526,295088596.2063942,392067745614.3935
5440,1.36,9989504.639830796,-9989504.639830796,9671623.723932344,12294037578.831438
5480,1.37,133315274.09732896,-129218431.55494243,133315274.09732896,181464251646.9378
5520,1.3800000000000001,215054789.37784287,-87755854.15839152,215054789.37784287,267534959131.3635
5560,1.3900000000000001,8914972.572774973,-8914972.572774973,7415936.1116872635,10907442463.228245
5600,1.4000000000000001,124074075.10396188,-124074075.10396188,67465898.27989322,156614730779.35617
5640,1.41,489305423.75387275,-489305423.75387275,304965906.45942205,617909408688.46
5680,1.42,6235887.291812682,-5964660.293821969,6235887.291812682,7832110052.098967
5720,1.43,267666766.22734338,-267666766.22734338,88753619.53283873,334571448203.1677
5760,1.44,85033650.32030219,-85033650.32030219,63020331.70774804,105836094339.96918
5800,1.45,19551219.629178956,-19551219.629178956,15493852.889395835,22922491952.891605
5840,1.46,123500148.6864397,-78836275.06367631,123500148.6864397,152444206676.5291
5880,1.47,19791521.94602415,-19791521.94602415,19597348.078612003,25191765653.776096
5920,1.48,1114548244.6672564,-608744564.8753299,1114548244.6672564,1405794907771.632
5960,1.49,582568725.2490095,-256049536.644392,582568725.2490095,730406813243.7363
6000,1.5,39913077.31367706,-15679572.701522367,39913077.31367706,50156937248.46946
6040,1.51,473847839.73163795,-309501792.9866554,473847839.73163795,596441821582.6527
6080,1.52,44131357.587182835,-44131357.587182835,32201881.688234963,58220777524.62612
6120,1.53,400312606.661361,-263245192.78454816,400312606.661361,492700195943.9845
6160,1.54,289262248.09946305,-289262248.09946305,219707395.3103083,325991080443.91003
6200,1.55,160055162.67760777,-160055162.67760777,140156966.17649817,201146371664.01068
6240,1.56,55050831.30866574,-55050831.30866574,54092293.36402199,67190888497.16185
6280,1.57,24721628.234088544,-24721628.234088544,16541716.61302593,30898048713.200626
6320,1.58,28702561.67948053,-19727259.600649193,28702561.67948053,34354763787.6869
6360,1.59,585355412.7351923,-578267119.9130836,585355412.7351923,722835892368.0377
6400,1.6,64576466.32438789,-64576466.32438789,38342697.42944175,80325963342.07307
6440,1.61,21706132.0080923,-21706132.0080923,21398721.074949585,26598983658.30108
6480,1.62,37149396.353224225,-37149396.353224225,16408372.773651995,42869766872.456825
6520,1.6300000000000001,10254189.227809068,-10254189.227809068,9797368.668567609,12586295949.156189
6560,1.6400000000000001,26820987203.340958,-25392754593.610695,26820987203.340958,32724782093077.164
6600,1.6500000000000001,500291572122.87634,-498868661183.0088,500291572122.87634,813574542531576.5
6640,1.6600000000000001,543111277443.7506,-543111277443.7506,542882433563.6669,745897598437726.9
6680,1.67,108757712170261.2,-106860827378417.81,108757712170261.2,2.2386452468781133e+17
